http://rashodnika.net/1_1_1_25.html;Brother Ремень переноса;OP-1CL
http://rashodnika.net/1_1_1_31.html;Brother Тонер-картридж черный;TN-01BK
http://rashodnika.net/1_1_1_32.html;Brother Тонер-картридж голубой;TN-01C
http://rashodnika.net/1_1_1_33.html;Brother Тонер-картридж пурпурный;TN-01M
http://rashodnika.net/1_1_1_34.html;Brother Тонер-картридж желтый;TN-01Y
http://rashodnika.net/1_1_1_95.html;Brother Контейнер для отработанного тонера;WT-1CL
http://rashodnika.net/1_1_1_21.html;Brother Масло фьюзерное;FO-2CL
http://rashodnika.net/1_1_1_26.html;Brother Ремень переноса;OP-2CL
http://rashodnika.net/1_1_1_35.html;Brother Тонер-картридж черный;TN-02BK
http://rashodnika.net/1_1_1_36.html;Brother Тонер-картридж голубой;TN-02C
http://rashodnika.net/1_1_1_37.html;Brother Тонер-картридж пурпурный;TN-02M
http://rashodnika.net/1_1_1_38.html;Brother Тонер-картридж желтый;TN-02Y
http://rashodnika.net/1_1_1_97.html;Brother Контейнер для отработанного тонера;WT-2CL
http://rashodnika.net/1_1_1_27.html;Brother Ремень переноса ;OP-3CL
http://rashodnika.net/1_1_1_39.html;Brother Тонер-картридж черный;TN-03BK
http://rashodnika.net/1_1_1_40.html;Brother Тонер-картридж голубой;TN-03C
http://rashodnika.net/1_1_1_41.html;Brother Тонер-картридж пурпурный;TN-03M
http://rashodnika.net/1_1_1_42.html;Brother Тонер-картридж желтый;TN-03Y
http://rashodnika.net/1_1_1_98.html;Brother Контейнер для отработанного тонера ;WT-3CL
http://rashodnika.net/1_1_1_23.html;Brother Узел термозакрепления (Печка);FP-4CL
http://rashodnika.net/1_1_1_28.html;Brother Ремень переноса ;OP-4CL
http://rashodnika.net/1_1_1_43.html;Brother Тонер-картридж черный;TN-04BK
http://rashodnika.net/1_1_1_44.html;Brother Тонер-картридж голубой;TN-04C
http://rashodnika.net/1_1_1_45.html;Brother Тонер-картридж пурпурный;TN-04M
http://rashodnika.net/1_1_1_46.html;Brother Тонер-картридж желтый;TN-04Y
http://rashodnika.net/1_1_1_99.html;Brother Контейнер для отработанного тонера ;WT-4CL
http://rashodnika.net/1_1_1_29.html;Brother Блок фотобарабана ;PH-11CL
http://rashodnika.net/1_1_1_48.html;Brother Тонер-картридж черный;TN-11BK
http://rashodnika.net/1_1_1_49.html;Brother Тонер-картридж голубой;TN-11C
http://rashodnika.net/1_1_1_50.html;Brother Тонер-картридж пурпурный;TN-11M
http://rashodnika.net/1_1_1_51.html;Brother Тонер-картридж желтый;TN-11Y
http://rashodnika.net/1_1_1_93.html;Brother Ролик переноса ;TR-11CL
http://rashodnika.net/brother-dr-12.html;Brother Блок фотобарабана;DR-12
http://rashodnika.net/1_1_1_22.html;Brother Узел термозакрепления (Печка);FP-12CL
http://rashodnika.net/1_1_1_30.html;Brother  Блок фотобарабана ;PH-12CL
http://rashodnika.net/1_1_1_53.html;Brother Тонер-картридж черный;TN-12BK
http://rashodnika.net/1_1_1_54.html;Brother Тонер-картридж голубой;TN-12C
http://rashodnika.net/1_1_1_55.html;Brother Тонер-картридж пурпурный;TN-12M
http://rashodnika.net/1_1_1_56.html;Brother Тонер-картридж желтый;TN-12Y
http://rashodnika.net/brother-tn-13.html;Brother Тонер-картридж черный (3K);TN-13
http://rashodnika.net/brother-tn-14.html;Brother Тонер-картридж черный (4.5K);TN-14
http://rashodnika.net/1_1_1_1.html;Brother Ремень переноса изображения;BU-100CL
http://rashodnika.net/1_1_1_3.html;Brother Блок фотобарабана;DR-100
http://rashodnika.net/1_1_1_47.html;Brother Тонер-картридж черный;TN-100
http://rashodnika.net/1_1_1_94.html;Brother Контейнер для отработанного тонера;WT-100CL
http://rashodnika.net/1_1_1_5.html;Brother Блок фотобарабана;DR-130CL
http://rashodnika.net/1_1_1_57.html;Brother Тонер-картридж черный;TN-130BK
http://rashodnika.net/1_1_1_58.html;Brother Тонер-картридж голубой;TN-130C
http://rashodnika.net/1_1_1_59.html;Brother Тонер-картридж пурпурный;TN-130M
http://rashodnika.net/1_1_1_60.html;Brother Тонер-картридж желтый;TN-130Y
http://rashodnika.net/1_1_1_61.html;Brother Тонер-картридж черный;TN-135BK
http://rashodnika.net/1_1_1_62.html;Brother Тонер-картридж голубой;TN-135C
http://rashodnika.net/1_1_1_63.html;Brother Тонер-картридж пурпурный;TN-135M
http://rashodnika.net/1_1_1_64.html;Brother Тонер-картридж желтый;TN-135Y
http://rashodnika.net/1_1_1_2.html;Brother Ремень переноса изображения;BU-200CL
http://rashodnika.net/1_1_1_6.html;Brother Блок фотобарабана;DR-200
http://rashodnika.net/1_1_1_66.html;Brother Тонер-картридж черный;TN-200
http://rashodnika.net/1_1_1_96.html;Brother Контейнер для отработанного тонера;WT-200CL
http://rashodnika.net/brother-dr-213cl.html;Brother Комплект блоков фотобарабана CMYK;DR-213CL
http://rashodnika.net/brother-tn-213-black.html;Brother Тонер-картридж черный (1.4K);TN-213Bk
http://rashodnika.net/brother-tn-213-cyan.html;Brother Тонер-картридж голубой (1.3K);TN-213C
http://rashodnika.net/brother-tn-213-magenta%20.html;Brother Тонер-картридж пурпурный (1.3K);TN-213M
http://rashodnika.net/brother-tn-213-yellow%20.html;Brother Тонер-картридж желтый (1.3K);TN-213Y
http://rashodnika.net/brother-tn-217-black.html;Brother Тонер-картридж черный (3K);TN-217Bk
http://rashodnika.net/brother-tn-217-cyan.html;Brother Тонер-картридж голубой (2.3K);TN-217C
http://rashodnika.net/brother-tn-217-magenta.html;Brother Тонер-картридж пурпурный (2.3K);TN-217M
http://rashodnika.net/brother-tn-217-yellow.html;Brother Тонер-картридж желтый (2.3K);TN-217Y
http://rashodnika.net/BrBU-220CL.html;Brother Ремень переноса изображения;BU-220CL
http://rashodnika.net/BrWT-220CL.html;Brother Контейнер для отработанного тонера;WT-220CL
http://rashodnika.net/brother-bu-223cl.html;Brother Ремень переноса изображения;BU-223CL
http://rashodnika.net/1_1_1_11.html;Brother Комплект фотобарабанов CMYK;DR-230CL
http://rashodnika.net/1_1_1_73.html;Brother Тонер-картридж черный;TN-230Bk
http://rashodnika.net/1_1_1_74.html;Brother Тонер-картридж голубой;TN-230C
http://rashodnika.net/1_1_1_75.html;Brother Тонер-картридж пурпурный;TN-230M
http://rashodnika.net/1_1_1_76.html;Brother Тонер-картридж желтый;TN-230Y
http://rashodnika.net/BrDR-241CL.html;Brother Набор фотобарабанов CMYK;DR-241CL
http://rashodnika.net/BrTN-241BK.html;Brother Тонер-картридж черный (2500 стр.);TN-241BK
http://rashodnika.net/BrTN-241C.html;Brother Тонер-картридж голубой (1400 стр.);TN-241C
http://rashodnika.net/BrTN-241M.html;Brother Тонер-картридж пурпурный (1400 стр.);TN-241M
http://rashodnika.net/BrTN-241Y.html;Brother Тонер-картридж желтый (1400 стр.);TN-241Y
http://rashodnika.net/BrTN-245C.html;Brother Тонер-картридж голубой (2200 стр.);TN-245C
http://rashodnika.net/BrTN-245M.html;Brother Тонер-картридж пурпурный (2200 стр.);TN-245M
http://rashodnika.net/BrTN-245Y.html;Brother Тонер-картридж желтый (2200 стр.);TN-245Y
http://rashodnika.net/BrBU-300CL.html;Brother Ремень переноса изображения;BU-300CL
http://rashodnika.net/1_1_1_12.html;Brother Блок фотобарабана;DR-300
http://rashodnika.net/1_1_1_77.html;Brother Тонер-картридж черный;TN-300
http://rashodnika.net/BrWT-300CL.html;Brother Контейнер для отработанного тонера;WT-300CL
http://rashodnika.net/BrBU-320CL.html;Brother Ремень переноса изображения;BU-320CL
http://rashodnika.net/BrDR-320CL.html;Brother Блок фотобарабанов CMYK;DR-320CL
http://rashodnika.net/BrTN-320Bk.html;Brother Тонер-картридж черный;TN-320Bk
http://rashodnika.net/BrTN-320C.html;Brother Тонер-картридж голубой;TN-320C
http://rashodnika.net/BrTN-320M.html;Brother Тонер-картридж пурпурный;TN-320M
http://rashodnika.net/BrTN-320Y.html;Brother Тонер-картридж желтый;TN-320Y
http://rashodnika.net/BrWT-320CL.html;Brother Контейнер для отработанного тонера ;WT-320CL
http://rashodnika.net/BrDR-321CL.html;Brother Блок фотобарабанов Bk/C/Y/M;DR-321CL
http://rashodnika.net/BrTN-321BK.html;Brother Тонер-картридж черный (2500 стр.);TN-321BK
http://rashodnika.net/BrTN-321C.html;Brother Тонер-картридж голубой (1500 стр.) ;TN-321C
http://rashodnika.net/BrTN-321M.html;Brother Тонер-картридж пурпурный (1500 стр.);TN-321M
http://rashodnika.net/BrTN-321Y.html;Brother Тонер-картридж желтый (1500 стр.);TN-321Y
http://rashodnika.net/BrTN-325Bk.html;Brother Тонер-картридж черный;TN-325Bk
http://rashodnika.net/BrTN-325C.html;Brother Тонер-картридж голубой;TN-325C
http://rashodnika.net/BrTN-325M.html;Brother Тонер-картридж пурпурный;TN-325M
http://rashodnika.net/BrTN-325Y.html;Brother Тонер-картридж желтый;TN-325Y
http://rashodnika.net/BrTN-326BK.html;Brother Тонер-картридж черный (4000 стр.);TN-326BK
http://rashodnika.net/BrTN-326C.html;Brother Тонер-картридж голубой (3500 стр.);TN-326C
http://rashodnika.net/BrTN-326M.html;Brother Тонер-картридж пурпурный (3500 стр.);TN-326M
http://rashodnika.net/BrTN-326Y.html;Brother Тонер-картридж желтый (3500 стр.);TN-326Y
http://rashodnika.net/brother-dr-421-cl.html;Brother Блок фотобарабана CMYK;DR-421CL
http://rashodnika.net/brother-tn-421-black.html;Brother Тонер-картридж черный (3K);TN-421Bk
http://rashodnika.net/brother-tn-421-cyan.html;Brother Тонер-картридж голубой (1.8K);TN-421C
http://rashodnika.net/brother-tn-421-magenta.html;Brother Тонер-картридж пурпурный (1.8K);TN-421M
http://rashodnika.net/brother-tn-421-yellow.html;Brother Тонер-картридж желтый (1.8K);TN-421Y
http://rashodnika.net/brother-tn-423-black.html;Brother Тонер-картридж черный (6.5K);TN-423Bk
http://rashodnika.net/brother-tn-423-cyan.html;Brother Тонер-картридж голубой (4K);TN-423C
http://rashodnika.net/brother-tn-423-magenta.html;Brother Тонер-картридж пурпурный (4K);TN-423M
http://rashodnika.net/brother-tn-423-yellow.html;Brother Тонер-картридж желтый (4K);TN-423Y
http://rashodnika.net/BrTN-900BK.html;Brother Тонер-картридж черный (6000 стр.);TN-900BK
http://rashodnika.net/BrTN-900C.html;Brother Тонер-картридж голубой (6000 стр.);TN-900C
http://rashodnika.net/BrTN-900M.html;Brother Тонер-картридж пурпурный (6000 стр.) ;TN-900M
http://rashodnika.net/BrTN-900Y.html;Brother Тонер-картридж желтый (6000 стр.);TN-900Y
http://rashodnika.net/brother-tn-910bk-toner.html;Brother Тонер-картридж черный (9000 стр.);TN-910BK
http://rashodnika.net/brother-tn-910c-toner.html;Brother Тонер-картридж голубой (9000 стр.);TN-910C
http://rashodnika.net/brother-tn-910m-toner.html;Brother Тонер-картридж пурпурный (9000 стр.);TN-910M
http://rashodnika.net/brother-tn-910y-toner.html;Brother Тонер-картридж желтый (9000 стр.);TN-910Y
http://rashodnika.net/BrDR-1075.html;Brother Блок фотобарабана;DR-1075
http://rashodnika.net/BrTN-1075.html;Brother Тонер-картридж черный;TN-1075
http://rashodnika.net/BrDR-1095.html;Brother Блок фотобарабана;DR-1095
http://rashodnika.net/BrTN-1095.html;Brother Тонер-картридж черный;TN-1095
http://rashodnika.net/1_1_1_4.html;Brother Блок фотобарабана;DR-1200
http://rashodnika.net/1_1_1_52.html;Brother Тонер-картридж черный;TN-1200
http://rashodnika.net/1_1_1_65.html;Brother Тонер-картридж черный;TN-1700
http://rashodnika.net/1_1_1_7.html;Brother Блок фотобарабана;DR-2075
http://rashodnika.net/1_1_1_67.html;Brother Тонер-картридж черный;TN-2075
http://rashodnika.net/BrDR-2080.html;Brother Блок фотобарабана;DR-2080
http://rashodnika.net/BrTN-2080.html;Brother Тонер-картридж черный;TN-2080
http://rashodnika.net/1_1_1_8.html;Brother Блок фотобарабана;DR-2085
http://rashodnika.net/1_1_1_68.html;Brother Тонер-картридж черный;TN-2085
http://rashodnika.net/BrTN-2090.html;Brother Тонер-картридж  черный;TN-2090
http://rashodnika.net/1_1_1_69.html;Brother Тонер-картридж черный;TN-2135
http://rashodnika.net/1_1_1_9.html;Brother Блок фотобарабана;DR-2175
http://rashodnika.net/1_1_1_70.html;Brother Тонер-картридж увеличенной емкости;TN-2175
http://rashodnika.net/1_1_1_71.html;Brother Тонер-картридж черный (1200 стр.);TN-2235
http://rashodnika.net/1_1_1_10.html;Brother Блок фотобарабана;DR-2275
http://rashodnika.net/1_1_1_72.html;Brother Тонер-картридж черный (2600 стр.);TN-2275
http://rashodnika.net/BrDR-2335.html;Brother Блок фотобарабана;DR-2335
http://rashodnika.net/BrTN-2335.html;Brother Тонер-картридж черный  (1200 стр.);TN-2335
http://rashodnika.net/BrTN-2375.html;Brother Тонер-картридж черный (2600 стр.);TN-2375
http://rashodnika.net/1_1_1_13.html;Brother Блок фотобарабана;DR-3000
http://rashodnika.net/1_1_1_78.html;Brother Тонер-картридж черный;TN-3030
http://rashodnika.net/1_1_1_79.html;Brother Тонер-картридж черный большой емкости;TN-3060
http://rashodnika.net/1_1_1_14.html;Brother Блок фотобарабана;DR-3100
http://rashodnika.net/1_1_1_80.html;Brother Тонер-картридж черный;TN-3130
http://rashodnika.net/1_1_1_81.html;Brother Тонер-картридж черный;TN-3170
http://rashodnika.net/1_1_1_15.html;Brother Блок фотобарабана;DR-3200
http://rashodnika.net/1_1_1_82.html;Brother Тонер-картридж черный;TN-3230
http://rashodnika.net/1_1_1_83.html;Brother Тонер-картридж черный;TN-3280
http://rashodnika.net/BrDR-3300.html;Brother Блок фотобарабана;DR-3300
http://rashodnika.net/BrTN-3330.html;Brother Тонер-картридж черный;TN-3330
http://rashodnika.net/BrTN-3380.html;Brother Тонер-картридж черный;TN-3380
http://rashodnika.net/BrTN-3390.html;Brother Тонер-картридж черный;TN-3390
http://rashodnika.net/BrDR-3400.html;Brother Блок фотобарабана;DR-3400
http://rashodnika.net/BrTN-3430.html;Brother Тонер-картридж черный (3000 стр.);TN-3430
http://rashodnika.net/BrTN-3480.html;Brother Тонер-картридж черный (8000 стр.);TN-3480
http://rashodnika.net/Brother-TN-3512.html;Brother Тонер-картридж черный (12000 стр.);TN-3512
http://rashodnika.net/Brother-TN-3520.html;Brother Тонер-картридж черный (20000 стр.);TN-3520
http://rashodnika.net/1_1_1_16.html;Brother Блок фотобарабана;DR-4000
http://rashodnika.net/1_1_1_84.html;Brother Тонер-картридж черный;TN-4100
http://rashodnika.net/1_1_1_17.html;Brother Блок фотобарабана;DR-5500
http://rashodnika.net/1_1_1_85.html;Brother Тонер-картридж черный;TN-5500
http://rashodnika.net/1_1_1_18.html;Brother Блок фотобарабана;DR-6000
http://rashodnika.net/1_1_1_86.html;Brother Тонер-картридж черный;TN-6300
http://rashodnika.net/1_1_1_87.html;Brother Тонер-картридж увеличенного объема;TN-6600
http://rashodnika.net/1_1_1_19.html;Brother Drum Unit;DR-7000
http://rashodnika.net/1_1_1_88.html;Brother Тонер-картридж черный;TN-7300
http://rashodnika.net/1_1_1_89.html;Brother Тонер-картридж увеличенного объема;TN-7600
http://rashodnika.net/1_1_1_20.html;Brother Блок фотобарабана;DR-8000
http://rashodnika.net/1_1_1_24.html;Brother Узел термозакрепления (печка);FP-8000
http://rashodnika.net/1_1_1_90.html;Brother Тонер-картридж черный;TN-8000
http://rashodnika.net/1_1_1_91.html;Brother Тонер-картридж черный;TN-9000
http://rashodnika.net/1_1_1_92.html;Brother Тонер-картридж черный;TN-9500
http://rashodnika.net/BrLU4104001.html;Brother Узел термозакрепления в сборе 230V;LU4104001
http://rashodnika.net/BrLJ7162001.html;Brother Узел термозакрепления в сборе 220V;LJ7162001
