http://rashodnika.net/Br-TZeFA3.html;Brother Лента для ткани 12 мм. Синий на белом.;TZe-FA3
http://rashodnika.net/Br-TZeSE4.html;Brother Пломбировочная лента шириной 18 мм. Чёрный на белом.;TZe-SE4
http://rashodnika.net/Brother-RDM01E5.html;Brother Рулоны чековой ленты;RD-M01E5
http://rashodnika.net/Br-TZeC31.html;Brother Флуоресцентная лента 12 мм. Чёрный на жёлтом.;TZe-C31
http://rashodnika.net/Br-TZeMQG35.html;Brother Ламинированная лента 12 мм. Белый на желто-зеленом матовом фоне.;TZe-MQG35
http://rashodnika.net/1_1_3_16.html;Brother Термопленка;PC-70
http://rashodnika.net/1_1_3_17.html;Brother Термопленка;PC-71RF
http://rashodnika.net/1_1_3_18.html;Brother 2 термопленки PC-71RF;PC-72RF
http://rashodnika.net/1_1_3_19.html;Brother 4 термопленки PC-71RF;PC-74RF
http://rashodnika.net/1_1_3_20.html;Brother Термопленка;PC-75
http://rashodnika.net/1_1_3_21.html;Brother Термопленка;PC-91
http://rashodnika.net/1_1_3_22.html;Brother 2 термопленки PC-91;PC-92RF
http://rashodnika.net/Brother-DKCL99.html;Brother Чистящие салфетки для принтеров;DK-CL99
http://rashodnika.net/1_1_3_5.html;Brother Термопленка;PC-101
http://rashodnika.net/1_1_3_5_new.html;Brother Термопленка;PC-101
http://rashodnika.net/1_1_3_6.html;Brother 2 термопленки PC-101;PC-102RF
http://rashodnika.net/1_1_3_7.html;Brother 4 термопленки PC-101;PC-104RF
http://rashodnika.net/1_1_3_23.html;Brother Ламинированная лента 6 мм. Чёрный на прозрачном.;TZe-111
http://rashodnika.net/Br-TZe121.html;Brother Ламинированная лента 9 мм. Чёрный на прозрачном.;TZe-121
http://rashodnika.net/Br-TZe131.html;Brother Ламинированная лента 12 мм. Чёрный на прозрачном.;TZe-131
http://rashodnika.net/Br-TZe132.html;Brother Ламинированная лента 12 мм. Красный на прозрачном фоне.;TZe-132
http://rashodnika.net/Br-TZe133.html;Brother Ламинированная лента 12 мм. Синий на прозрачном фоне.;TZe-133
http://rashodnika.net/Br-TZe135.html;Brother Ламинированная лента 12 мм. Белый на прозрачном.;TZe-135
http://rashodnika.net/Br-TZe141.html;Brother Ламинированная лента 18 мм. Чёрный на прозрачном.;TZe-141
http://rashodnika.net/Br-TZe151.html;Brother Ламинированная лента 24 мм. Чёрный на прозрачном.;TZe-151
http://rashodnika.net/Br-TZe161.html;Brother Ламинированная лента 36мм. Чёрный на прозрачном.;TZe-161
http://rashodnika.net/1_1_3_8.html;Brother Термопленка;PC-201
http://rashodnika.net/1_1_3_9.html;Brother 2 термопленки PC-201;PC-202RF
http://rashodnika.net/1_1_3_10.html;Brother 4 термопленки PC-201;PC-204RF
http://rashodnika.net/1_1_3_1.html;Термобумага 210мм;FAX210mm
http://rashodnika.net/Br-TZe211.html;Brother Ламинированная лента 6 мм. Чёрный на белом.;TZe-211
http://rashodnika.net/1_1_3_2.html;Термобумага 216мм;FAX216mm
http://rashodnika.net/Br-TZe221.html;Brother Ламинированная лента 9 мм. Чёрный на белом.;TZe-221
http://rashodnika.net/Br-TZeS221.html;Brother Сверхклейкая лента 9 мм. Чёрный на белом.;TZe-S221
http://rashodnika.net/Br-TZe222.html;Brother Ламинированная лента 9 мм. Красный на белом.;TZe-222
http://rashodnika.net/Br-TZe223.html;Brother Ламинированная лента 9 мм. Синий на белом.;TZe-223
http://rashodnika.net/Br-TZe231.html;Brother Ламинированная лента 12 мм. Чёрный на белом. (8 метров);TZe-231
http://rashodnika.net/Brother-TZe231s.html;Brother Ламинированная лента 12 мм. Чёрный на белом. (4 метра);TZe-231s
http://rashodnika.net/Br-TZeFX231.html;Brother Гибкая лента 12 мм. Чёрный на белом.;TZe-FX231
http://rashodnika.net/Br-TZeN231.html;Brother Неламинированная лента 12 мм. Чёрный на белом.;TZe-N231
http://rashodnika.net/Br-TZeS231.html;Brother Сверхклейкая лента 12 мм. Чёрный на белом.;TZe-S231
http://rashodnika.net/Br-TZe232.html;Brother Ламинированная лента 12 мм. Красный на белом.;TZe-232
http://rashodnika.net/Br-TZe233.html;Brother Ламинированная лента 12 мм. Синий на белом.;TZe-233
http://rashodnika.net/Br-TZe241.html;Brother Ламинированная лента 18 мм. Чёрный на белом.;TZe-241
http://rashodnika.net/Br-TZe251.html;Brother Ламинированная лента 24 мм. Чёрный на белом.;TZe-251
http://rashodnika.net/Br-TZe253.html;Brother Ламинированная лента 24 мм. Синий на белом.;TZe-253
http://rashodnika.net/Br-TZe261.html;Brother Ламинированная лента 36мм. Чёрный на белом.;TZe-261
http://rashodnika.net/1_1_3_11.html;Brother Термопленка;PC-301
http://rashodnika.net/1_1_3_12.html;Brother 2 термопленки PC-301;PC-302RF
http://rashodnika.net/1_1_3_13.html;Brother 4 термопленки PC-301;PC-304RF
http://rashodnika.net/Br-TZe315.html;Brother Ламинированная лента 6 мм. Белый на черном.;TZe-315
http://rashodnika.net/Br-TZe325.html;Brother Ламинированная лента 9 мм. Белый на черном.;TZe-325
http://rashodnika.net/Br-TZe334.html;Brother Ламинированная лента 12 мм. Золотой на черном.;TZe-334
http://rashodnika.net/Br-TZe335.html;Brother Ламинированная лента 12 мм. Белый на чёрном.;TZe-335
http://rashodnika.net/1_1_3_14.html;Brother Термопленка;PC-401
http://rashodnika.net/1_1_3_15.html;Brother 2 термопленки PC-401RF;PC-402RF
http://rashodnika.net/1_1_3_3.html;Brother Термобумага для PocketJet . A4/100.;PA-C410
http://rashodnika.net/1_1_3_4.html;Brother Рулоны термобумаги для PocketJet.;PA-R410
http://rashodnika.net/Br-TZe411.html;Brother Ламинированная лента 6 мм. Чёрный на красном.;TZe-411
http://rashodnika.net/BrPA-C411.html;Brother Термобумага для PocketJet . A4/100.;PA-C411
http://rashodnika.net/BrPA-R411.html;Brother Рулоны термобумаги для PocketJet.;PA-R411
http://rashodnika.net/Br-TZe421.html;Brother Ламинированная лента 9 мм. Чёрный на красном.;TZe-421
http://rashodnika.net/Br-TZe431.html;Brother Ламинированная лента 12 мм. Черный на красном.;TZe-431
http://rashodnika.net/Br-TZe435.html;Brother Ламинированная лента 12 мм. Белый на красном.;TZe-435
http://rashodnika.net/Br-TZe441.html;Brother Ламинированная лента 18 мм. Чёрный на красном.;TZe-441
http://rashodnika.net/Br-TZe451.html;Brother Ламинированная лента 24 мм. Чёрный на красном.;TZe-451
http://rashodnika.net/Br-TZe511.html;Brother Ламинированная лента 6 мм. Черный на синем.;TZe-511
http://rashodnika.net/Br-TZe521.html;Brother Ламинированная лента 9 мм. Черный на синем.;TZe-521
http://rashodnika.net/Br-TZe531.html;Brother Ламинированная лента 12 мм. Черный на синем.;TZe-531
http://rashodnika.net/Br-TZe611.html;Brother Ламинированная лента 6 мм. Черный на желтом.;TZe-611
http://rashodnika.net/Br-TZe621.html;Brother Ламинированная лента 9 мм. Черный на желтом.;TZe-621
http://rashodnika.net/Br-TZe631.html;Brother Ламинированная лента 12 мм. Черный на желтом.;TZe-631
http://rashodnika.net/Br-TZe641.html;Brother Ламинированная лента 18 мм. Чёрный на желтом.;TZe-641
http://rashodnika.net/Br-TZe651.html;Brother Ламинированная лента 24 мм. Чёрный на желтом.;TZe-651
http://rashodnika.net/Br-TZe721.html;Brother Ламинированная лента 9 мм. Черный на зеленом.;TZe-721
http://rashodnika.net/Br-TZe731.html;Brother Ламинированная лента 12 мм. Черный на зеленом.;TZe-731
http://rashodnika.net/Br-TZe741.html;Brother Ламинированная лента 18 мм. Чёрный на зеленом.;TZe-741
http://rashodnika.net/Br-TZe751.html;Brother Ламинированная лента 24 мм. Чёрный на зеленом.;TZe-751
http://rashodnika.net/Br-HGE251V5.html;Brother Ламинированная лента 24 мм. Чёрный на белом.;HGE-251V5
http://rashodnika.net/Br-HGE261V5.html;Brother Высококачественная лента шириной 36 мм. Чёрный на белом.;HGE-261V5
http://rashodnika.net/Brother-DK11201.html;Brother Стандартные адресные наклейки 29x90mm;DK-11201
http://rashodnika.net/Brother-DK11202.html;Brother Транспортировочные наклейки 62x100mm;DK-11202
http://rashodnika.net/Brother-DK11203.html;Brother Наклейки на корешок папки-регистратора 17x87mm;DK-11203
http://rashodnika.net/Brother-DK11204.html;Brother Универсальные наклейки 17x54mm;DK-11204
http://rashodnika.net/Brother-DK11207.html;Brother Наклейки для CD/DVD 58x58mm;DK-11207
http://rashodnika.net/Brother-DK11208.html;Brother Большие адресные наклейки 38x90mm;DK-11208
http://rashodnika.net/Brother-DK11209.html;Brother Маленькие адресные наклейки 29x62mm;DK-11209
http://rashodnika.net/Brother-DK11218.html;Brother Круглые наклейки (диаметр 24 мм);DK-11218
http://rashodnika.net/Brother-DK11219.html;Brother Круглые наклейки (диаметр 12 мм);DK-11219
http://rashodnika.net/Brother-DK11221.html;Brother Квадратные бумажные наклейки (23 мм);DK-11221
http://rashodnika.net/Brother-DK22113.html;Brother Прозрачная цельная фотопленка;DK-22113
http://rashodnika.net/Brother-DK22205.html;Brother Сплошная белая бумажная лента шириной 62mm;DK-22205
http://rashodnika.net/Brother-DK22210.html;Brother Сплошная белая бумажная лента шириной 29mm;DK-22210
http://rashodnika.net/Brother-DK22211.html;Brother Сплошная белая плёночная лента шириной 29mm;DK-22211
http://rashodnika.net/Brother-DK22212.html;Brother Сплошная белая плёночная лента шириной 62mm;DK-22212
http://rashodnika.net/Brother-DK22214.html;Brother Сплошная белая бумажная лента шириной 12mm;DK-22214
http://rashodnika.net/Brother-DK22223.html;Brother Сплошная белая бумажная лента шириной 50mm;DK-22223
http://rashodnika.net/Brother-DK22225.html;Brother Непрерывная бумажная лента;DK-22225
http://rashodnika.net/Brother-DK22243.html;Brother Сплошная белая бумажная лента шириной 102mm;DK-22243
http://rashodnika.net/Brother-DK22606.html;Brother Сплошная жёлтая плёночная лента шириной 62mm;DK-22606
http://rashodnika.net/Brother-DK44205.html;Brother Белая съемная бумажная лента;DK-44205
http://rashodnika.net/Brother-DK44605.html;Brother Желтая съемная бумажная лента;DK-44605
http://rashodnika.net/Brother-DK-N55224.html;Brother Неклейкая бумажная лента;DK-N55224
