http://rashodnika.net/1_1_2_1.html;Brother Струйный картридж черный;LC-01BK
http://rashodnika.net/1_1_2_2.html;Brother Струйный картридж голубой;LC-01C
http://rashodnika.net/1_1_2_3.html;Brother Струйный картридж пурпурный;LC-01M
http://rashodnika.net/1_1_2_4.html;Brother Струйный картридж желтый;LC-01Y
http://rashodnika.net/1_1_2_5.html;Brother Струйный картридж черный;LC-02BK
http://rashodnika.net/1_1_2_6.html;Brother Струйный картридж голубой;LC-02C
http://rashodnika.net/1_1_2_7.html;Brother Струйный картридж пурпурный;LC-02M
http://rashodnika.net/1_1_2_8.html;Brother Струйный картридж желтый;LC-02Y
http://rashodnika.net/1_1_2_9.html;Brother Струйный картридж черный;LC-04BK
http://rashodnika.net/1_1_2_10.html;Brother Струйный картридж голубой;LC-04C
http://rashodnika.net/1_1_2_11.html;Brother Струйный картридж пурпурный;LC-04M
http://rashodnika.net/1_1_2_12.html;Brother Струйный картридж желтый;LC-04Y
http://rashodnika.net/1_1_2_25.html;Brother Струйный картридж черный;LC-11BK
http://rashodnika.net/1_1_2_26.html;Brother Струйный картридж цветной;LC-11CL
http://rashodnika.net/1_1_2_27.html;Brother Струйный фото-картридж;LC-11PH
http://rashodnika.net/1_1_2_28.html;Brother Струйный картридж черный;LC-50BK
http://rashodnika.net/1_1_2_29.html;Brother Струйный картридж голубой;LC-50C
http://rashodnika.net/1_1_2_30.html;Brother Струйный картридж пурпурный;LC-50M
http://rashodnika.net/1_1_2_31.html;Brother Струйный картридж желтый;LC-50Y
http://rashodnika.net/Brother-BTD60BK.html;Brother Бутылка с чёрными чернилами;BTD60BK
http://rashodnika.net/BrLC525XLC.html;Brother Струйный картридж голубой;LC-525XLC
http://rashodnika.net/BrLC525XLM.html;Brother Струйный картридж пурпурный;LC-525XLM
http://rashodnika.net/BrLC525XLY.html;Brother Струйный картридж желтый;LC-525XLY
http://rashodnika.net/BrLC529XLBK.html;Brother Струйный картридж черный;LC-529XLBK
http://rashodnika.net/BrLC563BK.html;Brother Струйный картридж черный (600 стр.);LC-563BK
http://rashodnika.net/BrLC563C.html;Brother Струйный картридж голубой (600 стр.);LC-563C
http://rashodnika.net/BrLC563M.html;Brother Струйный картридж пурпурный (600 стр.);LC-563M
http://rashodnika.net/BrLC563Y.html;Brother Струйный картридж желтый (600 стр.);LC-563Y
http://rashodnika.net/BrLC565XLC.html;Brother Струйный картридж голубой (1200 стр.);LC-565XLC
http://rashodnika.net/BrLC565XLM.html;Brother Струйный картридж пурпурный (1200 стр.);LC-565XLM
http://rashodnika.net/BrLC565XLY.html;Brother Струйный картридж желтый (1200 стр.);LC-565XLY
http://rashodnika.net/BrLC567XLBK.html;Brother Струйный картридж черный (1200 СТР.);LC-567XLBK
http://rashodnika.net/BrLC569XLBK.html;Brother Струйный картридж черный (2400 стр.);LC-569XLBK
http://rashodnika.net/1_1_2_32.html;Brother Струйный картридж черный;LC-600BK
http://rashodnika.net/1_1_2_33.html;Brother Струйный картридж голубой;LC-600C
http://rashodnika.net/1_1_2_34.html;Brother Струйный картридж пурпурный;LC-600M
http://rashodnika.net/1_1_2_35.html;Brother Струйный картридж желтый;LC-600Y
http://rashodnika.net/Brother-LC663BK.html;Brother Струйный картридж черный (550 стр.);LC-663BK
http://rashodnika.net/Brother-LC663C.html;Brother Струйный картридж голубой (550 стр.);LC-663C
http://rashodnika.net/Brother-LC663M.html;Brother Струйный картридж пурпурный (550 стр.);LC-663M
http://rashodnika.net/Brother-LC663Y.html;Brother Струйный картридж желтый (550 стр.);LC-663Y
http://rashodnika.net/Brother-LC665XLC.html;Brother Струйный картридж голубой (1200 стр.);LC-665XLC
http://rashodnika.net/Brother-LC665XLM.html;Brother Струйный картридж пурпурный (1200 стр.);LC-665XLM
http://rashodnika.net/Brother-LC665XLY.html;Brother Струйный картридж желтый (1200 стр.);LC-665XLY
http://rashodnika.net/Brother-LC669XLBK.html;Brother Струйный картридж черный (2400 стр.);LC-669XLBK
http://rashodnika.net/1_1_2_36.html;Brother Струйный картридж черный;LC-700BK
http://rashodnika.net/1_1_2_37.html;Brother Струйный картридж голубой;LC-700C
http://rashodnika.net/1_1_2_38.html;Brother Струйный картридж пурпурный;LC-700M
http://rashodnika.net/1_1_2_39.html;Brother Струйный картридж желтый;LC-700Y
http://rashodnika.net/1_1_2_40.html;Brother Струйный картридж черный;LC-800BK
http://rashodnika.net/1_1_2_41.html;Brother Струйный картридж голубой;LC-800C
http://rashodnika.net/1_1_2_42.html;Brother Струйный картридж пурпурный;LC-800M
http://rashodnika.net/1_1_2_43.html;Brother Струйный картридж желтый;LC-800Y
http://rashodnika.net/1_1_2_44.html;Brother Струйный картридж черный;LC-900BK
http://rashodnika.net/1_1_2_45.html;Brother Струйный картридж голубой;LC-900C
http://rashodnika.net/1_1_2_46.html;Brother Струйный картридж черный увеличенной емкости;LC-900HYBK
http://rashodnika.net/1_1_2_47.html;Brother Струйный картридж пурпурный;LC-900M
http://rashodnika.net/1_1_2_48.html;Brother Струйный картридж желтый;LC-900Y
http://rashodnika.net/1_1_2_49.html;Brother Струйный картридж черный;LC-970BK
http://rashodnika.net/1_1_2_50.html;Brother Струйный картридж голубой;LC-970C
http://rashodnika.net/1_1_2_51.html;Brother Струйный картридж пурпурный;LC-970M
http://rashodnika.net/1_1_2_52.html;Brother Струйный картридж желтый;LC-970Y
http://rashodnika.net/1_1_2_53.html;Brother Струйный картридж черный;LC-980BK
http://rashodnika.net/1_1_2_54.html;Brother Струйный картридж голубой;LC-980C
http://rashodnika.net/1_1_2_55.html;Brother Струйный картридж пурпурный;LC-980M
http://rashodnika.net/1_1_2_56.html;Brother Струйный картридж желтый;LC-980Y
http://rashodnika.net/1_1_2_57.html;Brother Струйный картридж черный;LC-985Bk
http://rashodnika.net/1_1_2_58.html;Brother Струйный картридж голубой;LC-985C
http://rashodnika.net/1_1_2_59.html;Brother Струйный картридж пурпурный;LC-985M
http://rashodnika.net/1_1_2_60.html;Brother Струйный картридж желтый;LC-985Y
http://rashodnika.net/1_1_2_13.html;Brother Струйный картридж черный;LC-1000BK
http://rashodnika.net/1_1_2_14.html;Brother Струйный картридж голубой;LC-1000C
http://rashodnika.net/1_1_2_15.html;Brother Струйный картридж пурпурный;LC-1000M
http://rashodnika.net/1_1_2_16.html;Brother Струйный картридж желтый;LC-1000Y
http://rashodnika.net/1_1_2_17.html;Brother Струйный картридж черный;LC-1100BK
http://rashodnika.net/1_1_2_18.html;Brother Струйный картридж голубой;LC-1100C
http://rashodnika.net/1_1_2_19.html;Brother Струйный картридж черный увеличенной емкости;LC-1100HYBK
http://rashodnika.net/1_1_2_20.html;Brother Струйный картридж голубой увеличенной емкости;LC-1100HYC
http://rashodnika.net/1_1_2_21.html;Brother Струйный картридж пурпурный увеличенной емкости;LC-1100HYM
http://rashodnika.net/1_1_2_22.html;Brother Струйный картридж желтый увеличенной емкости;LC-1100HYY
http://rashodnika.net/1_1_2_23.html;Brother Струйный картридж пурпурный;LC-1100M
http://rashodnika.net/1_1_2_24.html;Brother Струйный картридж желтый;LC-1100Y
http://rashodnika.net/BrLC1220Bk.html;Brother Струйный картридж черный;LC-1220Bk
http://rashodnika.net/BrLC1220C.html;Brother Струйный картридж голубой;LC-1220C
http://rashodnika.net/BrLC1220M.html;Brother Струйный картридж пурпурный;LC-1220M
http://rashodnika.net/BrLC1220Y.html;Brother Струйный картридж желтый;LC-1220Y
http://rashodnika.net/BrLC1240Bk.html;Brother Струйный картридж черный;LC-1240Bk
http://rashodnika.net/BrLC1240C.html;Brother Струйный картридж голубой;LC-1240C
http://rashodnika.net/BrLC1240M.html;Brother Струйный картридж пурпурный;LC-1240M
http://rashodnika.net/BrLC1240Y.html;Brother Струйный картридж желтый;LC-1240Y
http://rashodnika.net/BrLC1280XLBk.html;Brother Струйный картридж черный большой емкости;LC-1280XLBk
http://rashodnika.net/BrLC1280XLC.html;Brother Струйный картридж голубой большой емкости;LC-1280XLC
http://rashodnika.net/BrLC1280XLM.html;Brother Струйный картридж пурпурный большой емкости;LC-1280XLM
http://rashodnika.net/BrLC1280XLY.html;Brother Струйный картридж желтый большой емкости;LC-1280XLY
http://rashodnika.net/Brother-LC3237BK.html;Brother Струйный картридж черный;LC-3237BK
http://rashodnika.net/Brother-LC3237C.html;Brother Струйный картридж голубой;LC-3237M
http://rashodnika.net/Brother-LC3237M.html;Brother Струйный картридж пурпурный;LC-3237M
http://rashodnika.net/Brother-LC3237Y.html;Brother Струйный картридж желтый;LC-3237Y
http://rashodnika.net/brother-lc3239xly.html;Brother Струйный картридж желтый XL;LC-3239XLY
http://rashodnika.net/brother-lc3239xlbk.html;Brother Струйный картридж черный XL;LC-3239XLBK
http://rashodnika.net/brother-lc3239xlc.html;Brother Струйный картридж голубой XL;LC-3239XLC
http://rashodnika.net/brother-lc3239xlm.html;Brother Струйный картридж пурпурный XL;LC-3239XLM
http://rashodnika.net/Brother-LC3617BK.html;Brother Струйный картридж черный (550 стр.);LC-3617Bk
http://rashodnika.net/Brother-LC3617C.html;Brother Струйный картридж голубой (550 стр.);LC-3617C
http://rashodnika.net/Brother-LC3617M.html;Brother Струйный картридж пурпурный (550 стр.);LC-3617M
http://rashodnika.net/Brother-LC3617Y.html;Brother Струйный картридж желтый (550 стр.);LC-3617Y
http://rashodnika.net/Brother-LC3619XLBK.html;Brother Струйный картридж черный (3000 стр.);LC-3619XLBk
http://rashodnika.net/Brother-LC3619XLC.html;Brother Струйный картридж голубой (1500 стр.);LC-3619XLC
http://rashodnika.net/Brother-LC3619XLM.html;Brother Струйный картридж пурпурный (1500 стр.);LC-3619XLM
http://rashodnika.net/Brother-LC3619XLY.html;Brother Струйный картридж желтый (1500 стр.);LC-3619XLY
http://rashodnika.net/BrBT5000C.html;Brother Бутылка с голубыми чернилами;BT5000C
http://rashodnika.net/BrBT5000M.html;Brother Бутылка с пурпурными чернилами;BT5000M
http://rashodnika.net/BrBT5000Y.html;Brother Бутылка с желтыми чернилами;BT5000Y
http://rashodnika.net/BrBT6000BK.html;Brother Бутылка с чёрными чернилами;BT6000BK
