http://rashodnika.net/2_1_1_277.html;Canon Cartridge-H Тонер-картридж черный;1500A003;Cartridge H
http://rashodnika.net/2_1_1_279.html;Canon Cartridge-M Тонер-картридж черный;6812A002;Cartridge M
http://rashodnika.net/2_1_1_62.html;Canon Cartridge-P Тонер-картридж черный;7138A002;Cartridge P
http://rashodnika.net/2_1_1_334.html;Canon Cartridge-T Тонер-картридж черный;7833A002;Cartridge T
http://rashodnika.net/2_1_1_240.html;Canon EP-A Тонер-картридж черный;1548A003;EP-A
http://rashodnika.net/2_1_1_241.html;Canon EP-B Тонер-картридж черный;R64-4014;EP-B
http://rashodnika.net/2_1_1_242.html;Canon EP Тонер-картридж черный;R34-0004;EP-C
http://rashodnika.net/2_1_1_243.html;Canon EP-E Тонер-картридж черный;1538A002;EP-E
http://rashodnika.net/2_1_1_244.html;Canon EP-J Тонер-картридж черный;1541A001;EP-J
http://rashodnika.net/2_1_1_245.html;Canon EP-L Тонер-картридж черный;1526A002;EP-L
http://rashodnika.net/2_1_1_246.html;Canon EP-N Тонер-картридж черный;R64-2002;EP-N
http://rashodnika.net/2_1_1_247.html;Canon EP-P Тонер-картридж черный;1529A003;EP-P
http://rashodnika.net/2_1_1_248.html;Canon EP-S Тонер-картридж черный;1524A003;EP-S
http://rashodnika.net/2_1_1_249.html;Canon EP-W Тонер-картридж черный;1545A003;EP-W
http://rashodnika.net/2_1_1_262.html;Canon Cartridge-G Тонер-картридж черный;1515A003;Cartridge G BK
http://rashodnika.net/2_1_1_263.html;Canon Cartridge-G Тонер голубой;1514A003;Cartridge G C
http://rashodnika.net/2_1_1_264.html;Canon Cartridge-G Тонер пурпурный;1513A003;Cartridge G M
http://rashodnika.net/2_1_1_265.html;Canon Cartridge-G Тонер желтый;1512A003;Cartridge G Y
http://rashodnika.net/2_1_1_266.html;Canon Drum-G Блок фотобарабана;1511A003;G DrumUnit
http://rashodnika.net/2_1_1_63.html;Canon C-EXV1 Тонер черный;4234A002;C-EXV1
http://rashodnika.net/2_1_1_100.html;Canon C-EXV1 Блок фотобарабана;4229A002;C-EXV1 Drum
http://rashodnika.net/2_1_1_219.html;Canon D1 Тонер черный;7825A001;D1 Toner
http://rashodnika.net/2_1_1_255.html;Canon FX-1 Тонер-картридж черный;1551A002;FX-1
http://rashodnika.net/2_1_1_320.html;Canon NPG-1 Блок фотобарабана;1331A006;NPG-1 Drum
http://rashodnika.net/2_1_1_309.html;Canon NPG-1 Тонер черный (4 шт);1372A005;NPG-1 Toner
http://rashodnika.net/T01Bk.html;Canon T01 Тонер черный;8066B001;T01Bk
http://rashodnika.net/T01C.html;Canon T01 Тонер голубой;8067B001;T01C
http://rashodnika.net/T01M.html;Canon T01 Тонер пурпурный;8068B001;T01M
http://rashodnika.net/T01Y.html;Canon T01 Тонер желтый;8069B001;T01Y
http://rashodnika.net/2_1_1_133.html;Canon C-EXV2 Блок фотобарабана черный;4230A003;C-EXV2Bk Drum
http://rashodnika.net/2_1_1_134.html;Canon C-EXV2 Блок фотобарабана голубой;4231A003;C-EXV2C Drum
http://rashodnika.net/2_1_1_135.html;Canon C-EXV2 Блок фотобарабана пурпурный;4232A003;C-EXV2M Drum
http://rashodnika.net/2_1_1_136.html;Canon C-EXV2 Блок фотобарабана желтый;4233A003;C-EXV2Y Drum
http://rashodnika.net/2_1_1_131.html;Canon C-EXV2Bk Тонер черный;4235A002;C-EXV2Bk
http://rashodnika.net/2_1_1_132.html;Canon C-EXV2C Тонер голубой;4236A002;C-EXV2C
http://rashodnika.net/2_1_1_137.html;Canon C-EXV2M Тонер пурпурный;4237A002;C-EXV2M
http://rashodnika.net/2_1_1_138.html;Canon C-EXV2Y Тонер желтый;4238A002;C-EXV2Y
http://rashodnika.net/2_1_1_257.html;Canon FX-2 Тонер-картридж черный;1556A003;FX-2
http://rashodnika.net/2_1_1_308.html;Canon NP-A2 Тонер черный 2 шт.;1396A001;NP-A2
http://rashodnika.net/NPG2-Drum.html;Canon NPG-2 Блок фотобарабана;1323A006;NPG-2 Drum
http://rashodnika.net/NPG2.html;Canon NPG-2 Тонер черный;1373A001;NPG-2 Toner
http://rashodnika.net/Canon-T02Bk.html;Canon T02 Тонер черный;8529B001;T02Bk
http://rashodnika.net/Canon-T02C.html;Canon T02 Тонер голубой;8530B001;T02C
http://rashodnika.net/Canon-T02M.html;Canon T02 Тонер пурпурный;8531B001;T02M
http://rashodnika.net/Canon-T02Y.html;Canon T02 Тонер желтый;8532B001;T02Y
http://rashodnika.net/2_1_1_139.html;Canon C-EXV3 Тонер черный;6647A002;C-EXV3
http://rashodnika.net/C-EXV3-Drum.html;Canon C-EXV3 Блок фотобарабана;6648A003;C-EXV3 Drum
http://rashodnika.net/2_1_1_258.html;Canon FX-3 Тонер-картридж черный;1557A003;FX-3
http://rashodnika.net/2_1_1_322.html;Canon NPG-3 Блок фотобарабана;1324A001;NPG-3 Drum
http://rashodnika.net/2_1_1_321.html;Canon NPG-3 Тонер черный;1374A002;NPG-3 Toner
http://rashodnika.net/canon-t03-black.html;Canon T03 Тонер черный;2725C001;T03Bk
http://rashodnika.net/WT-A3.html;Canon WT-A3 Контейнер для отработанного тонера;9549B002;WT-A3
http://rashodnika.net/2_1_1_155.html;Canon C-EXV4 Тонер черный (2 шт.);6748A002;C-EXV4
http://rashodnika.net/2_1_1_274.html;Canon  C-EXV4 Блок фотобарабана;6749A002;C-EXV4 Drum
http://rashodnika.net/2_1_1_259.html;Canon FX-4 Тонер-картридж черный;1558A003;FX-4
http://rashodnika.net/2_1_1_324.html;Canon NPG-4 Блок фотобарабана;1332A012;NPG-4 Drum
http://rashodnika.net/2_1_1_323.html;Canon NPG-4 Тонер черный;1375A002;NPG-4 Toner
http://rashodnika.net/2_1_1_157.html;Canon C-EXV5 Тонер черный;6836A002;C-EXV5
http://rashodnika.net/2_1_1_158.html;Canon C-EXV5 Блок фотобарабана;6837A003;C-EXV5 Drum
http://rashodnika.net/2_1_1_326.html;Canon NPG-5 Блок фотобарабана;1333A003;NPG-5 Drum
http://rashodnika.net/2_1_1_325.html;Canon NPG-5 Тонер черный;1376A003;NPG-5 Toner
http://rashodnika.net/2_1_1_159.html;Canon C-EXV6 Тонер черный;1386A006;C-EXV6
http://rashodnika.net/2_1_1_160.html;Canon C-EXV6 Фотобарабан;1339A004;C-EXV6 Drum
http://rashodnika.net/2_1_1_260.html;Canon FX-6 Тонер-картридж черный;1559A003;FX-6
http://rashodnika.net/canon-t06.html;Canon T06 Тонер черный;3526C002;T06Bk
http://rashodnika.net/2_1_1_161.html;Canon C-EXV7 Тонер черный;7814A002;C-EXV7
http://rashodnika.net/2_1_1_162.html;Canon C-EXV7 Блок фотобарабана;7815A003;C-EXV7 Drum
http://rashodnika.net/2_1_1_261.html;Canon FX-7 Тонер-картридж черный;7621A002;FX-7
http://rashodnika.net/2_1_1_328.html;Canon NPG-7 Блок фотобарабана;1334A002;NPG-7 Drum
http://rashodnika.net/2_1_1_327.html;Canon NPG-7 Тонер черный;1377A003;NPG-7 Toner
http://rashodnika.net/2_1_1_164.html;Canon C-EXV8 Блок фотобарабана черный;7625A002;C-EXV8 DrumBk
http://rashodnika.net/2_1_1_165.html;Canon C-EXV8 Блок фотобарабана голубой;7624A002;C-EXV8 DrumC
http://rashodnika.net/2_1_1_166.html;Canon C-EXV8 Блок фотобарабана пурпурный;7623A002;C-EXV8 DrumM
http://rashodnika.net/2_1_1_167.html;Canon C-EXV8 Блок фотобарабана желтый;7622A002;C-EXV8 DrumY
http://rashodnika.net/2_1_1_163.html;Canon C-EXV8Bk Тонер черный;7629A002;C-EXV8Bk
http://rashodnika.net/2_1_1_170.html;Canon C-EXV8C Тонер голубой;7628A002;C-EXV8C
http://rashodnika.net/2_1_1_168.html;Canon C-EXV8M Тонер пурпурный;7627A002;C-EXV8M
http://rashodnika.net/2_1_1_169.html;Canon C-EXV8Y Тонер желтый;7626A002;C-EXV8Y
http://rashodnika.net/2_1_1_330.html;Canon NPG-8 Блок фотобарабана;1335A001;NPG-8 Drum
http://rashodnika.net/2_1_1_329.html;Canon NPG-8 Тонер черный (4 шт.);1378A001;NPG-8 Toner
http://rashodnika.net/2_1_1_173.html;Canon C-EXV9 Блок фотобарабана;8644A003;C-EXV9 Drum
http://rashodnika.net/2_1_1_171.html;Canon C-EXV9 Тонер черный;8640A002;C-EXV9Bk
http://rashodnika.net/2_1_1_172.html;Canon C-EXV9 Тонер голубой;8641A002;C-EXV9C
http://rashodnika.net/2_1_1_174.html;Canon C-EXV9 Тонер пурпурный;8642A002;C-EXV9M
http://rashodnika.net/2_1_1_175.html;Canon C-EXV9 Тонер желтый;8643A002;C-EXV9Y
http://rashodnika.net/2_1_1_332.html;Canon NPG-9 Блок фотобарабана;1336A002;NPG-9 Drum
http://rashodnika.net/2_1_1_331.html;Canon NPG-9 Тонер черный (2 шт.);1379A003;NPG-9 Toner
http://rashodnika.net/2_1_1_66.html;Canon C-EXV10 Блок фотобарабана;8656A002;C-EXV10 Drum
http://rashodnika.net/2_1_1_64.html;Canon C-EXV10Bk Тонер черный;8649A002;C-EXV10Bk
http://rashodnika.net/2_1_1_65.html;Canon C-EXV10C Тонер голубой;8650A002;C-EXV10C
http://rashodnika.net/C-EXV10C-Starter.html;Canon C-EXV10C Девелопер голубой;8653A001;C-EXV10C Starter
http://rashodnika.net/2_1_1_67.html;Canon C-EXV10M Тонер пурпурный;8651A002;C-EXV10M
http://rashodnika.net/C-EXV10M-Starter.html;Canon C-EXV10M Девелопер пурпурный;8654A001;C-EXV10M Starter
http://rashodnika.net/2_1_1_68.html;Canon C-EXV10Y Тонер желтый;8652A002;C-EXV10Y
http://rashodnika.net/C-EXV10Y-Starter.html;Canon C-EXV10Y Девелопер желтый;8655A001;C-EXV10Y Starter
http://rashodnika.net/2_1_1_256.html;Canon FX-10 Тонер-картридж черный;0263B002;FX-10
http://rashodnika.net/2_1_1_311.html;Canon NPG-10 Фотовал;1327A002;NPG-10 Drum
http://rashodnika.net/2_1_1_310.html;Canon NPG-10 Тонер черный;1381A003;NPG-10 Toner
http://rashodnika.net/2_1_1_69.html;Canon C-EXV11 Тонер черный;9629A002;C-EXV11
http://rashodnika.net/2_1_1_70.html;Canon C-EXV11/12 Блок фотобарабана;9630A003;C-EXV11 Drum
http://rashodnika.net/2_1_1_313.html;Canon NPG-11 Блок фотобарабана;1337A001;NPG-11 Drum
http://rashodnika.net/2_1_1_312.html;Canon NPG-11 Тонер черный;1382A002;NPG-11 Toner
http://rashodnika.net/2_1_1_71.html;Canon C-EXV12 Тонер-картридж черный;9634A002;C-EXV12
http://rashodnika.net/2_1_1_315.html;Canon NPG-12 Блок фотобарабана;1329A001;NPG-12 Drum
http://rashodnika.net/2_1_1_314.html;Canon NPG-12 Тонер черный;1383A002;NPG-12 Toner
http://rashodnika.net/2_1_1_72.html;Canon C-EXV13 Тонер черный;0279B002;C-EXV13
http://rashodnika.net/2_1_1_317.html;Canon NPG-13 Блок фотобарабана;1338A002;NPG-13 Drum
http://rashodnika.net/2_1_1_316.html;Canon NPG-13 Тонер черный;1384A002;NPG-13 Toner
http://rashodnika.net/2_1_1_73.html;Canon C-EXV14 Тонер черный;0384B006;C-EXV14
http://rashodnika.net/C-EXV14-Drum.html;Canon C-EXV14 Блок фотобарабана;0385B002;C-EXV14 Drum
http://rashodnika.net/FC5-2457.html;Canon Емкость отработанного тонера;FC5-2457;GPR14 waste
http://rashodnika.net/2_1_1_319.html;Canon NPG-14 Блок фотобарабана;NPG14 Drum;NPG-14 Drum
http://rashodnika.net/2_1_1_318.html;Canon NPG-14 Тонер черный;1385A001;NPG-14 Toner
http://rashodnika.net/2_1_1_75.html;Canon C-EXV15 Тонер черный;0387B002;C-EXV15
http://rashodnika.net/2_1_1_77.html;Canon C-EXV16/17 Блок фотобарабана черный;0258B002;C-EXV16Bk Drum
http://rashodnika.net/2_1_1_78.html;Canon C-EXV16/17 Блок фотобарабана голубой;0257B002;C-EXV16C Drum
http://rashodnika.net/2_1_1_79.html;Canon C-EXV16/17 Блок фотобарабана пурпурный;0256B002;C-EXV16M Drum
http://rashodnika.net/2_1_1_80.html;Canon C-EXV16/17 Блок фотобарабана желтый;0255B002;C-EXV16Y Drum
http://rashodnika.net/2_1_1_81.html;Canon C-EXV16Bk Тонер черный;1069B002;C-EXV16K
http://rashodnika.net/2_1_1_82.html;Canon C-EXV16C Тонер голубой;1068B002;C-EXV16C
http://rashodnika.net/2_1_1_83.html;Canon C-EXV16M Тонер пурпурный;1067B002;C-EXV16M
http://rashodnika.net/2_1_1_84.html;Canon C-EXV16Y Тонер желтый;1066B002;C-EXV16Y
http://rashodnika.net/2_1_1_252.html;Canon E16 Тонер-картридж черный;1492A003;E16
http://rashodnika.net/2_1_1_85.html;Canon C-EXV17BK Тонер черный;0262B002;C-EXV17Bk
http://rashodnika.net/2_1_1_86.html;Canon C-EXV17C Тонер голубой;0261B002;C-EXV17C
http://rashodnika.net/2_1_1_87.html;Canon C-EXV17M Тонер пурпурный;0260B002;C-EXV17M
http://rashodnika.net/2_1_1_88.html;Canon C-EXV17Y Тонер желтый;0259B002;C-EXV17Y
http://rashodnika.net/2_1_1_89.html;Canon C-EXV18 Тонер черный;0386B002;C-EXV18
http://rashodnika.net/2_1_1_90.html;Canon C-EXV18 Блок фотобарабана;0388B002;C-EXV18 Drum
http://rashodnika.net/C-EXV19-Clear.html;Canon C-EXV19CL Тонер очистки;3229B002;C-EXV19 Clear
http://rashodnika.net/2_1_1_93.html;Canon C-EXV19 Блок фотобарабана;0405B002;C-EXV19 Drum
http://rashodnika.net/2_1_1_91.html;Canon C-EXV19Bk Тонер черный;0397B002;C-EXV19Bk
http://rashodnika.net/2_1_1_92.html;Canon C-EXV19C Тонер голубой;0398B002;C-EXV19C
http://rashodnika.net/2_1_1_94.html;Canon C-EXV19M Тонер пурпурный;0399B002;C-EXV19M
http://rashodnika.net/2_1_1_95.html;Canon C-EXV19 Девелопер черный;0401B001;C-EXV19 Starter Bk
http://rashodnika.net/2_1_1_96.html;Canon C-EXV19 Девелопер голубой;0402B001;C-EXV19 Starter C
http://rashodnika.net/2_1_1_97.html;Canon C-EXV19 Девелопер пурпурный;0403B001;C-EXV19 Starter M
http://rashodnika.net/2_1_1_98.html;Canon C-EXV19 Девелопер желтый;0404B001;C-EXV19 Starter Y
http://rashodnika.net/2_1_1_99.html;Canon C-EXV19Y Тонер желтый;0400B002;C-EXV19Y
http://rashodnika.net/2_1_1_101.html;Canon C-EXV20Bk Тонер черный;0436B002;C-EXV20Bk
http://rashodnika.net/C-EXV20Bk-Starter.html;Canon C-EXV20Bk Девелопер черный;0440B001;C-EXV20Bk Starter
http://rashodnika.net/2_1_1_102.html;Canon C-EXV20C Тонер голубой;0437B002;C-EXV20C
http://rashodnika.net/C-EXV20C-Starter.html;Canon C-EXV20C Девелопер голубой;0441B001;C-EXV20C Starter
http://rashodnika.net/2_1_1_103.html;Canon C-EXV20M Тонер пурпурный;0438B002;C-EXV20M
http://rashodnika.net/C-EXV20M-Starter.html;Canon C-EXV20M Девелопер пурпурный;0442B001;C-EXV20M Starter
http://rashodnika.net/2_1_1_104.html;Canon C-EXV20Y Тонер желтый;0439B002;C-EXV20Y
http://rashodnika.net/C-EXV20Y-Starter.html;Canon C-EXV20Y Девелопер желтый;0443B001;C-EXV20Y Starter
http://rashodnika.net/C-EXV21--Waste.html;Canon C-EXV21 Контейнер для отработанного тонера;FM2-5533;C-EXV21 Waste
http://rashodnika.net/C-EXV21B-Drum.html;Canon C-EXV21Bk Блок фотобарабана черный;0456B002;C-EXV21Bk Drum
http://rashodnika.net/2_1_1_105.html;Canon C-EXV21Bk Тонер черный;0452В002;C-EXV21Bk
http://rashodnika.net/2_1_1_106.html;Canon C-EXV21C Тонер голубой;0453В002;C-EXV21C
http://rashodnika.net/C-EXV21C-Drum.html;Canon C-EXV21C Блок фотобарабана голубой;0457В002;C-EXV21C Drum
http://rashodnika.net/2_1_1_107.html;Canon C-EXV21M Тонер пурпурный;0454В002;C-EXV21M
http://rashodnika.net/C-EXV21M-Drum.html;Canon C-EXV21M Блок фотобарабана пурпурный;0458В002;C-EXV21M Drum
http://rashodnika.net/2_1_1_108.html;Canon C-EXV21Y Тонер желтый;0455В002;C-EXV21Y
http://rashodnika.net/C-EXV21Y-Drum.html;Canon C-EXV21Y Блок фотобарабана желтый;0459В002;C-EXV21Y Drum
http://rashodnika.net/2_1_1_109.html;Canon C-EXV22 Тонер черный;1872B002;C-EXV22
http://rashodnika.net/2_1_1_220.html;Canon EP-22 Тонер-картридж черный;1550A003;EP-22
http://rashodnika.net/2_1_1_110.html;Canon C-EXV23 Блок фотобарабана;2101B002;C-EXV23 Drum
http://rashodnika.net/2_1_1_111.html;Canon C-EXV24Bk Тонер черный;2447B002;C-EXV24Bk
http://rashodnika.net/2_1_1_112.html;Canon C-EXV24C Тонер голубой;2448B002;C-EXV24C
http://rashodnika.net/2_1_1_113.html;Canon C-EXV24M Тонер пурпурный;2449B002;C-EXV24M
http://rashodnika.net/2_1_1_114.html;Canon C-EXV24Y Тонер желтый;2450B002;C-EXV24Y
http://rashodnika.net/C-EXV25Bk.html;Canon C-EXV25Bk Тонер черный;2548B002;C-EXV25Bk
http://rashodnika.net/C-EXV25C.html;Canon C-EXV25C Тонер голубой;2549B002;C-EXV25C
http://rashodnika.net/C-EXV25M.html;Canon C-EXV25M Тонер пурпурный;2550B002;C-EXV25M
http://rashodnika.net/C-EXV25Y.html;Canon C-EXV25Y Тонер желтый;2551B002;C-EXV25Y
http://rashodnika.net/2_1_1_221.html;Canon EP-25 Тонер-картридж черный;5773A004;EP-25
http://rashodnika.net/2_1_1_115.html;Canon C-EXV26Bk Тонер-картридж черный;1660B006;C-EXV26Bk
http://rashodnika.net/2_1_1_116.html;Canon C-EXV26C Тонер-картридж голубой;1659B006;C-EXV26C
http://rashodnika.net/2_1_1_117.html;Canon C-EXV26M Тонер-картридж пурпурный;1658B006;C-EXV26M
http://rashodnika.net/2_1_1_118.html;Canon C-EXV26Y Тонер-картридж желтый;1657B006;C-EXV26Y
http://rashodnika.net/C-EXV27-Drum.html;Canon C-EXV27 Блок фотобарабана;2771B002;C-EXV27 Drum
http://rashodnika.net/C-EXV27-Toner.html;Canon C-EXV27 Тонер черный;2784B002;C-EXV27 Toner
http://rashodnika.net/2_1_1_222.html;Canon EP-27 Тонер-картридж черный;8489A002;EP-27
http://rashodnika.net/2_1_1_121.html;Canon C-EXV28 Блок фотобарабана черный;2776B003;C-EXV28 DrumBk
http://rashodnika.net/2_1_1_122.html;Canon C-EXV28 Блок фотобарабана цветной;2777B003;C-EXV28 DrumCol
http://rashodnika.net/2_1_1_119.html;Canon C-EXV28Bk Тонер черный;2789B002;C-EXV28Bk
http://rashodnika.net/2_1_1_120.html;Canon C-EXV28C Тонер голубой;2793B002;C-EXV28C
http://rashodnika.net/2_1_1_123.html;Canon C-EXV28M Тонер пурпурный;2797B002;C-EXV28M
http://rashodnika.net/2_1_1_124.html;Canon C-EXV28Y Тонер желтый;2801B002;C-EXV28Y
http://rashodnika.net/C-029-Drum.html;Canon 029 Блок фотобарабана;4371B002;029 Drum
http://rashodnika.net/2_1_1_127.html;Canon C-EXV29 Блок фотобарабана черный;2778B003;C-EXV29 DrumBk
http://rashodnika.net/2_1_1_128.html;Canon C-EXV29 Блок фотобарабана цветной (CMY);2779B003;C-EXV29 DrumCol
http://rashodnika.net/2_1_1_125.html;Canon C-EXV29BK Тонер черный;2790B002;C-EXV29Bk
http://rashodnika.net/2_1_1_126.html;Canon C-EXV29C Тонер голубой;2794B002;C-EXV29C
http://rashodnika.net/2_1_1_129.html;Canon C-EXV29M Тонер пурпурный;2798B002;C-EXV29M
http://rashodnika.net/2_1_1_130.html;Canon C-EXV29Y Тонер желтый;2802B002;C-EXV29Y
http://rashodnika.net/2_1_1_250.html;Canon A30 Тонер-картридж черный;1474A003;A30
http://rashodnika.net/2_1_1_140.html;Canon C-EXV30/31 Блок фотобарабана черный;2780B002;C-EXV30 DrumBk
http://rashodnika.net/2_1_1_141.html;Canon C-EXV30/31 Блок фотобарабана цветной;2781B002;C-EXV30 DrumCol
http://rashodnika.net/2_1_1_142.html;Canon C-EXV30Bk Тонер черный;2791B002;C-EXV30Bk
http://rashodnika.net/2_1_1_143.html;Canon C-EXV30C Тонер голубой;2795B002;C-EXV30C
http://rashodnika.net/2_1_1_144.html;Canon C-EXV30M Тонер пурпурный;2799B002;C-EXV30M
http://rashodnika.net/2_1_1_145.html;Canon C-EXV30Y Тонер желтый;2803B002;C-EXV30Y
http://rashodnika.net/2_1_1_253.html;Canon E30 Тонер-картридж черный;1491A003;E30
http://rashodnika.net/2_1_1_272.html;Canon GP-55 / GP-30 Блок фотобарабана;1340A002;GP-30 Drum
http://rashodnika.net/2_1_1_333.html;Canon PC-30 Тонер-картридж черный;1487A003;PC-30
http://rashodnika.net/2_1_1_146.html;Canon C-EXV31Bk Тонер черный;2792B002;C-EXV31Bk
http://rashodnika.net/2_1_1_147.html;Canon C-EXV31C Тонер голубой;2796B002;C-EXV31C
http://rashodnika.net/2_1_1_148.html;Canon C-EXV31M Тонер пурпурный;2800B002;C-EXV31M
http://rashodnika.net/2_1_1_149.html;Canon C-EXV31Y Тонер желтый;2804B002;C-EXV31Y
http://rashodnika.net/2_1_1_151.html;Canon C-EXV32/33 Блок фотобарабана;2772B003;C-EXV32 Drum
http://rashodnika.net/2_1_1_150.html;Canon C-EXV32 Тонер черный;2786B002;C-EXV32
http://rashodnika.net/2_1_1_223.html;Canon EP-32 Тонер-картридж черный;1561A003;EP-32
http://rashodnika.net/2_1_1_152.html;Canon C-EXV33 Тонер черный;2785B002;C-EXV33
http://rashodnika.net/034Bk-Drum.html;Canon 034 Блок фотобарабана черный;9458B001;034Bk Drum
http://rashodnika.net/034Bk-Toner.html;Canon 034 Тонер черный;9454B001;034Bk Toner
http://rashodnika.net/034C-Drum.html;Canon 034 Блок фотобарабана голубой;9457B001;034C Drum
http://rashodnika.net/034C-Toner.html;Canon 034 Тонер голубой;9453B001;034C Toner
http://rashodnika.net/034M-Drum.html;Canon 034 Блок фотобарабана пурпурный;9456B001;034M Drum
http://rashodnika.net/034M-Toner.html;Canon 034 Тонер пурпурный;9452B001;034M Toner
http://rashodnika.net/034Y-Drum.html;Canon 034 Блок фотобарабана желтый;9455B001;034Y Drum
http://rashodnika.net/034Y-Toner.html;Canon 034 Тонер желтый;9451B001;034Y Toner
http://rashodnika.net/C-EXV34-Waste.html;Canon C-EXV34 Контейнер для отработанного тонера;FM3-8137;C-EXV34 Waste
http://rashodnika.net/C-EXV34Bk-Drum.html;Canon C-EXV34 Блок фотобарабана черный;3786B003;C-EXV34Bk Drum
http://rashodnika.net/C-EXV34Bk.html;Canon C-EXV34 Тонер-картридж черный;3782B002;C-EXV34Bk
http://rashodnika.net/C-EXV34C-Drum.html;Canon C-EXV34 Блок фотобарабана голубой;3787B003;C-EXV34C Drum
http://rashodnika.net/C-EXV34C.html;Canon C-EXV34 Тонер-картридж голубой;3783B002;C-EXV34C
http://rashodnika.net/C-EXV34M-Drum.html;Canon C-EXV34 Блок фотобарабана пурпурный;3788B003;C-EXV34M Drum
http://rashodnika.net/C-EXV34M.html;Canon C-EXV34 Тонер-картридж пурпурный;3784B002;C-EXV34M
http://rashodnika.net/C-EXV34Y-Drum.html;Canon C-EXV34 Блок фотобарабана желтый;3789B003;C-EXV34Y Drum
http://rashodnika.net/C-EXV34Y.html;Canon C-EXV34 Тонер-картридж желтый;3785B002;C-EXV34Y
http://rashodnika.net/2_1_1_153.html;Canon C-EXV35 Тонер черный;3764B002;C-EXV35
http://rashodnika.net/2_1_1_154.html;Canon C-EXV36 Тонер черный;3766B002;C-EXV36
http://rashodnika.net/C-EXV35-36-Drum.html;Canon C-EXV35/36 Блок фотобарабана;3765B002;C-EXV36 Drum
http://rashodnika.net/C-EXV37.html;Canon C-EXV37 Тонер черный;2787B002;C-EXV37
http://rashodnika.net/C-EXV37-Drum.html;Canon C-EXV37 Блок фотобарабана;2773B003;C-EXV37 Drum
http://rashodnika.net/C-EXV38.html;Canon C-EXV38 Тонер черный;4791B002;C-EXV38
http://rashodnika.net/Canon-039-Cartridge.html;Canon 039 Тонер картридж черный (11000 стр.);0287C001;039
http://rashodnika.net/Canon-039H-Cartridge.html;Canon 039H Картридж черный повышенной ёмкости;0288C001;039H
http://rashodnika.net/C-EXV39.html;Canon C-EXV39 Тонер черный;4792B002;C-EXV39
http://rashodnika.net/C-EXV39-Drum.html;Canon C-EXV38/39 Блок фотобарабана;4793B003;C-EXV39 Drum
http://rashodnika.net/Canon-040BK-Cartridge.html;Canon 040 Картридж черный;0460C001;040 BK
http://rashodnika.net/Canon-040C-Cartridge.html;Canon 040 Картридж голубой;0458C001;040 C
http://rashodnika.net/Canon-040HBK-Cartridge.html;Canon 040 Картридж черный повышенной ёмкости;0461C001;040H BK
http://rashodnika.net/Canon-040HC-Cartridge.html;Canon 040 Картридж голубой повышенной ёмкости;0459C001;040H C
http://rashodnika.net/Canon-040HM-Cartridge.html;Canon 040 Картридж пурпурный повышенной ёмкости;0457C001;040H M
http://rashodnika.net/Canon-040HY-Cartridge.html;Canon 040 Картридж желтый повышенной ёмкости;0455C001;040H Y
http://rashodnika.net/Canon-040M-Cartridge.html;Canon 040 Картридж пурпурный;0456C001;040 M
http://rashodnika.net/Canon-040Y-Cartridge.html;Canon 040 Картридж желтый;0454C001;040 Y
http://rashodnika.net/C-EXV40.html;Canon C-EXV40 Тонер-картридж черный;3480B006;C-EXV40
http://rashodnika.net/Canon-C-EXV40-DP.html;Canon C-EXV40 DP Двойная упаковка тонер-картриджей;3480B007;C-EXV40DP
http://rashodnika.net/Canon-041-Cartridge.html;Canon 041 Тонер-картридж черный (10000 стр.);0452C002;041
http://rashodnika.net/Canon-041H-Cartridge.html;Canon 041H Тонер-картридж черный (20000 стр.);0453C002;041H
http://rashodnika.net/C-EXV41-DrumCol.html;Canon C-EXV41 Блок фотобарабана цветной;6370B003;C-EXV41 DrumCol
http://rashodnika.net/C-EXV42.html;Canon C-EXV42 Тонер черный;6908B002;C-EXV42Bk
http://rashodnika.net/Canon-C-EXV42-Drum.html;Canon C-EXV42 Блок фотобарабана;6954B002;C-EXV42 DU
http://rashodnika.net/C-EXV43Bk.html;Canon C-EXV43 Тонер-картридж черный;2788B002;C-EXV43Bk
http://rashodnika.net/C-EXV44BK.html;Canon C-EXV44Bk Тонер-картридж черный;6941B002;C-EXV44Bk
http://rashodnika.net/C-EXV44C.html;Canon C-EXV44C Тонер-картридж голубой;6943B002;C-EXV44C
http://rashodnika.net/C-EXV44M.html;Canon C-EXV44M Тонер-картридж пурпурный;6945B002;C-EXV44M
http://rashodnika.net/C-EXV44Y.html;Canon C-EXV44Y Тонер-картридж желтый;6947B002;C-EXV44Y
http://rashodnika.net/Canon-Cartridge-045-Bk.html;Canon 045 Тонер-картридж черный (1,4K);1242C002;045Bk
http://rashodnika.net/Canon-Cartridge-045C.html;Canon 045 Тонер-картридж голубой (1,3K);1241C002;045C
http://rashodnika.net/Canon-Cartridge-045-HBk.html;Canon 045H Тонер-картридж черный (2,8K);1246C002;045HBk
http://rashodnika.net/Canon-Cartridge-045HC.html;Canon 045H Тонер-картридж голубой (2,2K);1245C002;045HC
http://rashodnika.net/Canon-Cartridge-045HM.html;Canon 045H Тонер-картридж пурпурный (2,2K);1244C002;045HM
http://rashodnika.net/Canon-Cartridge-045HY.html;Canon 045H Тонер-картридж желтый (2,2K);1243C002;045HY
http://rashodnika.net/Canon-Cartridge-045M.html;Canon 045 Тонер-картридж пурпурный (1,3K);1240C002;045M
http://rashodnika.net/Canon-Cartridge-045Y.html;Canon 045 Тонер-картридж желтый (1,3K);1239C002;045Y
http://rashodnika.net/C-EXV45Bk.html;Canon C-EXV45Bk Тонер черный;6942B002;C-EXV45Bk
http://rashodnika.net/C-EXV45C.html;Canon C-EXV45C Тонер голубой;6944B002;C-EXV45C
http://rashodnika.net/C-EXV45M.html;Canon C-EXV45M Тонер пурпурный;6946B002;C-EXV45M
http://rashodnika.net/C-EXV45Y.html;Canon C-EXV45Y Тонер желтый;6948B002;C-EXV45Y
http://rashodnika.net/Canon-Cartridge-046-BK.html;Canon 046 Тонер-картридж черный (2.2K);1250C002;046Bk
http://rashodnika.net/Canon-Cartridge-046-C.html;Canon 046 Тонер-картридж голубой (2.3K);1249C002;046C
http://rashodnika.net/Canon-Cartridge-046H-BK.html;Canon 046 Тонер-картридж черный (6.3K);1254C002;046HBk
http://rashodnika.net/Canon-Cartridge-046H-C.html;Canon 046 Тонер-картридж голубой (5K);1253C002;046HC
http://rashodnika.net/Canon-Cartridge-046H-M.html;Canon 046 Тонер-картридж пурпурный (5K);1252C002;046HM
http://rashodnika.net/Canon-Cartridge-046H-Y.html;Canon 046 Тонер-картридж желтый (5K);1251C002;046HY
http://rashodnika.net/Canon-Cartridge-046-M.html;Canon 046 Тонер-картридж пурпурный (2.3K);1248C002;046M
http://rashodnika.net/Canon-Cartridge-046-Y.html;Canon 046 Тонер-картридж желтый (2.3K);1247C002;046Y
http://rashodnika.net/canon-cartridge-047.html;Canon 047 Тонер-картридж черный (1.6K);2164C002;047
http://rashodnika.net/C-EXV47Bk.html;Canon C-EXV47Bk Тонер черный;8516B002;C-EXV47Bk
http://rashodnika.net/Canon-CEXV47Bk-DrumUnit.html;Canon C-EXV47DUBk Блок фотобарабана черный;8520B002;C-EXV47Bk DU
http://rashodnika.net/C-EXV47C.html;Canon C-EXV47C Тонер голубой;8517B002;C-EXV47C
http://rashodnika.net/Canon-CEXV47C-DrumUnit.html;Canon C-EXV47DUC Блок фотобарабана голубой;8521B002;C-EXV47C DU
http://rashodnika.net/C-EXV47M.html;Canon C-EXV47M Тонер пурпурный;8518B002;C-EXV47M
http://rashodnika.net/Canon-CEXV47M-DrumUnit.html;Canon C-EXV47DUM Блок фотобарабана пурпурный;8522B002;C-EXV47M DU
http://rashodnika.net/C-EXV47Y.html;Canon C-EXV47Y Тонер желтый;8519B002;C-EXV47Y
http://rashodnika.net/Canon-CEXV47Y-DrumUnit.html;Canon C-EXV47DUY Блок фотобарабана желтый;8523B002;C-EXV47Y DU
http://rashodnika.net/C-EXV48Bk.html;Canon C-EXV48Bk Тонер черный;9106B002;C-EXV48Bk
http://rashodnika.net/C-EXV48C.html;Canon C-EXV48C Тонер голубой;9107B002;C-EXV48C
http://rashodnika.net/C-EXV48M.html;Canon C-EXV48M Тонер пурпурный;9108B002;C-EXV48M
http://rashodnika.net/C-EXV48Y.html;Canon C-EXV48Y Тонер желтый;9109B002;C-EXV48Y
http://rashodnika.net/canon-drum-049.html;Canon 049 Драм картридж (фотобарабан);2165C001;049
http://rashodnika.net/Canon-CEXV49-Drum.html;Canon C-EXV49 Блок фотобарабана;8528B003;C-EXV49 Drum
http://rashodnika.net/Canon-CEXV49Bk-Toner.html;Canon C-EXV49Bk Тонер черный;8524B002;C-EXV49Bk
http://rashodnika.net/Canon-CEXV49C-Toner.html;Canon C-EXV49C Тонер голубой;8525B002;C-EXV49C
http://rashodnika.net/Canon-CEXV49M-Toner.html;Canon C-EXV49M Тонер пурпурный;8526B002;C-EXV49M
http://rashodnika.net/Canon-CEXV49Y-Toner.html;Canon C-EXV49Y Тонер желтый;8527B002;C-EXV49Y
http://rashodnika.net/Canon-CEXV50.html;Canon C-EXV50 Тонер черный;9436B002;C-EXV50
http://rashodnika.net/Canon-CEXV50-Drum-Unit.html;Canon C-EXV50 Блок фотобарабана;94367002;C-EXV50 Drum
http://rashodnika.net/canon-cartridge-051.html;Canon 051 Тонер-картридж черный (1.7K);2168C002;051
http://rashodnika.net/canon-drum-cartridge-051.html;Canon 051 Драм-картридж (фотобарабан);2170C001;051 Drum
http://rashodnika.net/canon-cartridge-051H.html;Canon 051H Тонер-картридж черный (4.1K);2169C002;051H
http://rashodnika.net/Canon-CEXV51-Drum.html;Canon C-EXV51 Блок фотобарабана;0488C002;C-EXV51 DU
http://rashodnika.net/Canon-CEXV51Bk-Toner.html;Canon C-EXV51Bk Тонер черный;0481C002;C-EXV51Bk
http://rashodnika.net/Canon-CEXV51C-Toner.html;Canon C-EXV51C Тонер голубой (60K);0482C002;C-EXV51C
http://rashodnika.net/Canon-CEXV51LC-Toner.html;Canon C-EXV51LC Тонер голубой (26K);0485C002;C-EXV51LC
http://rashodnika.net/Canon-CEXV51LM-Toner.html;Canon C-EXV51M Тонер пурпурный (26K);0486C002;C-EXV51LM
http://rashodnika.net/Canon-CEXV51LY-Toner.html;Canon C-EXV51Y Тонер желтый (26K);0487C002;C-EXV51LY
http://rashodnika.net/Canon-CEXV51M-Toner.html;Canon C-EXV51M Тонер пурпурный (60K);0483C002;C-EXV51M
http://rashodnika.net/Canon-CEXV51Y-Toner.html;Canon C-EXV51Y Тонер желтый (60K);0484C002;C-EXV51Y
http://rashodnika.net/canon-cartridge-052.html;Canon 052 Тонер-картридж черный (3.1K);2199C002;052Bk
http://rashodnika.net/canon-cartridge-052h.html;Canon 052H Тонер-картридж черный (9.2K);2200C002;052HBk
http://rashodnika.net/2_1_1_225.html;Canon EP-52 Тонер-картридж черный;3839A002;EP-52
http://rashodnika.net/canon-cexv53-bk-drum.html;Canon C-EXV53 Фотобарабан;0475C002;C-EXV53 Drum
http://rashodnika.net/canon-cexv53-bk-toner.html;Canon C-EXV53Bk Тонер-картридж черный;0473C002;C-EXV53
http://rashodnika.net/canon-cartridge-054-bk.html;Canon 054 Тонер-картридж черный (1.5K);3024C002;054 Bk
http://rashodnika.net/canon-cartridge-054-c.html;Canon 054 Тонер-картридж голубой (1.2K);3023C002;054 C
http://rashodnika.net/canon-cartridge-054h-bk.html;Canon 054H Тонер-картридж черный (3.1K);3028C002;054H Bk
http://rashodnika.net/canon-cartridge-054h-c.html;Canon 054H Тонер-картридж голубой (2.3K);3027C002;054H C
http://rashodnika.net/canon-cartridge-054h-m.html;Canon 054H Тонер-картридж пурпурный (2.3K);3026C002;054H M
http://rashodnika.net/canon-cartridge-054h-y.html;Canon 054H Тонер-картридж желтый (2.3K);3025C002;054H Y
http://rashodnika.net/canon-cartridge-054-m.html;Canon 054 Тонер-картридж пурпурный (1.2K);3022C002;054 M
http://rashodnika.net/canon-cartridge-054-y.html;Canon 054 Тонер-картридж желтый (1.2K);3021C002;054 Y
http://rashodnika.net/Canon-CEXV54Bk-Toner.html;Canon C-EXV54Bk Тонер черный;1394C002;C-EXV54Bk
http://rashodnika.net/Canon-CEXV54C-Toner.html;Canon C-EXV54C Тонер голубой;1395C002;C-EXV54C
http://rashodnika.net/Canon-CEXV54M-Toner.html;Canon C-EXV54M Тонер пурпурный;1396C002;C-EXV54M
http://rashodnika.net/Canon-CEXV54Y-Toner.html;Canon C-EXV54Y Тонер желтый;1397C002;C-EXV54Y
http://rashodnika.net/canon-cartridge-055-bk.html;Canon 055 Тонер-картридж черный (2.3K);3016C002;055 Bk
http://rashodnika.net/canon-cartridge-055-c.html;Canon 055 Тонер-картридж голубой (2.1K);3015C002;055 C
http://rashodnika.net/canon-cartridge-055h-bk.html;Canon 055H Тонер-картридж черный (7.6K);3020C002;055H Bk
http://rashodnika.net/canon-cartridge-055h-c.html;Canon 055H Тонер-картридж голубой (5.9K);3019C002;055H C
http://rashodnika.net/canon-cartridge-055h-m.html;Canon 055 Тонер-картридж пурпурный (5.9K);3018C002;055H M
http://rashodnika.net/canon-cartridge-055h-y.html;Canon 055H Тонер-картридж желтый (5.9K);3017C002;055H Y
http://rashodnika.net/canon-cartridge-055-m.html;Canon 055 Тонер-картридж пурпурный (2.1K);3014C002;055 M
http://rashodnika.net/canon-cartridge-055-y.html;Canon 055 Тонер-картридж желтый (2.1K);3013C002;055 Y
http://rashodnika.net/2_1_1_270.html;Canon GP55 / GP30 Тонер черный;1387A007;GP-55
http://rashodnika.net/canon-cartridge-056.html;Canon 056 Тонер-картридж черный (10K);3007C002;056
http://rashodnika.net/canon-cartridge-056H.html;Canon 056H Тонер-картридж черный (21K);3008C002;056H
http://rashodnika.net/canon-cartridge-056L.html;Canon 056L Тонер-картридж черный (5.1K);3006C002;056L
http://rashodnika.net/canon-cartridge-057.html;Canon 057 Тонер-картридж черный (3.1K);3009C002;057
http://rashodnika.net/canon-cartridge-057H.html;Canon 057H Тонер-картридж черный (10K);3010C002;057H
http://rashodnika.net/canon-c-exv-59-drum.html;Canon C-EXV59 Блок фотобарабана;3761C002;C-EXV59 Drum
http://rashodnika.net/canon-c-exv-59-toner.html;Canon C-EXV59 Тонер-картридж черный;3760C002;C-EXV59 Toner
http://rashodnika.net/EP62.html;Canon EP-62 Тонер-картридж черный;3842A002;EP-62
http://rashodnika.net/2_1_1_226.html;Canon EP-65 Тонер-картридж черный;6751A003;EP-65
http://rashodnika.net/2_1_1_227.html;Canon EP-72 Тонер-картридж черный;3845A002;EP-72
http://rashodnika.net/2_1_1_278.html;Canon IR70/75 Тонер 2шт.;6009A001;IR-75
http://rashodnika.net/EP83-Drum.html;Canon EP-83 Блок фотобарабана;1506A013;EP-83 Drum
http://rashodnika.net/2_1_1_228.html;Canon EP-83 Тонер-картридж черный;1510A013;EP-83Bk
http://rashodnika.net/EP83C.html;Canon EP-83 Тонер-картридж голубой;1509A013;EP-83C
http://rashodnika.net/EP83M.html;Canon EP-83 Тонер-картридж пурпурный;1508A013;EP-83M
http://rashodnika.net/EP83Y.html;Canon EP-83 Тонер-картридж желтый;1507A013;EP-83C
http://rashodnika.net/2_1_1_232.html;Canon EP-85 Тонер-картридж черный;6825A004;EP-85BK
http://rashodnika.net/2_1_1_233.html;Canon EP-85 Тонер-картридж голубой;6824A004;EP-85C
http://rashodnika.net/2_1_1_234.html;Canon EP-85 Тонер-картридж пурпурный;6823A004;EP-85M
http://rashodnika.net/2_1_1_235.html;Canon EP-85 Тонер-картридж желтый;6822A004;EP-85Y
http://rashodnika.net/EP87-Drum.html;Canon EP-87 Блок фотобарабана;7429A003;EP-87 Drum
http://rashodnika.net/2_1_1_236.html;Canon EP-87 Тонер-картридж черный;7433A003;EP-87Bk
http://rashodnika.net/2_1_1_237.html;Canon EP-87 Тонер-картридж голубой;7432A003;EP-87C
http://rashodnika.net/2_1_1_238.html;Canon EP-87 Тонер-картридж пурпурный;7431A003;EP-87M
http://rashodnika.net/2_1_1_239.html;Canon EP-87 Тонер-картридж желтый;7430A003;EP-87Y
http://rashodnika.net/2_1_1_335.html;Canon UM-98F Печка;0361B010;UM-98F
http://rashodnika.net/2_1_1_337.html;Canon WT-98C Контейнер для отработанного тонера;0361B009;WT-98C
http://rashodnika.net/F100.html;Canon Тонер-картридж черный;1489A002;F-100
http://rashodnika.net/2_1_1_282.html;Canon NP-115 Тонер-туба 4шт.;1358A003;NP-115
http://rashodnika.net/2_1_1_283.html;Canon NP112/115 Блок фотобарабана;1312A001;NP-115 Drum
http://rashodnika.net/2_1_1_284.html;Canon NP-120 Тонер черный 2шт.;1359A003;NP-120
http://rashodnika.net/2_1_1_285.html;Canon NP-120 Блок фотобарабана;KF1-5400;NP-120 Drum
http://rashodnika.net/2_1_1_287.html;Canon NP-150/155 Тонер-туба 4шт.;1360A004;NP-150
http://rashodnika.net/2_1_1_288.html;Canon NP-150/155 Блок фотобарабана;1314A002;NP-150 Drum
http://rashodnika.net/2_1_1_188.html;Canon CLC200 Блок фотобарабана;1352A001;CLC200 Drum
http://rashodnika.net/2_1_1_291.html;Canon NP-200 Тонер-туба 4шт.;1357A003;NP-200
http://rashodnika.net/Canon-FX-202-Fuser.html;Canon FX-202 Узел термозакрепления в сборе (Печка);FM1-D277;FX-202
http://rashodnika.net/Canon-WT-202-Waste.html;Canon WT-202 Емкость для отработанного тонера;FM1-A606;WT-202
http://rashodnika.net/2_1_1_292.html;Canon NP-210 Блок фотобарабана;KF1-5200;NP-210 Drum
http://rashodnika.net/2_1_1_267.html;Canon GP-215 Тонер черный;1388A002;GP215 Toner
http://rashodnika.net/2_1_1_268.html;Canon GP-215 Блок фотобарабана;1341A002;GP-215 Drum
http://rashodnika.net/2_1_1_293.html;Canon NP-250 Блок фотобарабана;1310A002;NP-250 Drum
http://rashodnika.net/2_1_1_189.html;Canon CLC300 Девелопер черный /Starter K/;1451A001;CLC300Bk Starter
http://rashodnika.net/2_1_1_190.html;Canon CLC300 Тонер черный;1419A002;CLC300Bk Toner
http://rashodnika.net/2_1_1_191.html;Canon CLC300 Девелопер голубой /Starter C/;1457A001;CLC300C Starter
http://rashodnika.net/2_1_1_192.html;Canon CLC300 Тонер голубой;1425A002;CLC300C Toner
http://rashodnika.net/2_1_1_193.html;Canon CLC300 Девелопер пурпурный /Starter M/;1463A001;CLC300M Starter
http://rashodnika.net/2_1_1_194.html;Canon CLC300 Тонер пурпурный;1431A002;CLC300M Toner
http://rashodnika.net/2_1_1_195.html;Canon CLC300 Девелопер желтый /Starter Y/;1469A001;CLC300Y Starter
http://rashodnika.net/2_1_1_196.html;Canon CLC300 Тонер желтый;1437A002;CLC300Y Toner
http://rashodnika.net/GP-300-Drum.html;Canon GP-300/400 Блок фотобарабана;1342A002;GP-300 Drum
http://rashodnika.net/2_1_1_271.html;Canon GP300 / 400 Тонер черный (2шт.);1389A003;GP-300 Toner
http://rashodnika.net/2_1_1_300.html;Canon NP-400/500 Блок фотобарабана;KF1-5600;NP-400 Drum
http://rashodnika.net/CLC500Bk-Starter.html;Canon CLC500 Девелопер черный /Starter K/;1452A001;CLC500Bk Starter
http://rashodnika.net/2_1_1_206.html;Canon CLC500 Тонер черный;1420A001;CLC500Bk Toner
http://rashodnika.net/CLC500C-Starter.html;Canon CLC500 Девелопер голубой /Starter C/;1458A001;CLC500C Starter
http://rashodnika.net/2_1_1_207.html;Canon CLC500 Тонер голубой;1426A001;CLC500C Toner
http://rashodnika.net/CLC500M-Starter.html;Canon CLC500 Девелопер пурпурный /Starter M/;1464A001;CLC500M Starter
http://rashodnika.net/2_1_1_209.html;Canon CLC500 Тонер пурпурный;1432A001;CLC500M Toner
http://rashodnika.net/CLC500Y-Starter.html;Canon CLC500 Девелопер желтый /Starter Y/;1470A001;CLC500Y Starter
http://rashodnika.net/2_1_1_210.html;Canon CLC500 Тонер желтый;1438A001;CLC500Y Toner
http://rashodnika.net/2_1_1_208.html;Canon CLC500/550 Блок фотобарабана;1353A001;CLC550 Drum
http://rashodnika.net/2_1_1_273.html;Canon GP-605/555 Тонер черный;1390A002;GP-605
http://rashodnika.net/2_1_1_211.html;Canon CLC700 Девелопер черный /Starter K/;1453A001;CLC700B Starter
http://rashodnika.net/2_1_1_212.html;Canon CLC700 Тонер черный;1421A001;CLC700Bk Toner
http://rashodnika.net/2_1_1_213.html;Canon CLC700  Девелопер голубой /Starter C/;1459A001;CLC700C Starter
http://rashodnika.net/2_1_1_214.html;Canon CLC700  Тонер голубой;1427A001;CLC700C Toner
http://rashodnika.net/2_1_1_215.html;Canon CLC700  Девелопер пурпурный /Starter M/;1465A001;CLC700M Starter
http://rashodnika.net/2_1_1_216.html;Canon CLC700  Тонер пурпурный;1433A001;CLC700M Toner
http://rashodnika.net/2_1_1_217.html;Canon CLC700  Девелопер желтый /Starter Y/;1471A001;CLC700Y Starter
http://rashodnika.net/2_1_1_218.html;Canon CLC700 Тонер желтый;1439A001;CLC700Y Toner
http://rashodnika.net/2_1_1_1.html;Canon 701Bk Тонер-картридж черный;9287A003;701Bk
http://rashodnika.net/2_1_1_2.html;Canon 701C Тонер-картридж голубой (5000 стр.);9286A003;701C
http://rashodnika.net/2_1_1_3.html;Canon 701 Блок фотобарабана;9623A003;701 Drum
http://rashodnika.net/2_1_1_4.html;Canon 701LC Тонер-картридж голубой (2000 стр.);9290A003;701LC
http://rashodnika.net/2_1_1_5.html;Canon 701LM Тонер-картридж пурпурный (2000 стр.);9289A003;701LM
http://rashodnika.net/2_1_1_6.html;Canon 701LY Тонер-картридж желтый (2000 стр.);9288A003;701LY
http://rashodnika.net/2_1_1_7.html;Canon 701M Тонер-картридж пурпурный (5000 стр.);9285A003;701M
http://rashodnika.net/2_1_1_8.html;Canon 701Y Тонер-картридж желтый (5000 стр.);9284A003;701Y
http://rashodnika.net/2_1_1_9.html;Canon 702Bk Тонер-картридж черный;9645A004;702Bk
http://rashodnika.net/2_1_1_11.html;Canon 702Bk Блок фотобарабана черный;9628A004;702Bk Drum
http://rashodnika.net/2_1_1_12.html;Canon 702C Тонер-картридж голубой;9644A004;702C
http://rashodnika.net/2_1_1_13.html;Canon 702C Блок фотобарабана голубой;9627A004;702C Drum
http://rashodnika.net/2_1_1_14.html;Canon 702M Тонер-картридж пурпурный;9643A004;702M
http://rashodnika.net/2_1_1_15.html;Canon 702M Блок фотобарабана пурпурный;9625A004;702M Drum
http://rashodnika.net/2_1_1_16.html;Canon 702Y Тонер-картридж желтый;9642A004;702Y
http://rashodnika.net/2_1_1_17.html;Canon 702Y Блок фотобарабана желтый;9624A004;702Y Drum
http://rashodnika.net/2_1_1_18.html;Canon 703 Тонер-картридж черный;7616A005;703
http://rashodnika.net/2_1_1_19.html;Canon 705 Тонер-картридж черный;0265B002;705
http://rashodnika.net/2_1_1_20.html;Canon 706 Тонер-картридж черный;0264B002;706
http://rashodnika.net/2_1_1_21.html;Canon 707Bk Тонер-картридж черный;9424A004;707Bk
http://rashodnika.net/2_1_1_22.html;Canon 707C Тонер-картридж голубой;9423A004;707C
http://rashodnika.net/2_1_1_23.html;Canon 707M Тонер-картридж пурпурный;9422A004;707M
http://rashodnika.net/2_1_1_24.html;Canon 707Y Тонер-картридж желтый;9421A004;707Y
http://rashodnika.net/2_1_1_25.html;Canon 708 Тонер-картридж черный (2500 стр.);0266B002;708
http://rashodnika.net/2_1_1_26.html;Canon 708H Тонер-картридж черный (6000 стр.);0917B002;708H
http://rashodnika.net/2_1_1_27.html;Canon 710 Тонер-картридж черный;0985B001;710
http://rashodnika.net/2_1_1_28.html;Canon 710H Тонер-картридж черный (12000 стр.);0986B001;710H
http://rashodnika.net/2_1_1_29.html;Canon 711Bk Тонер-картридж черный;1660B002;711Bk
http://rashodnika.net/2_1_1_30.html;Canon 711C Тонер-картридж голубой;1659B002;711C
http://rashodnika.net/2_1_1_31.html;Canon 711M Тонер-картридж пурпурный;1658B002;711M
http://rashodnika.net/2_1_1_32.html;Canon 711Y Тонер-картридж желтый;1657B002;711Y
http://rashodnika.net/2_1_1_33.html;Canon 712 Тонер-картридж черный;1870B002;712
http://rashodnika.net/2_1_1_34.html;Canon 713 Тонер-картридж черный ;1871B002;713
http://rashodnika.net/2_1_1_35.html;Canon 714 Тонер-картридж черный;1153B002;714
http://rashodnika.net/2_1_1_36.html;Canon 715 Тонер-картридж черный  (3000 стр.);1975B002;715
http://rashodnika.net/2_1_1_37.html;Canon 715H Тонер-картридж черный (7000 стр.);1976B002;715H
http://rashodnika.net/2_1_1_38.html;Canon 716Bk Тонер-картридж черный;1980B002;716Bk
http://rashodnika.net/2_1_1_39.html;Canon 716C Тонер-картридж голубой;1979B002;716C
http://rashodnika.net/2_1_1_40.html;Canon 716M Тонер-картридж пурпурный;1978B002;716M
http://rashodnika.net/2_1_1_41.html;Canon 716Y Тонер-картридж желтый;1977B002;716Y
http://rashodnika.net/2_1_1_42.html;Canon 717C Тонер-картридж голубой;2577B002;717C
http://rashodnika.net/2_1_1_43.html;Canon 717M Тонер-картридж пурпурный;2576B002;717M
http://rashodnika.net/2_1_1_44.html;Canon 717Y Тонер-картридж желтый;2575B002;717Y
http://rashodnika.net/2_1_1_45.html;Canon 718Bk Тонер-картридж черный;2662B002;718Bk
http://rashodnika.net/C-718BK-VP.html;Canon Двойная упаковка картриджа 718 Bk;2662B005;718Bk VP
http://rashodnika.net/C-718C.html;Canon 718C Тонер-картридж голубой;2661B002;718C
http://rashodnika.net/C-718M.html;Canon 718M Тонер-картридж пурпурный;2660B002;718M
http://rashodnika.net/C-718Y.html;Canon 718Y Тонер-картридж желтый;2659B002;718Y
http://rashodnika.net/2_1_1_49.html;Canon 719 Тонер-картридж черный (2100 стр.);3479B002;719
http://rashodnika.net/2_1_1_50.html;Canon 719H Тонер-картридж черный (6400 стр.);3480B002;719H
http://rashodnika.net/2_1_1_51.html;Canon 720 Тонер-картридж черный;2617B002;720
http://rashodnika.net/2_1_1_52.html;Canon 723Bk Тонер-картридж черный;2644B002;723Bk
http://rashodnika.net/C-723C.html;Canon 723C Тонер-картридж голубой;2643B002;723C
http://rashodnika.net/C-723H.html;Canon 723H Тонер-картридж черный;2645B002;723H
http://rashodnika.net/C-723M.html;Canon 723M Тонер-картридж пурпурный;2642B002;723M
http://rashodnika.net/C-723Y.html;Canon 723Y Тонер-картридж желтый;2641B002;723Y
http://rashodnika.net/2_1_1_336.html;Canon WT-723 Контейнер для отработанного тонера;3338B003;WT-723
http://rashodnika.net/2_1_1_57.html;Canon 724 Тонер-картридж черный;3481B002;724
http://rashodnika.net/2_1_1_58.html;Canon 724H Тонер-картридж черный;3482B002;724H
http://rashodnika.net/2_1_1_59.html;Canon 725 Тонер-картридж черный;3484B002;725
http://rashodnika.net/2_1_1_60.html;Canon 726 Тонер-картридж черный;3483B002;726
http://rashodnika.net/2_1_1_61.html;Canon 728 Тонер-картридж черный;3500B002;728
http://rashodnika.net/C-729Bk.html;Canon 729BK Тонер-картридж черный;4370B002;729Bk
http://rashodnika.net/C-729C.html;Canon 729 Тонер-картридж голубой;4369B002;729C
http://rashodnika.net/C-729M.html;Canon 729 Тонер-картридж пурпурный;4368B002;729M
http://rashodnika.net/C-729Y.html;Canon 729 Тонер-картридж желтый;4367B002;729Y
http://rashodnika.net/C-731-Bk.html;Canon 731Bk Тонер-картридж черный 1.4K;6272B002;731Bk
http://rashodnika.net/C-731C.html;Canon 731C Тонер-картридж голубой;6271B002;731C
http://rashodnika.net/C-731H-Bk.html;Canon 731H Тонер-картридж черный 2.4K;6273B002;731H
http://rashodnika.net/C-731M.html;Canon 731M Тонер-картридж пурпурный;6270B002;731M
http://rashodnika.net/C-731Y.html;Canon 731Y Тонер-картридж желтый;6269B002;731Y
http://rashodnika.net/C-732Bk.html;Canon 732Bk Тонер-картридж черный 6.1K;6263B002;732Bk
http://rashodnika.net/C-732C.html;Canon 732C Тонер-картридж голубой;6262B002;732C
http://rashodnika.net/C-732HBk.html;Canon 732H Тонер-картридж черный 12K;6264B002;732H
http://rashodnika.net/C-732M.html;Canon 732M Тонер-картридж пурпурный;6261B002;732M
http://rashodnika.net/C-732Y.html;Canon 732Y Тонер-картридж желтый;6260B002;732Y
http://rashodnika.net/C-737.html;Canon 737 Тонер-картридж черный;9435B002;737
http://rashodnika.net/2_1_1_178.html;Canon CLC-1000 Блок фотобарабана;1355A001;CLC-1000 Drum
http://rashodnika.net/2_1_1_176.html;Canon CLC1000 Тонер черный;1422A002;CLC-1000Bk Toner
http://rashodnika.net/CLC1000Bk-Starter.html;Canon CLC1000 Девелопер черный /Starter K/;1454A001;CLC-1000Bk Starter
http://rashodnika.net/CLC1000C-Starter.html;Canon CLC1000 Девелопер голубой /Starter C/;1460A001;CLC-1000C Starter
http://rashodnika.net/2_1_1_177.html;Canon CLC1000 Тонер голубой;1428A002;CLC-1000C Toner
http://rashodnika.net/2_1_1_180.html;Canon CLC1000 Девелопер пурпурный /Starter M/;1466A001;CLC-1000M Starter
http://rashodnika.net/2_1_1_179.html;Canon CLC1000 Тонер пурпурный;1434A002;CLC-1000M Toner
http://rashodnika.net/CLC1000Y-Starter.html;Canon CLC1000 Девелопер желтый /Starter Y/;1472A001;CLC-1000Y Starter
http://rashodnika.net/2_1_1_181.html;Canon CLC1000 Тонер желтый;1440A002;CLC-1000Y Toner
http://rashodnika.net/2_1_1_280.html;Canon NP-1010 Тонер черный (2шт.);1369A002;NP-1010
http://rashodnika.net/2_1_1_281.html;Canon NP-1010 Блок фотобарабана;1315A001;NP-1010 Drum
http://rashodnika.net/2_1_1_184.html;Canon CLC-1100 Фотобарабан;1356A001;CLC-1100 Drum
http://rashodnika.net/2_1_1_182.html;Canon CLC-1100 Тонер черный;1423A002;CLC-1100Bk
http://rashodnika.net/CLC-1100Bk-Starter.html;Canon CLC-1100 Девелопер черный /Starter K/;1455A001;CLC-1100Bk Starter
http://rashodnika.net/2_1_1_183.html;Canon CLC-1100 Тонер голубой;1429A002;CLC-1100C
http://rashodnika.net/CLC-1100C-Starter.html;Canon CLC-1100 Девелопер голубой /Starter C/;1461A001;CLC-1100C Starter
http://rashodnika.net/2_1_1_185.html;Canon CLC-1100 Тонер пурпурный;1435A002;CLC-1100M
http://rashodnika.net/CLC-1100M-Starter.html;Canon CLC-1100 Девелопер пурпурный /Starter M/;1467A001;CLC-1100M Starter
http://rashodnika.net/2_1_1_187.html;Canon CLC-1100 Тонер желтый;1441A002;CLC-1100Y
http://rashodnika.net/2_1_1_186.html;Canon CLC-1100 Девелопер желтый /Starter Y/;1473A001;CLC-1100Y Starter
http://rashodnika.net/FM3-2819.html;Canon Емкость отработанного тонера;FM3-2819;iR1110 waste
http://rashodnika.net/FG6-7945.html;Canon Печка в сборе 220V;FG6-7945;iR1210 fuser
http://rashodnika.net/Canon-FM1-A605.html;Canon Блок ремня переноса;FM1-B264;
http://rashodnika.net/Canon-FM1-B264.html;Canon Блок проявки желтый;FM1-B264;
http://rashodnika.net/Canon-FM1-B265.html;Canon Блок проявки пурпурный;FM1-B265;
http://rashodnika.net/Canon-FM1-B266.html;Canon Блок проявки голубой;FM1-B266;
http://rashodnika.net/Canon-FM1-B267.html;Canon Блок проявки черный;FM1-B267;
http://rashodnika.net/2_1_1_289.html;Canon NP-2000/2015 Тонер черный 4шт. ;1362A003;NP-2000
http://rashodnika.net/2_1_1_290.html;Canon NP-2000/2015 Блок фотобарабана;1317A002;NP-2000 Drum
http://rashodnika.net/FG6-6040.html;Canon Печка в сборе 220v;FG6-6040;iR2200 fuser
http://rashodnika.net/2_1_1_294.html;Canon NP-3025/3000 Тонер черный. 2шт.;1363A002;NP-3025
http://rashodnika.net/2_1_1_295.html;Canon NP-3025 Блок фотобарабана;1318A004;NP-3025 Drum
http://rashodnika.net/2_1_1_296.html;Canon NP-3825 Тонер черный 2шт.;1370A003;NP-3825
http://rashodnika.net/2_1_1_297.html;Canon NP-3825 Блок фотобарабана;1319A003;NP-3825 Drum
http://rashodnika.net/2_1_1_298.html;Canon NP-4000 Тонер черный;1365A002;NP-4000
http://rashodnika.net/2_1_1_299.html;Canon NP-4000 Блок фотобарабана;F43-0711;NP-4000 Drum
http://rashodnika.net/2_1_1_301.html;Canon NP-4835 Тонер черный;1371A002;NP-4835
http://rashodnika.net/2_1_1_302.html;Canon NP-4835 Блок фотобарабана;1321A001;NP-4835 Drum
http://rashodnika.net/2_1_1_197.html;Canon CLC5000 Тонер черный;6601A002;CLC5000Bk Toner
http://rashodnika.net/2_1_1_199.html;Canon  CLC5000 Тонер голубой;6602A002;CLC5000C Toner
http://rashodnika.net/2_1_1_201.html;Canon CLC5000 Блок фотобарабана;8816A004;CLC5000 Drum
http://rashodnika.net/2_1_1_202.html;Canon CLC5000 Тонер пурпурный;6603A002;CLC5000M Toner
http://rashodnika.net/2_1_1_204.html;Canon CLC5000 Тонер желтый;6604A002;CLC5000Y Toner
http://rashodnika.net/2_1_1_198.html;Canon  CLC5000 Девелопер черный /Starter K/;6606A002;CLC5000Bk Starter
http://rashodnika.net/2_1_1_200.html;Canon CLC5000 Девелопер голубой /Starter C/;6607A002;CLC5000C Starter
http://rashodnika.net/2_1_1_203.html;Canon CLC5000 Девелопер пурпурный /Starter M/;6608A002;CLC5000M Starter
http://rashodnika.net/2_1_1_205.html;Canon CLC5000 Девелопер желтый /Starter Y/;6609A002;CLC5000Y Starter
http://rashodnika.net/FM2-0446.html;Canon Блок проявки цветной;FM2-0446;iR5800 DevCol
http://rashodnika.net/2_1_1_303.html;Canon NP-6000 / 7000 / 8000 Тонер черный;1366A002;NP-6000
http://rashodnika.net/2_1_1_304.html;Canon NP6000 / NPG3 Блок фотобарабана;1324A008;NP-6000 Drum
http://rashodnika.net/2_1_1_305.html;Canon NP-6330 Блок фотобарабана;1322A002;NP-6330 Drum
http://rashodnika.net/2_1_1_306.html;Canon NP-7000 Блок фотобарабана;1323A002;NP-7000 Drum
http://rashodnika.net/2_1_1_307.html;Canon NP-9030/9330 Тонер черный 2шт.;1367A002;NP-9030
