http://rashodnika.net/MC-01.html;CANON MC-01 Емкость для отработанных чернил;9004A005;MC-01
http://rashodnika.net/2_1_2_1.html;CANON BC-02 Картридж черный;0881A002;BC-02
http://rashodnika.net/2_1_2_106.html;CANON BX-2 Картридж черный;0882A002;BX-2
http://rashodnika.net/2_1_2_60.html;CANON BCI-3eBK Картридж черный;4479A002;BCI-3eBK
http://rashodnika.net/2_1_2_62.html;CANON BCI-3eBK Двойная упаковка;4479A287;BCI-3eBK Twin
http://rashodnika.net/2_1_2_61.html;CANON BCI-3eC Картридж голубой;4480A002;BCI-3eC
http://rashodnika.net/2_1_2_63.html;CANON BCI-3e CMY Комплект картриджей;4480A265;BCI-3e CYM
http://rashodnika.net/BCI-3eCMYK.html;CANON BCI-3e Комплект картриджей CMYK ;4479A230;BCI-3e CMYK
http://rashodnika.net/2_1_2_64.html;CANON BCI-3eM Картридж пурпурный;4481A002;BCI-3eM
http://rashodnika.net/2_1_2_68.html;CANON BCI-3eY Картридж желтый;4482A002;BCI-3eY
http://rashodnika.net/2_1_2_65.html;CANON BCI-3PBK Картридж фото-черный;4485A002;BCI-3PBK
http://rashodnika.net/2_1_2_66.html;CANON BCI-3PC Картридж  фото-голубой;4483A002;BCI-3ePC
http://rashodnika.net/2_1_2_67.html;CANON BCI-3PM Картридж фото-пурпурный;4484A002;BCI-3ePM
http://rashodnika.net/2_1_2_108.html;CANON BX-3 Картридж черный;0884A002;BX-3
http://rashodnika.net/2_1_2_172.html;CANON PF-03 Печатающая головка;2251B001;PF-03
http://rashodnika.net/MC-04.html;CANON MC-04 Емкость для отработанных чернил;0170B003;MC-04
http://rashodnika.net/2_1_2_173.html;CANON PF-04 Печатающая головка;3630B001;PF-04
http://rashodnika.net/2_1_2_2.html;CANON BC-05 Картридж цветной;0885A002;BC-05
http://rashodnika.net/2_1_2_69.html;CANON BCI-5BK Картридж черный;0985A002;BCI-5BK
http://rashodnika.net/2_1_2_70.html;CANON BCI-5C Картридж голубой;0986A002;BCI-5C
http://rashodnika.net/2_1_2_71.html;CANON BCI-5M Картридж пурпурный;0987A002;BCI-5M
http://rashodnika.net/2_1_2_72.html;CANON BCI-5PC Картридж фото-голубой;0989A002;BCI-5PC
http://rashodnika.net/2_1_2_73.html;CANON BCI-5PM Картридж фото-пурпурный;0990A002;BCI-5PM
http://rashodnika.net/2_1_2_74.html;CANON BCI-5Y Картридж желтый;0988A002;BCI-5Y
http://rashodnika.net/2_1_2_165.html;CANON MC-05 Емкость для отработанных чернил;1320B003;MC-05
http://rashodnika.net/2_1_2_174.html;CANON PF-05 Печатающая головка;3872B001;PF-05
http://rashodnika.net/2_1_2_284.html;CANON PGI-5 PGBK Картридж черный;0628B024;PGI-5BK
http://rashodnika.net/2_1_2_285.html;CANON PGI-5 PGBK Двойная упаковка.;0628B030;PGI-5BK Twin
http://rashodnika.net/2_1_2_3.html;CANON BC-06 Фото картридж;0886A002;BC-06
http://rashodnika.net/2_1_2_79.html;CANON BCI-6  CMY Набор картриджей;4706A022;BCI-6 CMY
http://rashodnika.net/2_1_2_77.html;CANON BCI-6BK Картридж черный;4705A002;BCI-6BK
http://rashodnika.net/2_1_2_78.html;CANON BCI-6C Картридж голубой;4706A002;BCI-6C
http://rashodnika.net/2_1_2_80.html;CANON BCI-6G Картридж зеленый;9473A002;BCI-6G
http://rashodnika.net/2_1_2_81.html;CANON BCI-6M Картридж пурпурный;4707A002;BCI-6M
http://rashodnika.net/2_1_2_82.html;CANON BCI-6PC Картридж фото-голубой;4709A002;BCI-6PC
http://rashodnika.net/2_1_2_83.html;CANON BCI-6PM Картридж фото-пурпурный;4710A002;BCI-6PM
http://rashodnika.net/2_1_2_84.html;CANON BCI-6R Картридж красный;8891A002;BCI-6R
http://rashodnika.net/2_1_2_85.html;CANON BCI-6Y Картридж желтый;4708A002;BCI-6Y
http://rashodnika.net/canon-pf06.html;CANON PF-06 Печатающая головка;2352C001;PF-06
http://rashodnika.net/MC-07.html;CANON MC-07 Емкость для отработанных чернил;1320B008;MC-07
http://rashodnika.net/2_1_2_286.html;CANON PGI-7BK Черная пигментная чернильница;2444B001;PGI-7BK
http://rashodnika.net/2_1_2_86.html;CANON BCI-8BK Картридж черный;0977A002;BCI-8BK
http://rashodnika.net/2_1_2_87.html;CANON BCI-8C Картридж голубой;0979A002;BCI-8C
http://rashodnika.net/2_1_2_88.html;CANON BCI-8M Картридж пурпурный;0980A002;BCI-8M
http://rashodnika.net/2_1_2_89.html;CANON BCI-8PBK Картридж фото-черный;0982A002;BCI-8PBK
http://rashodnika.net/2_1_2_90.html;CANON BCI-8PC Картридж фото-голубой;0983A002;BCI-8PC
http://rashodnika.net/2_1_2_91.html;CANON BCI-8PM Картридж фото-пурпурный;0984A002;BCI-8PM
http://rashodnika.net/2_1_2_92.html;CANON BCI-8WF Картридж оптимизатор чернил;0978A002;BCI-8WF
http://rashodnika.net/2_1_2_93.html;CANON BCI-8Y Картридж желтый;0981A002;BCI-8Y
http://rashodnika.net/CLI-8-MP-pro9000.html;CANON CLI-8 Bk/PC/PM/R/G  Набор картриджей;0620B027;CLI-8BkPCPMRG
http://rashodnika.net/2_1_2_135.html;CANON CLI-8BK Картридж черный;0620B024;CLI-8BK
http://rashodnika.net/2_1_2_137.html;CANON CLI-8C Картридж голубой;0621B024;CLI-8C
http://rashodnika.net/CLI-8-MultiPack.html;CANON CLI-8CMY Набор картриджей;0621B029;CLI-8CMY
http://rashodnika.net/2_1_2_136.html;CANON CLI-8 CMYK ChromaLife Pack Набор картриджей с фотобумагой;0620B011;CLI-8CMYK+PP
http://rashodnika.net/2_1_2_138.html;CANON CLI-8G Картридж зеленый;0627B001;CLI-8G
http://rashodnika.net/2_1_2_139.html;CANON CLI-8M Картридж пурпурный;0622B024;CLI-8M
http://rashodnika.net/2_1_2_140.html;CANON CLI-8PC Картридж фото-голубой;0624B001;CLI-8PC
http://rashodnika.net/2_1_2_141.html;CANON CLI-8PM Картридж фото-пурпурный;0625B001;CLI-8PM
http://rashodnika.net/2_1_2_142.html;CANON CLI-8R Картридж красный;0626B024;CLI-8R
http://rashodnika.net/2_1_2_143.html;CANON CLI-8Y Картридж желтый;0623B024;CLI-8Y
http://rashodnika.net/2_1_2_166.html;CANON MC-08 Емкость для отработанных чернил;1320B006;MC-08
http://rashodnika.net/2_1_2_4.html;CANON BC-09F Флюоресцентный картридж;0888A002;BC-09F
http://rashodnika.net/2_1_2_167.html;CANON MC-09 Емкость для отработанных чернил;1320B012;MC-09
http://rashodnika.net/2_1_2_287.html;CANON PGI-9C Картридж голубой;1035B001;PGI-9C
http://rashodnika.net/2_1_2_288.html;CANON PGI-9 Clear Картридж прозрачный;2442B001;PGI-9Clear
http://rashodnika.net/2_1_2_289.html;CANON PGI-9G Картридж зеленый;1041B001;PGI-9G
http://rashodnika.net/2_1_2_290.html;CANON PGI-9GY Картридж серый;1042B001;PGI-9GY
http://rashodnika.net/2_1_2_291.html;CANON PGI-9M Картридж пурпурный;1036B001;PGI-9M
http://rashodnika.net/2_1_2_292.html;CANON PGI-9MBK Картридж черный матовый;1033B001;PGI-9MBK
http://rashodnika.net/PGI-9MP.html;CANON PGI-9 Набор фото-картриджей (MBK/PC/PM/R/G);1033B011;PGI-9 Multi
http://rashodnika.net/2_1_2_293.html;CANON PGI-9PBK Картридж черный фото;1034B002;PGI-9PBK
http://rashodnika.net/2_1_2_294.html;CANON PGI-9PC Картридж фото-голубой;1038B001;PGI-9PC
http://rashodnika.net/2_1_2_295.html;CANON PGI-9PM Картридж фото-пурпурный;1039B001;PGI-9PM
http://rashodnika.net/2_1_2_296.html;CANON PGI-9R Картридж красный;1040B001;PGI-9R
http://rashodnika.net/2_1_2_297.html;CANON PGI-9Y Картридж желтый;1037B001;PGI-9Y
http://rashodnika.net/2_1_2_5.html;CANON BC-10 Печатающая головка;0905A002;BC-10
http://rashodnika.net/2_1_2_24.html;CANON BCI-10Bk Чернильница черная (3 шт. в упаковке);0956A002;BCI-10Bk
http://rashodnika.net/2_1_2_168.html;CANON MC-10 Емкость для отработанных чернил;1320B014;MC-10
http://rashodnika.net/2_1_2_6.html;CANON BC-11e Печатающая головка с чернильницами BCI-11;0907A002;BC-11e
http://rashodnika.net/2_1_2_25.html;CANON BCI-11Bk Чернильница черная (3 шт. в упаковке);0957A002;BCI-11BK
http://rashodnika.net/2_1_2_26.html;CANON BCI-11 Color Чернильница цветная;0958A002;BCI-11C
http://rashodnika.net/2_1_2_7.html;CANON BC-12e Цветная фотоголовка с чернильцами BCI-12;0908A0020;BC-12e
http://rashodnika.net/2_1_2_31.html;CANON BCI-12Bk Фото черная чернильница (3 шт.);0959A002;BCI-12PBk
http://rashodnika.net/2_1_2_32.html;CANON BCI-12 Color Фото цветная чернильца;0960A002;BCI-12PC
http://rashodnika.net/2_1_2_47.html;CANON BCI-15Bk Картридж черный (2 шт.);8190A002;BCI-15Bk
http://rashodnika.net/2_1_2_48.html;CANON BCI-15 Color Картридж цветной (2 шт.);8191A002;BCI-15C
http://rashodnika.net/2_1_2_49.html;CANON BCI-16  Картриджи (2 шт.) и фотобумага;9818A017;BCI-16+
http://rashodnika.net/2_1_2_50.html;CANON BCI-16 Фото картридж (2 шт. в упаковке);9818A002;BCI-16
http://rashodnika.net/Canon-CD-16IL.html;CANON CD-16IL Набор для фотопечати, 25 отпечатков по 16 лейблов ;1995A001;CD-16IL
http://rashodnika.net/Canon-HS-16IL.html;CANON HS-16IL Набор для фотопечати 18 отпечатков по 16 лейблов ;1998A002;HS-16IL
http://rashodnika.net/2_1_2_169.html;CANON MC-16 Емкость для отработанных чернил;1320B010;MC-16
http://rashodnika.net/2_1_2_153.html;CANON HC-18IL Набор картриджа и самоклеющейся бумаги 18 листов;6931A001;HC-18IL
http://rashodnika.net/2_1_2_154.html;CANON HC-18IP Набор картриджа и бумаги 86*54мм 18 листов;6930A001;HC-18IP
http://rashodnika.net/Canon-HS-18IP.html;CANON HS-18IP Набор для панорамной фотопечати;1997A002;HS-18IP
http://rashodnika.net/2_1_2_157.html;CANON KC-18IF Набор с наклейками формата кредитной карты;7741A001;KC-18IF
http://rashodnika.net/2_1_2_158.html;CANON KC-18IL Набор с мини-наклейками;7740A001;KC-18IL
http://rashodnika.net/KC-18IS.html;CANON KC-18IS Наклейки 54*54мм;7429B001;KC-18IS
http://rashodnika.net/2_1_2_9.html;CANON BC-20 Картридж черный;0895A002;BC-20
http://rashodnika.net/2_1_2_107.html;CANON BX-20 Картридж черный;0896A002;BX-20
http://rashodnika.net/2_1_2_149.html;CANON E-P20G Gold Набор для фотопечати;2364B001;E-P20G
http://rashodnika.net/2_1_2_150.html;CANON E-P20S Silver Набор для фотопечати;2365B001;E-P20S
http://rashodnika.net/Canon-MC-20.html;CANON MC-20 Емкость для отработанных чернил;0628C002;MC-20
http://rashodnika.net/2_1_2_10.html;CANON BC-21e Печатающая головка с чернильницами BCI-21;0899A003;BC-21e
http://rashodnika.net/2_1_2_52.html;CANON BCI-21Bk Комплект из двух чернильниц;0954A380;BCI-21Bk Twin
http://rashodnika.net/2_1_2_51.html;CANON BCI-21 Комплект черной и цветной чернильниц;0954A379;BCI-21 BkCl
http://rashodnika.net/2_1_2_53.html;CANON BCI-21Bk Картридж черный;0954A002;BCI-21BK
http://rashodnika.net/2_1_2_54.html;CANON BCI-21C Картридж  цветной;0955A002;BCI-21C
http://rashodnika.net/BCI-21C_Twin.html;CANON BCI-21C TwinPack Двойная упаковка;0955A357;BCI-21C Twin
http://rashodnika.net/2_1_2_11.html;CANON BC-22e Фотокартридж;0902A002;BC-22e
http://rashodnika.net/2_1_2_59.html;CANON BCI-24Bk Чернильница черная двойная упаковка.;6881A009;BCI-24Bk Twin
http://rashodnika.net/2_1_2_55.html;CANON BCI-24 MultiPack  Комплект черного и цветного картриджей;6881A051;BCI-24BkCl
http://rashodnika.net/2_1_2_56.html;CANON BCI-24Bk Картридж черный;6881A002;BCI-24Bk
http://rashodnika.net/2_1_2_58.html;CANON BCI-24C Картридж цветной двойная упаковка.;6882A009;BCI-24C Twin
http://rashodnika.net/2_1_2_57.html;CANON BCI-24C Картридж цветной;6882A002;BCI-24C
http://rashodnika.net/2_1_2_164.html;CANON KW-24IP Набор с бумагой широкого формата;9401A001;KW-24
http://rashodnika.net/2_1_2_144.html;CANON E-C25 Набор для печати форматом кредитной карты;1249B001;E-C25
http://rashodnika.net/2_1_2_145.html;CANON E-C25L Набор с наклейками формата кредитной карты;1250B001;E-C25L
http://rashodnika.net/2_1_2_151.html;CANON E-P25BW Набор для фотопечати на 25 листов 10*15 черно-белых отпечатков;1251B001;E-P25BW
http://rashodnika.net/BC-29F.html;CANON BC-29F Флюоресцентный картридж;0904A002;BC-29F
http://rashodnika.net/PGI-29MpBk.html;CANON PGI-29 MBK / PBK / DGY / GY / LGY Набор картриджей;4868B005;PGI-29BkGy MP
http://rashodnika.net/PGI-29C.html;CANON PGI-29C Картридж голубой;4873B001;PGI-29C
http://rashodnika.net/PGI-29MpCol.html;CANON  PGI-29 C/M/Y/PC/PM/R Набор картриджей;4873B005;PGI-29Col MP
http://rashodnika.net/PGI-29CO.html;CANON PGI-29CO Картридж прозрачный;4879B001;PGI-29CO
http://rashodnika.net/PGI-29DGy.html;CANON PGI-29DGY Картридж темно-серый;4870B001;PGI-29DGY
http://rashodnika.net/PGI-29Gy.html;CANON PGI-29GY Картридж серый;4871B001;PGI-29GY
http://rashodnika.net/PGI-29LGy.html;CANON PGI-29LGY Картридж светло-серый;4872B001;PGI-29LGY
http://rashodnika.net/PGI-29M.html;CANON PGI-29M Картридж пурпурный;4874B001;PGI-29M
http://rashodnika.net/PGI-29MBk.html;CANON PGI-29MBk Чернильница матово-черная;4868B001;PGI-29MBk
http://rashodnika.net/PGI-29PBk.html;CANON PGI-29PBk Чернильница фото-черная;4869B001;PGI-29PBk
http://rashodnika.net/PGI-29PC.html;CANON PGI-29PC Картридж фото-голубой;4876B001;PGI-29PC
http://rashodnika.net/PGI-29PM.html;CANON PGI-29PM Картридж  фото-пурпурный;4877B001;PGI-29PM
http://rashodnika.net/PGI-29R.html;CANON PGI-29R Картридж красный;4878B001;PGI-29R
http://rashodnika.net/PGI-29Y.html;CANON PGI-29Y Чернильница желтая;4875B001;PGI-29Y
http://rashodnika.net/2_1_2_13.html;CANON BC-30e Печатающая головка с черной чернильницей BCI-3eBK;4608A002;BC-30e
http://rashodnika.net/2_1_2_105.html;CANON BP-30 Печатающая головка;0889A001;BP-30
http://rashodnika.net/canon-mc-30.html;CANON MC-30 Емкость для отработанных чернил;1156C002;MC-30
http://rashodnika.net/2_1_2_14.html;CANON BC-31e Печатающая головка с цветными чернильницами BCI-3e;4609A002;BC-31e
http://rashodnika.net/canon-mc-31.html;CANON MC-31 Емкость для отработанных чернил;1156C005;MC-31
http://rashodnika.net/2_1_2_15.html;CANON BC-32e Печатающая головка с фото чернильницами BCI-3e;4610A002;BC-32e
http://rashodnika.net/2_1_2_16.html;CANON BC-33e Печатающая головка с картриджами BCI-3e (BK/C/M/Y);4611A002;BC-33e
http://rashodnika.net/2_1_2_17.html;CANON BC-34e Фото печатающая головка с картриджами (Y/PM/PC/PBK);4612A002;BC-34e
http://rashodnika.net/2_1_2_280.html;CANON PGI-35Bk Картридж черный;1509B001;PGI-35Bk
http://rashodnika.net/PGI-35BkX2.html;CANON PGI-35Bk Двойная упаковка.;1509B012;PGI-35Bk Twin
http://rashodnika.net/2_1_2_118.html;CANON CLI-36 Картридж цветной;1511B001;CLI-36
http://rashodnika.net/CLI-36x2.html;CANON CLI-36 Двойная упаковка;1511B018;CLI-36 Twin
http://rashodnika.net/2_1_2_117.html;CANON CLI-36 Chromalife Pack с фотобумагой;1511B008;CLI-36 Chroma
http://rashodnika.net/2_1_2_155.html;CANON HC-36IP Набор картриджа и бумаги  86*54мм 36 отпечатков;6929A001;HC-36IP
http://rashodnika.net/Canon-HS-36IP.html;CANON HS-36IP Набор для фотопечати 10*15см 36 отпечатков;1996A003;HS-36IP
http://rashodnika.net/2_1_2_159.html;CANON KC-36IP Набор с бумагой формата кредитной карты;7739A001;KC-36
http://rashodnika.net/2_1_2_160.html;CANON KL-36IP Набор с бумагой L формата;7738A001;KL-36
http://rashodnika.net/2_1_2_162.html;CANON KP-36IP Набор на 36 фотографий 10*15;7737A001;KP-36
http://rashodnika.net/2_1_2_274.html;CANON PG-37 Картридж черный;2145B005;PG-37
http://rashodnika.net/2_1_2_109.html;CANON CL-38 Картридж цветной;2146B005;CL-38
http://rashodnika.net/canon-gi-40-pgbk.html;CANON GI-40 (PGBK) Флакон с черными чернилами;3385C001;GI-40PGBK
http://rashodnika.net/canon-gi-40-c.html;CANON GI-40 (C) Флакон с голубыми чернилами;3400C001;GI-40C
http://rashodnika.net/canon-gi-40-m.html;CANON GI-40 (M) Флакон с пурпурными чернилами;3401C001;GI-40M
http://rashodnika.net/canon-gi-40-y.html;CANON GI-40 (Y) Флакон с желтыми чернилами;3402C001;GI-40Y
http://rashodnika.net/2_1_2_275.html;CANON PG-40 Картридж черный 16мл.;0615B025;PG-40
http://rashodnika.net/2_1_2_276.html;CANON PG40/CL41 Набор картриджей;0615B043;PG-40+CL
http://rashodnika.net/2_1_2_110.html;CANON CL-41 Картридж цветной;0617B025;CL-41
http://rashodnika.net/2_1_2_111.html;CANON CL-41 ChromaLifePack Набор с картриджем и фотобумагой;0617B008;CL-41+
http://rashodnika.net/CLI-42BK.html;CANON CLI-42BK Картридж черный;6384B001;CLI-42BK
http://rashodnika.net/CLI-42C.html;CANON CLI-42C Картридж голубой;6385B001;CLI-42C
http://rashodnika.net/CLI-42GY.html;CANON CLI-42GY Картридж серый;6390B001;CLI-42GY
http://rashodnika.net/CLI-42LGY.html;CANON CLI-42LGY Картридж светло-серый;6391B001;CLI-42LGY
http://rashodnika.net/CLI-42M.html;CANON CLI-42M Картридж пурпурный;6386B001;CLI-42M
http://rashodnika.net/CLI-42PC.html;CANON CLI-42PC Картридж фото-голубой;6388B001;CLI-42PC
http://rashodnika.net/CLI-42PM.html;CANON CLI-42PM Картридж фото-пурпурный;6389B001;CLI-42PM
http://rashodnika.net/CLI-42Y.html;CANON CLI-42Y Картридж желтый;6387B001;CLI-42Y
http://rashodnika.net/PG-46.html;CANON PG-46 Картридж черный;9059B001;PG-46
http://rashodnika.net/BC-50.html;CANON BC-50 Печатающая головка;0937A002;BC-50
http://rashodnika.net/Canon-CD-50IP.html;CANON CD-50IP Набор картриджа и бумаги 50л. 10*15см;1994A003;CD-50IP
http://rashodnika.net/2_1_2_147.html;CANON E-L50 Набор для фотопечати 50 листов 89*119 мм;1248B001;E-L50
http://rashodnika.net/2_1_2_152.html;CANON E-P50 Набор для фотопечати 50 листов 10*15;1247B001;E-P50
http://rashodnika.net/2_1_2_277.html;CANON PG-50 Картридж черный 22мл.;0616B001;PG-50
http://rashodnika.net/2_1_2_112.html;CANON CL-51 Картридж цветной;0618B025;CL-51
http://rashodnika.net/2_1_2_116.html;CANON CL-52 Фотокартридж;0619B025;CL-52
http://rashodnika.net/Canon-RP-54.html;CANON RP-54 Набор на 54 фотографии 10*15cм ;8567B001;RP-54
http://rashodnika.net/CL-56.html;CANON CL-56 Картридж цветной;9064B001;CL-56
http://rashodnika.net/2_1_2_18.html;CANON BC-60 Черный картридж;0917A002;BC-60
http://rashodnika.net/2_1_2_19.html;CANON BC-61 Печатающая головка с цветным картриджем BCI-61;0918A002;BC-61
http://rashodnika.net/2_1_2_75.html;CANON BCI-61 Цветная чернильница;0968A002;BCI-61
http://rashodnika.net/2_1_2_20.html;CANON BC-62e Печатающая головка с фото картриджем BCI-62;0920A002;BC-62e
http://rashodnika.net/2_1_2_76.html;CANON BCI-62 Фото чернильница;0920A002;BCI-62
http://rashodnika.net/2_1_2_163.html;CANON KP-72IP / KP-72IN Набор на 72 фотографии 10*15;3114B001;KP-72
http://rashodnika.net/PGI-72C.html;CANON PGI-72C Чернильница голубая;6404B001;PGI-72C
http://rashodnika.net/PGI-72CO.html;CANON PGI-72CO Картридж прозрачный;6411B001;PGI-72CO
http://rashodnika.net/PGI-72GY.html;CANON PGI-72GY Чернильница серая;6409B001;PGI-72GY
http://rashodnika.net/PGI-72M.html;CANON PGI-72M Чернильница пурпурная;6405B001;PGI-72M
http://rashodnika.net/PGI-72MBK.html;CANON PGI-72MBK Чернильница матово-черная;6402B001;PGI-72MBK
http://rashodnika.net/PGI-72PBK.html;CANON PGI-72PBK Чернильница фото-черная;6403B001;PGI-72PBK
http://rashodnika.net/PGI-72PC.html;CANON PGI-72PC Чернильница фото-голубая;6407B001;PGI-72PC
http://rashodnika.net/PGI-72PM.html;CANON PGI-72PM Чернильница фото-пурпурная;6408B001;PGI-72PM
http://rashodnika.net/PGI-72R.html;CANON PGI-72R Чернильница красная;6410B001;PGI-72R
http://rashodnika.net/PGI-72Y.html;CANON PGI-72Y Чернильница желтая;6406B001;PGI-72Y
http://rashodnika.net/PGI-72_MBkCMYR.html;CANON PGI-72 MultiPack MBk/C/M/Y/R Набор картриджей ;6402B009;PGI-72 MBkCMYR
http://rashodnika.net/PGI-72_PBkGyPmPcCo.html;CANON PGI-72 Набор картриджей PBK/GY/PM/PC/CO;6403B007;PGI-72 PBkGyPmPcCo
http://rashodnika.net/2_1_2_21.html;CANON BC-80 Печатающая головка;0934A003;BC-80
http://rashodnika.net/2_1_2_22.html;CANON BC-81 Печатающая головка цветная CMY;0935A002;BC-81
http://rashodnika.net/2_1_2_23.html;CANON BC-82 Печатающая головка фото PC/PM/PBK;0936A003;BC-82
http://rashodnika.net/PG-84.html;CANON PG-84 Картридж черный;8592B001;PG-84
http://rashodnika.net/canon-qy6-8002.html;CANON CA91 Печатающая головка черная;QY6-8002;CA91
http://rashodnika.net/canon-qy6-8006.html;CANON CA92 Печатающая головка цветная;QY6-8006;CA92
http://rashodnika.net/CL-94.html;CANON CL-94 Картридж цветной;8593B001;CL-94
http://rashodnika.net/2_1_2_146.html;CANON E-L100 Набор для фотопечати 100 листов 89*119 мм;1336B001;E-L100
http://rashodnika.net/2_1_2_148.html;CANON E-P100 Набор для фотопечати 100 листов 10*15;1335B001;E-P100
http://rashodnika.net/2_1_2_99.html;CANON BJI-101 Черная чернильница;0945A001;BJI-101
http://rashodnika.net/2_1_2_175.html;CANON PFI-101B Картридж синий;0891B001;PFI-101B
http://rashodnika.net/2_1_2_176.html;CANON PFI-101BK Картридж черный;0883B001;PFI-101BK
http://rashodnika.net/2_1_2_177.html;CANON PFI-101C Картридж голубой;0884B001;PFI-101C
http://rashodnika.net/2_1_2_178.html;CANON PFI-101G Картридж зеленый;0890B001;PFI-101G
http://rashodnika.net/2_1_2_179.html;CANON PFI-101GY Картридж серый;0892B001;PFI-101GY
http://rashodnika.net/2_1_2_180.html;CANON PFI-101M Картридж пурпурный;0885B001;PFI-101M
http://rashodnika.net/2_1_2_181.html;CANON PFI-101MBK Картридж матово-черный;0882B001;PFI-101MBK
http://rashodnika.net/2_1_2_182.html;CANON PFI-101PC Картридж фото-голубой;0887B001;PFI-101PC
http://rashodnika.net/2_1_2_183.html;CANON PFI-101PGY Картридж фото-серый;0893B001;PFI-101PGY
http://rashodnika.net/2_1_2_184.html;CANON PFI-101PM Картридж фото-пурпурный;0888B001;PFI-101PM
http://rashodnika.net/2_1_2_185.html;CANON PFI-101R Картридж красный;0889B001;PFI-101R
http://rashodnika.net/2_1_2_186.html;CANON PFI-101Y Картридж желтый;0886B001;PFI-101Y
http://rashodnika.net/2_1_2_187.html;CANON PFI-102BK Картридж черный;0895B001;PFI-102BK
http://rashodnika.net/2_1_2_188.html;CANON PFI-102C Картридж голубой;0896B001;PFI-102C
http://rashodnika.net/2_1_2_189.html;CANON PFI-102M Картридж пурпурный;0897B001;PFI-102M
http://rashodnika.net/2_1_2_190.html;CANON PFI-102MBK Картридж матово-черный;0894B001;PFI-102MBK
http://rashodnika.net/2_1_2_191.html;CANON PFI-102Y Картридж желтый;0898B001;PFI-102Y
http://rashodnika.net/2_1_2_192.html;CANON PFI-103BK Картридж черный;2212B001;PFI-103BK
http://rashodnika.net/2_1_2_193.html;CANON PFI-103GY Картридж серый;2213B001;PFI-103GY
http://rashodnika.net/2_1_2_194.html;CANON PFI-103MBK Картридж матово-черный;2211B001;PFI-103MBK
http://rashodnika.net/2_1_2_195.html;CANON PFI-103PGY Картридж фото-серый;2214B001;PFI-103PGY
http://rashodnika.net/2_1_2_196.html;CANON PFI-104M Картридж пурпурный;3631B001;PFI-104M
http://rashodnika.net/2_1_2_197.html;CANON PFI-105B Картридж синий;3008B001;PFI-105B
http://rashodnika.net/2_1_2_198.html;CANON PFI-105BK Картридж черный;3000B005;PFI-105BK
http://rashodnika.net/2_1_2_199.html;CANON PFI-105C Картридж голубой;3001B005;PFI-105C
http://rashodnika.net/2_1_2_200.html;CANON PFI-105G Картридж зеленый;3007B005;PFI-105G
http://rashodnika.net/2_1_2_201.html;CANON PFI-105GY Картридж серый;3009B005;PFI-105GY
http://rashodnika.net/2_1_2_202.html;CANON PFI-105M Картридж пурпурный;3002B005;PFI-105M
http://rashodnika.net/2_1_2_203.html;CANON PFI-105MBk Картридж матово-черный;2999B005;PFI-105MBk
http://rashodnika.net/2_1_2_204.html;CANON PFI-105PC Картридж фото-голубой;3004B005;PFI-105PC
http://rashodnika.net/2_1_2_205.html;CANON PFI-105PGY Картридж фото-серый;3010B005;PFI-105PGY
http://rashodnika.net/2_1_2_206.html;CANON PFI-105PM Картридж фото-пурпурный;3005B005;PFI-105PM
http://rashodnika.net/2_1_2_207.html;CANON PFI-105R Картридж красный;3006B005;PFI-105R
http://rashodnika.net/2_1_2_208.html;CANON PFI-105Y Картридж желтый;3003B005;PFI-105Y
http://rashodnika.net/PFI-106B.html;CANON PFI-106B Картридж синий (130 ml);6629B001;PFI-106B
http://rashodnika.net/PFI-106BK.html;CANON PFI-106BK Картридж черный (130 ml);6621B001;PFI-106BK
http://rashodnika.net/PFI-106C.html;CANON PFI-106C Картридж голубой (130 ml);6622B001;PFI-106C
http://rashodnika.net/PFI-106G.html;CANON PFI-106G Картридж зеленый (130 ml);6628B001;PFI-106G
http://rashodnika.net/PFI-106GY.html;CANON PFI-106GY Картридж серый (130 ml);6630B001;PFI-106GY
http://rashodnika.net/PFI-106M.html;CANON PFI-106M Картридж пурпурный (130 ml);6626B001;PFI-106M
http://rashodnika.net/PFI-106MBK.html;CANON PFI-106MBK Картридж  матово-черный (130 ml);6620B001;PFI-106MBK
http://rashodnika.net/PFI-106PC.html;CANON PFI-106PC Картридж фото-голубой (130 ml);6625B001;PFI-106PC
http://rashodnika.net/PFI-106PGY.html;CANON PFI-106PGY Картридж  фото-серый (130 ml);6631B001;PFI-106PGY
http://rashodnika.net/PFI-106PM.html;CANON PFI-106PM Картридж фото-пурпурный (130 ml);6626B001;PFI-106PM
http://rashodnika.net/PFI-106R.html;CANON PFI-106R Картридж красный (130 ml);6627B001;PFI-106R
http://rashodnika.net/PFI-106Y.html;CANON PFI-106Y Картридж желтый (130 ml);6624B001;PFI-106Y
http://rashodnika.net/PFI-107BK.html;CANON PFI-107BK Картридж черный;6705B001;PFI-107BK
http://rashodnika.net/PFI-107C.html;CANON PFI-107C Картридж голубой;6706B001;PFI-107C
http://rashodnika.net/PFI-107M.html;CANON PFI-107M Картридж пурпурный;6707B001;PFI-107M
http://rashodnika.net/PFI-107MBK.html;CANON PFI-107MBK Картридж черный матовый;6704B001;PFI-107MBK
http://rashodnika.net/PFI-107Y.html;CANON PFI-107Y Картридж желтый;6708B001;PFI-107Y
http://rashodnika.net/2_1_2_161.html;CANON KP-108IP / 108IN Набор на 108 фотографий 10*15мм;3115B001;KP-108
http://rashodnika.net/Canon-RP-108.html;CANON RP-108 Набор на 108 фотографий 10*15cм ;8568B001;RP-108
http://rashodnika.net/canon-pfi-110bk.html;CANON PFI-110BK Картридж черный (160 мл.);2364C001;PFI-110BK
http://rashodnika.net/canon-pfi-110c.html;CANON PFI-110C Картридж голубой (160 мл.);2365C001;PFI-110C
http://rashodnika.net/canon-pfi-110m.html;CANON PFI-110M Картридж пурпурный (160 мл.);2366C001;PFI-110M
http://rashodnika.net/canon-pfi-110mbk.html;CANON PFI-110MBK Картридж черный матовый (160 мл.);2363C001;PFI-110Mbk
http://rashodnika.net/canon-pfi-110y.html;CANON PFI-110Y Картридж желтый (160 мл.);2367C001;PFI-110Y
http://rashodnika.net/canon-pfi-120bk.html;CANON PFI-120BK Картридж черный (130 мл.);2885C001;PFI-120BK
http://rashodnika.net/canon-pfi-120c.html;CANON PFI-120C Картридж голубой (130 мл.);2886C001;PFI-120C
http://rashodnika.net/canon-pfi-120m.html;CANON PFI-120M Картридж пурпурный (130 мл.);2887C001;PFI-120M
http://rashodnika.net/canon-pfi-120mbk.html;CANON PFI-120MBK Картридж черный матовый (130 мл.);2884C001;PFI-120MBK
http://rashodnika.net/canon-pfi-120y.html;CANON PFI-120Y Картридж желтый (130 мл.);2888C001;PFI-120Y
http://rashodnika.net/2_1_2_100.html;CANON BJI-201BK Черная чернильница;0946A003;BJI-201BK
http://rashodnika.net/2_1_2_101.html;CANON BJI-201BKHC Черная чернильница увеличенного объема;0946A001;BJI-201BK HC
http://rashodnika.net/2_1_2_102.html;CANON BJI-201C Голубая чернильница;0947A003;BJI-201C
http://rashodnika.net/2_1_2_103.html;CANON BJI-201M Пурпурная чернильница;0948A003;BJI-201M
http://rashodnika.net/2_1_2_104.html;CANON BJI-201Y Желтая чернильница;0949A003;BJI-201Y
http://rashodnika.net/PFI-206B.html;CANON PFI-206B Картридж синий (300 ml);5311B001;PFI-206B
http://rashodnika.net/PFI-206BK.html;CANON PFI-206BK Картридж черный (300 ml);5303B001;PFI-206BK
http://rashodnika.net/PFI-206C.html;CANON PFI-206C Картридж голубой (300 ml);5304B001;PFI-206C
http://rashodnika.net/PFI-206G.html;CANON PFI-206G Картридж зеленый (300 ml);5310B001;PFI-206G
http://rashodnika.net/PFI-206GY.html;CANON PFI-206GY Картридж серый (300 ml);5312B001;PFI-206GY
http://rashodnika.net/PFI-206M.html;CANON PFI-206M Картридж пурпурный (300 ml);5305B001;PFI-206M
http://rashodnika.net/PFI-206MBK.html;CANON PFI-206MBK Картридж матово-черный (300 ml);5302B001;PFI-206MBK
http://rashodnika.net/PFI-206PC.html;CANON PFI-206PC Картридж фото-голубой (300 ml);5307B001;PFI-206PC
http://rashodnika.net/PFI-206PGY.html;CANON PFI-206PGY Картридж фото-серый (300 ml);5313B001;PFI-206PGY
http://rashodnika.net/PFI-206PM.html;CANON PFI-206PM Картридж фото-пурпурный (300 ml);5308B001;PFI-206PM
http://rashodnika.net/PFI-206R.html;CANON PFI-206R Картридж красный (300 ml);5309B001;PFI-206R
http://rashodnika.net/PFI-206Y.html;CANON PFI-206Y Картридж желтый (300 ml);5306B001;PFI-206Y
http://rashodnika.net/PFI-207BK.html;CANON PFI-207BK Картридж черный;8789B001;PFI-207BK
http://rashodnika.net/PFI-207C.html;CANON PFI-207C Картридж голубой;8790B001;PFI-207C
http://rashodnika.net/PFI-207M.html;CANON PFI-207M Картридж пурпурный;8791B001;PFI-207M
http://rashodnika.net/PFI-207MBK.html;CANON PFI-207MBK Картридж черный матовый;8788B001;PFI-207MBK
http://rashodnika.net/PFI-207Y.html;CANON PFI-207Y Картридж желтый;8792B001;PFI-207Y
http://rashodnika.net/2_1_2_209.html;CANON PFI-301B Картридж синий 330 мл.;1494B001;PFI-301B
http://rashodnika.net/2_1_2_210.html;CANON PFI-301BK Картридж черный 330 мл.;1486B001;PFI-301BK
http://rashodnika.net/2_1_2_211.html;CANON PFI-301C Картридж голубой 330 мл.;1487B001;PFI-301C
http://rashodnika.net/2_1_2_212.html;CANON PFI-301G Картридж зеленый 330 мл.;1493B001;PFI-301G
http://rashodnika.net/2_1_2_213.html;CANON PFI-301GY Картридж серый 330 мл.;1495B001;PFI-301GY
http://rashodnika.net/2_1_2_214.html;CANON PFI-301M Картридж пурпурный 330 мл.;1488B001;PFI-301M
http://rashodnika.net/2_1_2_215.html;CANON PFI-301MBK Картридж матово-черный 330 мл.;1485B001;PFI-301MBK
http://rashodnika.net/2_1_2_216.html;CANON PFI-301PC Картридж фото-голубой 330 мл.;1490B001;PFI-301PC
http://rashodnika.net/2_1_2_217.html;CANON PFI-301PGY Картридж фото-серый 330 мл.;1496B001;PFI-301PGY
http://rashodnika.net/2_1_2_218.html;CANON PFI-301PM Картридж фото-пурпурный 330 мл.;1491B001;PFI-301PM
http://rashodnika.net/2_1_2_219.html;CANON PFI-301R Картридж красный 330 мл.;1492B001;PFI-301R
http://rashodnika.net/2_1_2_220.html;CANON PFI-301Y Картридж желтый 330 мл.;1489B001;PFI-301Y
http://rashodnika.net/2_1_2_221.html;CANON PFI-302BK Картридж черный 330 мл.;2216B001;PFI-302BK
http://rashodnika.net/2_1_2_222.html;CANON PFI-302GY Картридж серый 330 мл.;2217B001;PFI-302GY
http://rashodnika.net/2_1_2_223.html;CANON PFI-302MBK Картридж матово-черный 330 мл.;2215B001;PFI-302MBK
http://rashodnika.net/2_1_2_224.html;CANON PFI-302PGY Картридж фото-серый 330 мл.;2218B001;PFI-302PGY
http://rashodnika.net/2_1_2_225.html;CANON PFI-303BK Картридж черный 330 мл.;2958B001;PFI-303BK
http://rashodnika.net/2_1_2_226.html;CANON PFI-303C Картридж голубой 330 мл.;2959B001;PFI-303C
http://rashodnika.net/2_1_2_227.html;CANON PFI-303M Картридж пурпурный 330 мл.;2960B001;PFI-303M
http://rashodnika.net/2_1_2_228.html;CANON PFI-303MBK Картридж черный матовый 330 мл.;2957B001;PFI-303MBK
http://rashodnika.net/2_1_2_229.html;CANON PFI-303Y Картридж желтый 300 мл.;2961B001;PFI-303Y
http://rashodnika.net/2_1_2_230.html;CANON PFI-304B Картридж синий 330 мл.;3857B005;PFI-304B
http://rashodnika.net/2_1_2_231.html;CANON PFI-304Bk Картридж черный 330 мл.;3849B005;PFI-304Bk
http://rashodnika.net/2_1_2_232.html;CANON PFI-304C Картридж голубой 330 мл.;3850B005;PFI-304C
http://rashodnika.net/2_1_2_233.html;CANON PFI-304G Картридж зеленый 330 мл.;3856B005;PFI-304G
http://rashodnika.net/2_1_2_234.html;CANON PFI-304GY Картридж серый 330 мл.;3858B005;PFI-304GY
http://rashodnika.net/2_1_2_235.html;CANON PFI-304M Картридж пурпурный 330 мл.;3851B005;PFI-304M
http://rashodnika.net/2_1_2_236.html;CANON PFI-304MBk Картридж матово-черный 330 мл.;3848B005;PFI-304MBk
http://rashodnika.net/2_1_2_237.html;CANON PFI-304PC Картридж фото-голубой 330 мл.;3853B005;PFI-304PC
http://rashodnika.net/2_1_2_238.html;CANON PFI-304PGY Картридж фото-серый 330 мл.;3859B005;PFI-304PGY
http://rashodnika.net/2_1_2_239.html;CANON PFI-304PM Картридж фото-пурпурный 330 мл.;3854B005;PFI-304PM
http://rashodnika.net/2_1_2_240.html;CANON PFI-304R Картридж красный 330 мл.;3855B005;PFI-304R
http://rashodnika.net/2_1_2_241.html;CANON PFI-304Y Картридж желтый 330 мл.;3852B005;PFI-304Y
http://rashodnika.net/PFI-306B.html;CANON PFI-306B Картридж синий 330 мл.;6665B001;PFI-306B
http://rashodnika.net/PFI-306Bk.html;CANON PFI-306Bk Картридж черный 330 мл.;6657B001;PFI-306Bk
http://rashodnika.net/PFI-306C.html;CANON PFI-306C Картридж голубой 330 мл.;6658B001;PFI-306C
http://rashodnika.net/PFI-306G.html;CANON PFI-306G Картридж зеленый 330 мл.;6664B001;PFI-306G
http://rashodnika.net/PFI-306GY.html;CANON PFI-306GY Картридж серый 330 мл.;6666B001;PFI-306GY
http://rashodnika.net/PFI-306M.html;CANON PFI-306M Картридж пурпурный 330 мл.;6659B001;PFI-306M
http://rashodnika.net/PFI-306MBK.html;CANON PFI-306MBK Картридж матово-черный 330 мл.;6656B001;PFI-306MBK
http://rashodnika.net/PFI-306PC.html;CANON PFI-306PC Картридж фото-голубой 330 мл.;6661B001;PFI-306PC
http://rashodnika.net/PFI-306PGY.html;CANON PFI-306PGY Картридж фото серый 330 мл.;6667B001;PFI-306PGY
http://rashodnika.net/PFI-306PM.html;CANON PFI-306PM Картридж фото-пурпурный 330 мл.;6662B001;PFI-306PM
http://rashodnika.net/PFI-306R.html;CANON PFI-306R Картридж красный 330 мл.;6663B001;PFI-306R
http://rashodnika.net/PFI-306Y.html;CANON PFI-306Y Картридж желтый 330 мл.;6660B001;PFI-306Y
http://rashodnika.net/canon-pfi-307bk.html;CANON PFI-307Bk Картридж черный 330 мл.;9811B001;PFI-307Bk
http://rashodnika.net/canon-pfi-307c.html;CANON PFI-307C Картридж голубой 330 мл.;9812B001;PFI-307C
http://rashodnika.net/canon-pfi-307m.html;CANON PFI-307M Картридж пурпурный 330 мл.;9813B001;PFI-307M
http://rashodnika.net/canon-pfi-307mbk.html;CANON PFI-307MBk Картридж черный матовый 330 мл.;9810B001;PFI-307MBk
http://rashodnika.net/canon-pfi-307y.html;CANON PFI-307Y Картридж желтый 330 мл.;9814B001;PFI-307Y
http://rashodnika.net/canon-pfi-310bk.html;CANON PFI-310BK Картридж черный (330 мл.);2359C001;PFI-310BK
http://rashodnika.net/canon-pfi-310c.html;CANON PFI-310C Картридж голубой (330 мл.);2360C001;PFI-310C
http://rashodnika.net/canon-pfi-310m.html;CANON PFI-310M Картридж пурпурный (330 мл.);2361C001;PFI-310M
http://rashodnika.net/canon-pfi-310mbk.html;CANON PFI-310MBK Картридж черный матовый (330 мл.);2358C001;PFI-310MBK
http://rashodnika.net/canon-pfi-310y.html;CANON PFI-310Y Картридж желтый (330 мл.);2362C001;PFI-310Y
http://rashodnika.net/canon-pfi-320bk.html;CANON PFI-320BK Картридж черный (300 мл.);2890C001;PFI-320MBK
http://rashodnika.net/canon-pfi-320c.html;CANON PFI-320C Картридж голубой (300 мл.);2891C001;PFI-320C
http://rashodnika.net/canon-pfi-320m.html;CANON PFI-320M Картридж пурпурный (300 мл.);2892C001;PFI-320M
http://rashodnika.net/canon-pfi-320mbk.html;CANON PFI-320MBK Картридж черный матовый (300 мл.);2889C001;PFI-320MBK
http://rashodnika.net/canon-pfi-320y.html;CANON PFI-320Y Картридж желтый (300 мл.);2893C001;PFI-320Y
http://rashodnika.net/2_1_2_281.html;CANON PGI-425PGBK Картридж черный;4532B001;PGI-425PGBK
http://rashodnika.net/PGI-425PGBK-TP.html;CANON PGI-425PGBK Картридж черный двойная упаковка;4532B007;PGI-425PGBK Twin
http://rashodnika.net/canon-qy6-0080.html;CANON Печатающая головка;QY6-0080;425 PrinHead
http://rashodnika.net/2_1_2_119.html;CANON CLI-426BK Картридж фото-черный;4556B001;CLI-426BK
http://rashodnika.net/CLI-426C.html;CANON CLI-426C Картридж голубой;4557B001;CLI-426C
http://rashodnika.net/2_1_2_121.html;CANON CLI-426GY Картридж серый;4560B001;CLI-426GY
http://rashodnika.net/CLI-426M.html;CANON CLI-426M Картридж пурпурный;4558B001;CLI-426M
http://rashodnika.net/CLI-426MP.html;CANON CLI-426CMY Набор картриджей;4557B006;CLI-426CMY
http://rashodnika.net/CLI-426Y.html;CANON CLI-426Y Картридж желтый;4559B001;CLI-426Y
http://rashodnika.net/PG-440.html;CANON PG-440 Картридж черный;5219B001;PG-440
http://rashodnika.net/PG-440-CL441.html;CANON PG440+CL441 MultiPack Картридж черный и цветной;5219B005;PG440+CL
http://rashodnika.net/PG-440XL.html;CANON PG-440 XL Картридж черный;5216B001;PG-440XL
http://rashodnika.net/CL-441.html;CANON CL-441 Картридж цветной;5221B001;CL-441
http://rashodnika.net/CL-441XL.html;CANON CL-441 XL Картридж цветной;5220B001;CL-441XL
http://rashodnika.net/PG-445.html;CANON PG-445 Картридж черный;8283B001;PG-445
http://rashodnika.net/PG445-446.html;CANON PG445+CL446  Набор картриджей;8283B004;PG-445+CL
http://rashodnika.net/PG-445XL.html;CANON PG-445XL Картридж черный увеличенной емкости;8282B001;PG-445XL
http://rashodnika.net/CL-446.html;CANON CL-446 Картридж цветной;8285B001;CL-446
http://rashodnika.net/CL-446XL.html;CANON CL-446XL Картридж цветной увеличенной емкости;8284B001;CL-446XL
http://rashodnika.net/PGI-450PGBK.html;CANON PGI-450PGBK Картридж черный;6499B001;PGI-450PGBK
http://rashodnika.net/PGI-450PGBKXL.html;CANON PGI-450PGBK XL Картридж черный;6434B001;PGI-450PGBKXL
http://rashodnika.net/canon-qy6-0082.html;CANON Печатающая головка;QY6-0082;450 PrinHead
http://rashodnika.net/CLI-451BK.html;CANON CLI-451BK Картридж фото черный;6523B001;CLI-451BK
http://rashodnika.net/CLI-451BKXL.html;CANON CLI-451BK XL Картридж фото черный;6472B001;CLI-451BKXL
http://rashodnika.net/CLI-451C.html;CANON CLI-451C Картридж голубой;6524B001;CLI-451C
http://rashodnika.net/CLI-451MP.html;CANON CLI-451CMYBk Набор картриджей;6524B004;CLI-451CMYK
http://rashodnika.net/CLI-451CXL.html;CANON CLI-451C XL Картридж голубой;6473B001;CLI-451CXL
http://rashodnika.net/CLI-451GY.html;CANON CLI-451GY Картридж серый;6527B001;CLI-451GY
http://rashodnika.net/CLI-451GYXL.html;CANON CLI-451GY XL Картридж серый;6476B001;CLI-451GYXL
http://rashodnika.net/CLI-451M.html;CANON CLI-451M Картридж пурпурный;6525B001;CLI-451M
http://rashodnika.net/CLI-451MXL.html;CANON CLI-451M XL Картридж пурпурный;6474B001;CLI-451MXL
http://rashodnika.net/CLI-451Y.html;CANON CLI-451Y Картридж желтый;6526B001;CLI-451Y
http://rashodnika.net/CLI-451YXL.html;CANON CLI-451Y XL Картридж желтый;6475B001;CLI-451YXL
http://rashodnika.net/PGI-455PGBKXXL.html;CANON PGI-455PGBK XXL Картридж черный;8052B001;PGI-455PGBKXXL
http://rashodnika.net/canon-qy6-0086.html;CANON Печатающая головка;QY6-0086;455 PrinHead
http://rashodnika.net/canon-pg-460.html;CANON PG-460 Картридж черный;3711C001;PG-460
http://rashodnika.net/canon-pg-460xl.html;CANON PG-460XL Картридж черный увеличенной емкости;3710C001;PG-460XL
http://rashodnika.net/canon-cl-461.html;CANON CL-461 Картридж цветной;3729C001;CL-461
http://rashodnika.net/canon-cl-461xl.html;CANON CL-461XL Картридж цветной увеличенного объема;3728C001;CL-461XL
http://rashodnika.net/PGI-470PGBK.html;CANON PGI-470PGBK Картридж черный;0375C001;PGI-470PGBK
http://rashodnika.net/PGI-470PGBKXL.html;CANON PGI-470PGBK XL Картридж черный;0321C001;PGI-470PGBKXL
http://rashodnika.net/CLI-471-MultiPack.html;CANON CLI-471 Набор картриджей CMYK;0401C004;CLI-471 CMYK
http://rashodnika.net/CLI-471BK.html;CANON CLI-471BK Картридж фото-черный;0400C001;CLI-471BK
http://rashodnika.net/CLI-471BKXL.html;CANON CLI-471BK XL Картридж фото-черный;0346C001;CLI-471BKXL
http://rashodnika.net/CLI-471C.html;CANON CLI-471C Картридж голубой;0401C001;CLI-471C
http://rashodnika.net/CLI-471CXL.html;CANON CLI-471C XL Картридж голубой;0347C001;CLI-471CXL
http://rashodnika.net/CLI-471GY.html;CANON CLI-471GY Картридж серый;0404C001;CLI-471GY
http://rashodnika.net/CLI-471GYXL.html;CANON CLI-471GY XL Картридж серый;0350C001;CLI-471GYXL
http://rashodnika.net/CLI-471M.html;CANON CLI-471M Картридж пурпурный;0402C001;CLI-471M
http://rashodnika.net/CLI-471MXL.html;CANON CLI-471M XL Картридж пурпурный;0348C001;CLI-471MXL
http://rashodnika.net/CLI-471Y.html;CANON CLI-471Y Картридж желтый;0403C001;CLI-471Y
http://rashodnika.net/CLI-471YXL.html;CANON CLI-471Y XL Картридж желтый;0349C001;CLI-471YXL
http://rashodnika.net/Canon-PGI-480-PGBK.html;CANON PGI-480 PGBK Картридж чернильный черный;2077C001;PGI-480PGBK
http://rashodnika.net/Canon-PGI-480-PGBK-XL.html;CANON PGI-480XL PGBK Картридж чернильный черный;2023C001;PGI-480XL-PGBK
http://rashodnika.net/Canon-PGI-480-PGBK-XXL.html;CANON PGI-480XXL PGBK Картридж чернильный черный;1969C001;PGI-480XXL-PGBK
http://rashodnika.net/BJI-481.html;CANON BJI-481 Черный картридж;0992A001;BJI-481
http://rashodnika.net/Canon-CLI-481BK.html;CANON CLI-481BK Картридж чернильный фото-черный;2101C001;CLI-481BK
http://rashodnika.net/Canon-CLI-481C.html;CANON CLI-481C Картридж чернильный голубой;2098C001;CLI-481C
http://rashodnika.net/Canon-CLI-481M.html;CANON CLI-481M Картридж чернильный пурпурный;2099C001;CLI-481M
http://rashodnika.net/Canon-CLI-481PB.html;CANON CLI-481PB Картридж чернильный фото-синий;2102C001;CLI-481PB
http://rashodnika.net/Canon-CLI-481XL-BK.html;CANON CLI-481BK XL Картридж чернильный фото-черный;2047C001;CLI-481XL-BK
http://rashodnika.net/Canon-CLI-481XL-Cyan.html;CANON CLI-481C XL Картридж чернильный голубой;2044C001;CLI-481XL-C
http://rashodnika.net/Canon-CLI-481XL-Magenta.html;CANON CLI-481C XL Картридж чернильный пурпурный;2045C001;CLI-481XL-M
http://rashodnika.net/Canon-CLI-481XL-PB.html;CANON CLI-481PB XL Картридж чернильный фото-синий;2048C001;
