http://rashodnika.net/3_1_1_3.html;EPSON 5760 Тонер-картридж черный;C13S050001;0001
http://rashodnika.net/3_1_1_4.html;EPSON Тонер-картридж черный;C13S050002;0002
http://rashodnika.net/3_1_1_5.html;EPSON Тонер-картридж черный;C13S050005;0005
http://rashodnika.net/3_1_1_6.html;EPSON Тонер-картридж черный;C13S050010;0010
http://rashodnika.net/3_1_1_7.html;EPSON Тонер-картридж желтый;C13S050016;0016
http://rashodnika.net/3_1_1_8.html;EPSON Тонер-картридж пурпурный;C13S050017;0017
http://rashodnika.net/3_1_1_9.html;EPSON Тонер-картридж голубой;C13S050018;0018
http://rashodnika.net/3_1_1_10.html;EPSON Тонер-картридж черный;C13S050019;0019
http://rashodnika.net/3_1_1_11.html;EPSON Коллектор обработанного тонера;C13S050020;0020
http://rashodnika.net/3_1_1_12.html;EPSON Тонер-картридж черный;C13S050033;0033
http://rashodnika.net/3_1_1_13.html;EPSON Тонер-картридж желтый;C13S050034;0034
http://rashodnika.net/3_1_1_14.html;EPSON Тонер-картридж пурпурный;C13S050035;0035
http://rashodnika.net/3_1_1_15.html;EPSON Тонер-картридж голубой;C13S050036;0036
http://rashodnika.net/3_1_1_16.html;EPSON Сборник отработанного тонера;C13S050037;0037
http://rashodnika.net/3_1_1_17.html;EPSON Тонер-картридж черный;C13S050038;0038
http://rashodnika.net/3_1_1_18.html;EPSON Тонер-картридж желтый;C13S050039;0039
http://rashodnika.net/3_1_1_19.html;EPSON Тонер-картридж пурпурный;C13S050040;0040
http://rashodnika.net/3_1_1_20.html;EPSON Тонер-картридж голубой;C13S050041;0041
http://rashodnika.net/3_1_1_21.html;EPSON Тонер-картридж черный;C13S050087;0087
http://rashodnika.net/3_1_1_22.html;EPSON Тонер-картридж желтый;C13S050088;0088
http://rashodnika.net/3_1_1_23.html;EPSON Тонер-картридж пурпурный;C13S050089;0089
http://rashodnika.net/3_1_1_24.html;EPSON Тонер-картридж голубой;C13S050090;0090
http://rashodnika.net/3_1_1_25.html;EPSON Тонер-картридж черный;C13S050091;0091
http://rashodnika.net/3_1_1_26.html;EPSON Тонер-картридж черный;C13S050095;0095
http://rashodnika.net/3_1_1_27.html;EPSON Тонер-картридж желтый;C13S050097;0097
http://rashodnika.net/3_1_1_28.html;EPSON Тонер-картридж пурпурный;C13S050098;0098
http://rashodnika.net/3_1_1_29.html;EPSON Тонер-картридж голубой;C13S050099;0099
http://rashodnika.net/3_1_1_30.html;EPSON Тонер-картридж черный;C13S050100;0100
http://rashodnika.net/3_1_1_31.html;EPSON Коллектор обработанного тонера;C13S050101;0101
http://rashodnika.net/EPL1507516.html;(1484108) EPSON DK-130SE Блок фотобарабана;1507516;DK-130SE
http://rashodnika.net/3_1_1_32.html;EPSON Тонер-картридж голубой;C13S050146;0146
http://rashodnika.net/3_1_1_33.html;EPSON Тонер-картридж пурпурный;C13S050147;0147
http://rashodnika.net/3_1_1_34.html;EPSON Тонер-картридж желтый;C13S050148;0148
http://rashodnika.net/3_1_1_35.html;EPSON Тонер-картридж черный;C13S050149;0149
http://rashodnika.net/3_1_1_36.html;EPSON Тонер-картридж желтый;C13S050155;0155
http://rashodnika.net/3_1_1_37.html;EPSON Тонер-картридж пурпурный;C13S050156;0156
http://rashodnika.net/3_1_1_38.html;EPSON Тонер-картридж голубой;C13S050157;0157
http://rashodnika.net/3_1_1_39.html;EPSON Тонер-картридж черный;C13S050166;0166
http://rashodnika.net/3_1_1_40.html;EPSON Тонер-картридж черный (model 4518);C13S050167;0167
http://rashodnika.net/3_1_1_41.html;EPSON 0187 Тонер-картридж желтый;C13S050187;0187
http://rashodnika.net/3_1_1_42.html;EPSON 0188 Тонер-картридж пурпурный;C13S050188;0188
http://rashodnika.net/3_1_1_43.html;EPSON 0189 Тонер-картридж голубой;C13S050189;0189
http://rashodnika.net/3_1_1_44.html;EPSON 0190 Тонер-картридж черный;C13S050190;0190
http://rashodnika.net/3_1_1_45.html;EPSON 0194 Коллектор обработанного тонера;C13S050194;0194
http://rashodnika.net/3_1_1_46.html;EPSON 0195 Тонер-картридж желтый;C13S050195;0195
http://rashodnika.net/3_1_1_47.html;EPSON 0196 Тонер-картридж пурпурный;C13S050196;0196
http://rashodnika.net/3_1_1_48.html;EPSON 0197 Тонер-картридж голубой;C13S050197;0197
http://rashodnika.net/3_1_1_49.html;EPSON 0198 Тонер-картридж черный;C13S050198;0198
http://rashodnika.net/3_1_1_50.html;EPSON 0210 Тонер-картридж желтый;C13S050210;0210
http://rashodnika.net/3_1_1_51.html;EPSON 0211 Тонер-картридж пурпурный;C13S050211;0211
http://rashodnika.net/3_1_1_52.html;EPSON 0212 Тонер-картридж голубой;C13S050212;0212
http://rashodnika.net/3_1_1_53.html;EPSON 0213 Тонер-картридж черный;C13S050213;0213
http://rashodnika.net/3_1_1_54.html;EPSON 0226 Тонер-картридж желтый;C13S050226;0226
http://rashodnika.net/3_1_1_55.html;EPSON 0227 Тонер-картридж пурпурный;C13S050227;0227
http://rashodnika.net/3_1_1_56.html;EPSON 0228 Тонер-картридж голубой;C13S050228;0228
http://rashodnika.net/3_1_1_57.html;EPSON 0229 Тонер-картридж черный;C13S050229;0229
http://rashodnika.net/3_1_1_58.html;EPSON Коллектор обработанного тонера;C13S050233;0233
http://rashodnika.net/3_1_1_59.html;EPSON 0242 Тонер-картридж желтый;C13S050242;0242
http://rashodnika.net/3_1_1_60.html;EPSON 0243 Тонер-картридж пупрурный;C13S050243;0243
http://rashodnika.net/3_1_1_61.html;EPSON 0244 Тонер-картридж голубой;C13S050244;0244
http://rashodnika.net/3_1_1_62.html;EPSON 0245 Тонер-картридж черный;C13S050245;0245
http://rashodnika.net/3_1_1_63.html;EPSON 0268 Набор тонер-картриджей CMYK;C13S050268;0268
http://rashodnika.net/3_1_1_64.html;EPSON 0289 Набор цветных тонер-картриджей CMY;C13S050289;0289
http://rashodnika.net/3_1_1_65.html;EPSON 0290 Тонер-картридж черный;C13S050290;0290
http://rashodnika.net/3_1_1_66.html;EPSON 0316 Тонер-картридж желтый;C13S050316;0316
http://rashodnika.net/3_1_1_67.html;EPSON 0317 Тонер-картридж пурпурный;C13S050317;0317
http://rashodnika.net/3_1_1_68.html;EPSON 0318 Тонер-картридж голубой;C13S050318;0318
http://rashodnika.net/3_1_1_69.html;EPSON 0319 Тонер-картридж черный;C13S050319;0319
http://rashodnika.net/3_1_1_70.html;EPSON 0435 Тонер-картридж черный большой емкости;C13S050435;0435
http://rashodnika.net/3_1_1_71.html;EPSON 0436 Тонер-картридж черный;C13S050436;0436
http://rashodnika.net/3_1_1_72.html;EPSON 0437 Тонер-картридж черный большой емкости Return Program;C13S050437;0437
http://rashodnika.net/3_1_1_73.html;EPSON 0438 Тонер-картридж черный Return Program;C13S050438;0438
http://rashodnika.net/3_1_1_74.html;EPSON 0474 Тонер-картридж желтый;C13S050474;0474
http://rashodnika.net/3_1_1_75.html;EPSON 0475 Тонер-картридж пурпурный;C13S050475;0475
http://rashodnika.net/3_1_1_76.html;EPSON 0476 Тонер-картридж голубой;C13S050476;0476
http://rashodnika.net/3_1_1_77.html;EPSON 0477 Тонер-картридж черный;C13S050477;0477
http://rashodnika.net/3_1_1_78.html;EPSON 0478 Коллектор отработанного тонера;C13S050478;0478
http://rashodnika.net/3_1_1_79.html;EPSON 0520 Тонер-картридж черный;C13S050520;0520
http://rashodnika.net/3_1_1_80.html;EPSON 0521 Тонер-картридж черный повышенной емкости;C13S050521;0521
http://rashodnika.net/3_1_1_81.html;EPSON 0554 Тонер-картридж желтый повышенной емкости;C13S050554;0554
http://rashodnika.net/3_1_1_82.html;EPSON 0555 Тонер-картридж пурпурный повышенной емкости;C13S050555;0555
http://rashodnika.net/3_1_1_83.html;EPSON 0556 Тонер-картридж голубой повышенной емкости;C13S050556;0556
http://rashodnika.net/3_1_1_84.html;EPSON 0557 Тонер-картридж черный повышенной емкости;C13S050557;0557
http://rashodnika.net/3_1_1_85.html;EPSON 0558 Тонер-картридж желтый;C13S050558;0558
http://rashodnika.net/3_1_1_86.html;EPSON 0559 Тонер-картридж пурпурный;C13S050559;0559
http://rashodnika.net/3_1_1_87.html;EPSON 0560 Тонер-картридж голубой;C13S050560;0560
http://rashodnika.net/EPLS050582.html;EPSON 0582 Тонер-картридж черный (8000 стр.);C13S050582;0582
http://rashodnika.net/EPLS050583.html;EPSON 0583 Тонер-картридж черный (3000 стр.);C13S050583;0583
http://rashodnika.net/EPLS050584.html;EPSON 0584 Тонер-картридж черный Return (8000 стр.);C13S050584;0584
http://rashodnika.net/EPLS050585.html;EPSON 0585 Тонер-картридж черный Return (3000 стр.);C13S050585;0585
http://rashodnika.net/EPLS050590.html;EPSON 0590 Тонер-картридж желтый;C13S050590;0590
http://rashodnika.net/EPLS050591.html;EPSON 0591 Тонер-картридж пурпурный;C13S050591;0591
http://rashodnika.net/EPLS050592.html;EPSON 0592 Тонер-картридж голубой;C13S050592;0592
http://rashodnika.net/EPLS050593.html;EPSON 0593 Тонер-картридж черный;C13S050593;0593
http://rashodnika.net/EPLS050594.html;EPSON 0594 Тонер-картридж черный 2шт.;C13S050594;0594
http://rashodnika.net/EPLS050595.html;EPSON 0595 Контейнер для отработанного тонера;C13S050595;0595
http://rashodnika.net/EPLS050602.html;EPSON 0602 Тонер-картридж желтый;C13S050602;0602
http://rashodnika.net/EPLS050603.html;EPSON 0603 Тонер-картридж пурпурный;C13S050603;0603
http://rashodnika.net/EPLS050604.html;EPSON 0604 Тонер-картридж голубой;C13S050604;0604
http://rashodnika.net/EPLS050605.html;EPSON 0605 Тонер-картридж черный;C13S050605;0605
http://rashodnika.net/EPLS050606.html;EPSON 0606 Двойная упаковка. Тонер-картридж желтый;C13S050606;0606
http://rashodnika.net/EPLS050607.html;EPSON 0607 Двойная упаковка. Тонер-картридж пурпурный;C13S050607;0607
http://rashodnika.net/EPLS050608.html;EPSON 0608 Двойная упаковка. Тонер-картридж голубой;C13S050608;0608
http://rashodnika.net/EPLS050609.html;EPSON 0609 Двойная упаковка черных тонер-картриджей ;C13S050609;0609
http://rashodnika.net/EPLS050610.html;EPSON 0610 Коллектор для отработанного тонера;C13S050610;0610
http://rashodnika.net/EPLS050611.html;EPSON 0611 Тонер-картридж желтый;C13S050611;0611
http://rashodnika.net/EPLS050612.html;EPSON 0612 Тонер-картридж пурпурный;C13S050612;0612
http://rashodnika.net/EPLS050613.html;EPSON 0613 Тонер-картридж голубой;C13S050613;0613
http://rashodnika.net/EPLS050614.html;EPSON 0614 Тонер-картридж черный;C13S050614;0614
http://rashodnika.net/EPLS050627.html;EPSON 0627 Тонер-картридж желтый;C13S050627;0627
http://rashodnika.net/EPLS050628.html;EPSON 0628 Тонер-картридж пурпурный;C13S050628;0628
http://rashodnika.net/EPLS050629.html;EPSON 0629 Тонер-картридж голубой;C13S050629;0629
http://rashodnika.net/EPLS050630.html;EPSON 0630 Тонер-картридж черный;C13S050630;0630
http://rashodnika.net/EPLS050631.html;EPSON 0631 Тонер-картридж черный 2шт.;C13S050631;0631
http://rashodnika.net/EPLS050650.html;EPSON 0650 Тонер-картридж черный (2200 стр.);C13S050650;0650
http://rashodnika.net/EPLS050651.html;EPSON 0651 Тонер-картридж черный Return (2200 стр.);C13S050651;0651
http://rashodnika.net/EPLS050652.html;EPSON 0652 Тонер-картридж черный (1000 стр.);C13S050652;0652
http://rashodnika.net/3_1_1_88.html;EPSON Блок фотобарабана;C13S051005;1005
http://rashodnika.net/3_1_1_89.html;EPSON Тонер-картридж черный;C13S051009;1009
http://rashodnika.net/3_1_1_90.html;EPSON Тонер-картридж черный;C13S051011;1011
http://rashodnika.net/3_1_1_91.html;EPSON Тонер-картридж черный;C13S051016;1016
http://rashodnika.net/3_1_1_92.html;EPSON Тонер-картридж черный;C13S051020;1020
http://rashodnika.net/3_1_1_93.html;EPSON Тонер-картридж черный;C13S051022;1022
http://rashodnika.net/3_1_1_94.html;EPSON Блок фотобарабана;C13S051029;1029
http://rashodnika.net/3_1_1_95.html;EPSON Тонер-картридж черный;C13S051035;1035
http://rashodnika.net/3_1_1_96.html;EPSON Блок фотобарабана;C13S051055;1055
http://rashodnika.net/3_1_1_97.html;EPSON Тонер-картридж черный;C13S051056;1056
http://rashodnika.net/3_1_1_98.html;EPSON Тонер-картридж черный;C13S051060;1060
http://rashodnika.net/3_1_1_99.html;EPSON Блок фотобарабана;C13S051061;1061
http://rashodnika.net/3_1_1_100.html;EPSON Тонер-картридж черный;C13S051068;1068
http://rashodnika.net/3_1_1_101.html;EPSON Тонер-картридж черный;C13S051069;1069
http://rashodnika.net/3_1_1_102.html;EPSON Тонер-картридж черный;C13S051070;1070
http://rashodnika.net/3_1_1_103.html;EPSON Блок фотобарабана;C13S051072;1072
http://rashodnika.net/3_1_1_104.html;EPSON Блок фотобарабана;C13S051073;1073
http://rashodnika.net/3_1_1_105.html;EPSON Блок фотобарабана;C13S051081;1081
http://rashodnika.net/3_1_1_106.html;EPSON Блок фотобарабана;C13S051082;1082
http://rashodnika.net/3_1_1_107.html;EPSON Блок фотобарабана;C13S051083;1083
http://rashodnika.net/3_1_1_108.html;EPSON Блок фотобарабана;C13S051093;1093
http://rashodnika.net/3_1_1_109.html;EPSON Блок фотобарабана;C13S051099;1099
http://rashodnika.net/3_1_1_110.html;EPSON Тонер-картридж черный;C13S051100;1100
http://rashodnika.net/3_1_1_111.html;EPSON 1104 Блок фотобарабана;C13S051104;1104
http://rashodnika.net/3_1_1_112.html;EPSON 1105 Блок фотобарабана + Сборник отработанного тонера;C13S051105;1105
http://rashodnika.net/3_1_1_113.html;EPSON 1107 Блок фотобарабана;C13S051107;1107
http://rashodnika.net/3_1_1_114.html;EPSON Блок фотобарабана;C13S051109;1109
http://rashodnika.net/3_1_1_115.html;EPSON 1110 Набор тонер-картриджей CMYK;C13S051110;1110
http://rashodnika.net/3_1_1_116.html;EPSON Тонер-картридж черный;C13S051111;1111
http://rashodnika.net/3_1_1_117.html;EPSON 1124 Тонер-картридж желтый (9000 стр.);C13S051124;1124
http://rashodnika.net/3_1_1_118.html;EPSON 1125 Тонер-картридж пурпурный (9000 стр.);C13S051125;1125
http://rashodnika.net/3_1_1_119.html;EPSON 1126 Тонер-картридж голубой (9000 стр.);C13S051126;1126
http://rashodnika.net/3_1_1_120.html;EPSON 1127 Тонер-картридж черный (9500 стр.);C13S051127;1127
http://rashodnika.net/EPLS051128.html;EPSON 1128 Тонер-картридж желтый (5000 стр.);C13S051128;1128
http://rashodnika.net/EPLS051129.html;EPSON 1129 Тонер-картридж пурпурный (5000 стр.);C13S051129;1129
http://rashodnika.net/EPLS051130.html;EPSON 1130 Тонер-картридж голубой (5000 стр.);C13S051130;1130
http://rashodnika.net/3_1_1_121.html;EPSON 1158 Тонер-картридж желтый большой емкости;C13S051158;1158
http://rashodnika.net/3_1_1_122.html;EPSON 1159 Тонер-картридж пурпурный большой емкости;C13S051159;1159
http://rashodnika.net/3_1_1_123.html;EPSON 1160 Тонер-картридж голубой большой емкости;C13S051160;1160
http://rashodnika.net/3_1_1_124.html;EPSON 1161 Тонер-картридж черный большой емкости;C13S051161;1161
http://rashodnika.net/3_1_1_125.html;EPSON 1162 Тонер-картридж желтый;C13S051162;1162
http://rashodnika.net/3_1_1_126.html;EPSON 1163 Тонер-картридж пурпурный;C13S051163;1163
http://rashodnika.net/3_1_1_127.html;EPSON 1164 Тонер-картридж голубой;C13S051164;1164
http://rashodnika.net/3_1_1_128.html;EPSON 1165 Тонер-картридж черный;C13S051165;1165
http://rashodnika.net/3_1_1_129.html;EPSON 1170 Тонер-картридж черный;C13S051170;1170
http://rashodnika.net/3_1_1_130.html;EPSON 1173 Тонер-картридж черный Return Program;C13S051173;1173
http://rashodnika.net/3_1_1_131.html;EPSON 1175 Блок фотобарабана желтый;C13S051175;1175
http://rashodnika.net/3_1_1_132.html;EPSON 1176 Блок фотобарабана пурпурный;C13S051176;1176
http://rashodnika.net/3_1_1_133.html;EPSON 1177 Блок фотобарабана голубой;C13S051177;1177
http://rashodnika.net/3_1_1_134.html;EPSON 1178 Блок фотобарабана черный;C13S051178;1178
http://rashodnika.net/3_1_1_135.html;EPSON 1188 Тонер-картридж черный;C13S051188;1188
http://rashodnika.net/3_1_1_136.html;EPSON 1189 Тонер-картридж черный Return Program;C13S051189;1189
http://rashodnika.net/3_1_1_137.html;EPSON 1198 Блок фотобарабана;C13S051198;1198
http://rashodnika.net/EPLS051199.html;EPSON 1199 Контейнер для отработанного тонера;C13S051199;1199
http://rashodnika.net/EPLS051201.html;EPSON 1201 Блок фотобарабана желтый;C13S051201;1201
http://rashodnika.net/EPLS051202.html;EPSON 1202 Блок фотобарабана пурпурный;C13S051202;1202
http://rashodnika.net/EPLS051203.html;EPSON 1203 Блок фотобарабана голубой;C13S051203;1203
http://rashodnika.net/EPLS051204.html;EPSON 1204 Блок фотобарабана черный;C13S051204;1204
http://rashodnika.net/EPLS051206.html;EPSON 1206 Модуль формирования изображения;C13S051206;1206
http://rashodnika.net/EPLS051211.html;EPSON 1211 Блок фотобарабана;C13S051211;1211
http://rashodnika.net/3_1_1_138.html;EPSON Масляный вал;C13S052002;2002
http://rashodnika.net/3_1_1_139.html;EPSON Масляный вал;C13S052003;2003
http://rashodnika.net/3_1_1_140.html;EPSON Ремень перноса изображения;C13S053001;3001
http://rashodnika.net/3_1_1_141.html;EPSON Блок термозакрепления (печка);C13S053003;3003
http://rashodnika.net/3_1_1_142.html;EPSON Блок перноса изображения;C13S053006;3006
http://rashodnika.net/3_1_1_143.html;EPSON Блок термозакрепления (печка);C13S053007;3007
http://rashodnika.net/3_1_1_144.html;EPSON Ремень переноса изображения;C13S053009;3009
http://rashodnika.net/3_1_1_145.html;EPSON Блок термозакрепления (печка);C13S053012;3012
http://rashodnika.net/3_1_1_146.html;EPSON Комплект блока термозакрепления;C13S053017;3017
http://rashodnika.net/3_1_1_147.html;EPSON Блок термозакрепления (печка);C13S053018;3018
http://rashodnika.net/3_1_1_148.html;EPSON Блок термозакрепления (печка);C13S053021;3021
http://rashodnika.net/3_1_1_149.html;EPSON 3022 Блок перноса изображения;C13S053022;3022
http://rashodnika.net/3_1_1_150.html;EPSON Блок термозакрепления (печка);C13S053023;3023
http://rashodnika.net/3_1_1_151.html;EPSON 3024 Блок перноса изображения;C13S053024;3024
http://rashodnika.net/3_1_1_152.html;EPSON 3025 Блок термозакрепления (печка);C13S053025;3025
http://rashodnika.net/EPLS053038BA.html;EPSON 3038 Блок термозакрепления (печка);C13S053038;3038
http://rashodnika.net/EPLS053041.html;EPSON 3041 Блок термозакрепления (печка);C13S053041;3041
http://rashodnika.net/EPLS053043.html;EPSON 3043 Блок термозакрепления (печка);C13S053043;3043
http://rashodnika.net/3_1_1_1.html;EPSON 5793 Драм-картридж черный;W510110001;5793
http://rashodnika.net/3_1_1_2.html;EPSON 5794 Коллектор обработанного тонера;W510111001;5794
