http://rashodnika.net/EPS020447.html;EPSON PJIC1(C) Картридж голубой;C13S020447;PJIC1(C)
http://rashodnika.net/3_1_3_45.html;EPSON T001 Картридж цветной;C13T001011;T001
http://rashodnika.net/EPS020448.html;EPSON PJIC2(LC) Картридж светло-голубой;C13S020448;PJIC2(LC)
http://rashodnika.net/3_1_3_33.html;EPSON Картридж черный SJIC3(K);C33S020267;SJIC3K
http://rashodnika.net/EPS020412.html;EPSON Картридж синий SJIC3(B);C33S020412;SJIC3B
http://rashodnika.net/EPS020449.html;EPSON PJIC3(LM) Картридж светло-пурпурный;C13S020449;PJIC3(LM)
http://rashodnika.net/3_1_3_46.html;EPSON T003 Картридж черный;C13T003011;T003
http://rashodnika.net/3_1_3_47.html;EPSON Картридж черный T003, двойнойная упаковка;C13T003012;T003 twin
http://rashodnika.net/3_1_3_34.html;EPSON Картридж красный SJIC4(R);C33S020268;SJIC4R
http://rashodnika.net/3_1_3_35.html;EPSON Картридж синий SJIC4(B);C33S020269;SJIC4B
http://rashodnika.net/3_1_3_36.html;EPSON Картридж зеленый SJIC4(G);C33S020270;SJIC4G
http://rashodnika.net/EPS020413.html;EPSON Картридж оранжевый SJIC4(Or);C33S020413;SJIC4Or
http://rashodnika.net/EPS020450.html;EPSON PJIC4(M) Картридж пурпурный;C13S020450;PJIC4(M)
http://rashodnika.net/epson-c13t04q100.html;EPSON T04Q Картридж черный;C13T04Q100;T04Q
http://rashodnika.net/3_1_3_37.html;EPSON Картридж черный SJIC5(K);C33S020271;SJIC5K
http://rashodnika.net/EPS020451.html;EPSON PJIC5(Y) Картридж желтый;C13S020451;PJIC5(Y)
http://rashodnika.net/EPS020563.html;EPSON Картридж черный GJIC5(K);C13S020563;GJIC5K
http://rashodnika.net/EPS020564.html;EPSON Картридж голубой GJIC5(C);C13S020564;GJIC5C
http://rashodnika.net/EPS020565.html;EPSON Картридж пурпурный GJIC5(M);C13S020565;GJIC5M
http://rashodnika.net/EPS020566.html;EPSON Картридж желтый GJIC5(Y);C13S020566;GJIC5Y
http://rashodnika.net/3_1_3_48.html;EPSON T005 Картридж цветной;C13T00501110;T005
http://rashodnika.net/3_1_3_38.html;EPSON Картридж черный SJIC6(K);C33S020403;SJIC6K
http://rashodnika.net/EPS020452.html;EPSON PJIC6(K) Картридж черный;C13S020452;PJIC6(K)
http://rashodnika.net/3_1_3_39.html;EPSON Картридж синий SJIC7(B);C33S020404;SJIC7B
http://rashodnika.net/3_1_3_40.html;EPSON Картридж красный SJIC7(R);C33S020405;SJIC7R
http://rashodnika.net/3_1_3_41.html;EPSON Картридж зеленый SJIC7(G);C33S020406;SJIC7G
http://rashodnika.net/3_1_3_54.html;EPSON T007 Картридж черный;C13T00740110;T007
http://rashodnika.net/3_1_3_55.html;EPSON T007 TwinPack Двойная упаковка черных картриджей;C13T00740210;T007 Twin
http://rashodnika.net/3_1_3_42.html;EPSON Картридж черный SJIC8(K);C33S020407;SJIC8K
http://rashodnika.net/3_1_3_57.html;EPSON T008 Картридж цветной;C13T00840110;T008
http://rashodnika.net/3_1_3_58.html;EPSON T008 TwinPack Двойная упаковка цветных картриджей;C13T00840310;T008 Twin
http://rashodnika.net/3_1_3_43.html;EPSON Картридж цветной SJIC9P;C33S020410;SJIC9P
http://rashodnika.net/3_1_3_59.html;EPSON T009 Картридж цветной;C13T00940110;T009
http://rashodnika.net/3_1_3_60.html;EPSON T009 TwinPack Двойная упаковка цветных картриджей;C13T00940210;T009 Twin
http://rashodnika.net/3_1_3_44.html;EPSON Картридж черный SJIC10P(K);C33S020411;SJIC10PK
http://rashodnika.net/3_1_3_61.html;EPSON T013 Картридж черный;C13T01340110;T013
http://rashodnika.net/3_1_3_62.html;EPSON T013 TwinPack Картридж черный, двойная упаковка.;C13T01340210;T013 Twin
http://rashodnika.net/3_1_3_63.html;EPSON T014 Картридж цветной;C13T01440110;T014
http://rashodnika.net/EPS020464.html;EPSON SJIC15P Картридж трехцветный CMY;C33S020464;SJIC15P
http://rashodnika.net/3_1_3_64.html;EPSON T015 Картридж черный;C13T01540110;T015
http://rashodnika.net/3_1_3_65.html;EPSON T016 Картридж цветной;C13T01640110;T016
http://rashodnika.net/EPT162140.html;EPSON 16Bk/T1621 Картридж черный;C13T16214010;16Bk
http://rashodnika.net/EPT162240.html;EPSON 16C/T1622 Картридж голубой;C13T16224010;16C
http://rashodnika.net/EPT162340.html;EPSON 16M/T1623 Картридж пурпурный;C13T16234010;16M
http://rashodnika.net/EPT162440.html;EPSON 16Y/T1624 Картридж желтый;C13T16244010;16Y
http://rashodnika.net/EPT162640.html;EPSON 16MP/T1626 Набор картриджей T1621-T1624;C13T16264010;16MP
http://rashodnika.net/EPT163140.html;EPSON 16XLBk/T1631 Картридж черный;C13T16314010;16XL Bk
http://rashodnika.net/EPT163240.html;EPSON 16XLC/T1632 Картридж голубой;C13T16324010;16XL C
http://rashodnika.net/EPT163340.html;EPSON 16XLM/T1633 Картридж пурпурный;C13T16334010;16XL M
http://rashodnika.net/EPT163440.html;EPSON 16XLY/T1634 Картридж желтый;C13T16344010;16XL Y
http://rashodnika.net/EPT163640.html;EPSON 16XLMP/T1636 Набор XL картриджей T1631-T1634;C13T16364010;16XL MP
http://rashodnika.net/3_1_3_215.html;EPSON T017 Картридж черный;C13T01740110;T017
http://rashodnika.net/3_1_3_216.html;EPSON T017 TwinPack Картридж черный, двойная упаковка;C13T01740210;T017 Twin
http://rashodnika.net/EPT17014.html;EPSON T1701 Картридж черный №17;C13T17014A10;17 Bk
http://rashodnika.net/EPT17024.html;EPSON T1702 Картридж голубой №17;C13T17024A10;17 C
http://rashodnika.net/EPT17034.html;EPSON T1703 Картридж пурпурный №17;C13T17034A10;17 M
http://rashodnika.net/EPT17044.html;EPSON T1704 Картридж желтый №17;C13T17044A10;17 Y
http://rashodnika.net/EPT17064.html;EPSON T1706 Экономичный набор из 4 картриджей №17 (CMYK);C13T17064A10;17 MP
http://rashodnika.net/EPT17114.html;EPSON T1711 Картридж черный повышенной емкости №17XL;C13T17114A10;17XL Bk
http://rashodnika.net/EPT17124.html;EPSON T1712 Картридж голубой повышенной емкости №17XL;C13T17124A10;17XL C
http://rashodnika.net/EPT17134.html;EPSON T1713 Картридж пурпурный повышенной емкости №17XL;C13T17134A10;17XL M
http://rashodnika.net/EPT17144.html;EPSON T1714 Картридж желтый повышенной емкости №17XL;C13T17144A10;17XL Y
http://rashodnika.net/EPT17164.html;EPSON T1716 Экономичный набор из 4 картриджей №17XL (CMYK);C13T17164A10;17XL MP
http://rashodnika.net/3_1_3_217.html;EPSON T018 Картридж цветной;C13T01840110;T018
http://rashodnika.net/3_1_3_218.html;EPSON T019 Картридж черный;C13T01940110;T019
http://rashodnika.net/3_1_3_219.html;EPSON T019 TwinPack Картридж черный, двойная упаковка;C13T01940210;T019 Twin
http://rashodnika.net/3_1_3_220.html;EPSON T020 Картридж цветной;C13T02040110;T020
http://rashodnika.net/EPS020601.html;EPSON Картридж черный SJIC22P(K);C33S020601;SJIC22PK
http://rashodnika.net/EPS020602.html;EPSON Картридж голубой SJIC22P(C);C33S020602;SJIC22PC
http://rashodnika.net/EPS020603.html;EPSON Картридж пурпурный SJIC22P(M);C33S020603;SJIC22PM
http://rashodnika.net/EPS020604.html;EPSON Картридж желтый SJIC22P(Y);C33S020604;SJIC22PY
http://rashodnika.net/EPS020618.html;EPSON Картридж черный SJIC26P(K);C33S020618;SJIC26PK
http://rashodnika.net/EPS020619.html;EPSON Картридж голубой SJIC26P(C);C33S020619;SJIC26PC
http://rashodnika.net/EPS020620.html;EPSON Картридж пурпурный SJIC26P(M);C33S020620;SJIC26PM
http://rashodnika.net/EPS020621.html;EPSON Картридж желтый SJIC26P(Y);C33S020621;SJIC26PY
http://rashodnika.net/3_1_3_221.html;EPSON T026 Картридж черный;C13T02640110;T026
http://rashodnika.net/3_1_3_222.html;EPSON T026_TwinPack Картридж черный, двойная упаковка;C13T02640210;T026 Twin
http://rashodnika.net/EPT260140.html;EPSON T2601 Картридж черный №26;C13T26014010;26Bk
http://rashodnika.net/EPT261140.html;EPSON T2611 Картридж фото-черный №26;C13T26114010;26PhBk
http://rashodnika.net/EPT261240.html;EPSON T2612 Картридж голубой №26;C13T26124010;26C
http://rashodnika.net/EPT261340.html;EPSON T2613 Картридж пурпурный №26;C13T26134010;26M
http://rashodnika.net/EPT261440.html;EPSON T2614 Картридж желтый №26;C13T26144010;26Y
http://rashodnika.net/EPT261640.html;EPSON T2616 Экономичный набор из 4 картриджей 26 серии CMYK;C13T26164010;26MP
http://rashodnika.net/EPT262140.html;EPSON T2621 Картридж черный повышенной емкости №26XL;C13T26214010;26XLBk
http://rashodnika.net/EPT263140.html;EPSON T2631 Картридж фото-черный повышенной емкости №26XL;C13T26314010;26XLPhBk
http://rashodnika.net/EPT263240.html;EPSON T2632 Картридж голубой повышенной емкости №26XL;C13T26324010;26XLC
http://rashodnika.net/EPT263340.html;EPSON T2633 Картридж пурпурный повышенной емкости №26XL;C13T26334010;26XLM
http://rashodnika.net/EPT263440.html;EPSON T2634 Картридж желтый повышенной емкости №26XL;C13T26344010;26XLY
http://rashodnika.net/EPT263640.html;EPSON T2636 Экономичный набор из 4 картриджей 26XL серии  CMYK;C13T26364010;26XLMP
http://rashodnika.net/3_1_3_223.html;EPSON T027 Картридж цветной;C13T02740110;T027
http://rashodnika.net/3_1_3_224.html;EPSON T027 TwinPack Картридж цветной. Двойная упаковка.;C13T02740310;T027 Twin
http://rashodnika.net/EPT270140.html;EPSON 27Bk Картридж черный;C13T27014020;27 Bk
http://rashodnika.net/EPT270240.html;EPSON 27C Картридж голубой;C13T27024020;27 C
http://rashodnika.net/EPT270340.html;EPSON 27M Картридж пурпурный;C13T27034020;27 M
http://rashodnika.net/EPT270440.html;EPSON 27Y Картридж желтый;C13T27044020;27 Y
http://rashodnika.net/EPT270540.html;EPSON 27CMY Multipack  Комплект цветных картриджей №27;C13T27054020;27 CMY
http://rashodnika.net/EPT271140.html;EPSON 27XLBk Картридж черный;C13T27114020;27XL Bk
http://rashodnika.net/EPT271240.html;EPSON 27XLC Картридж голубой;C13T27124020;27XL C
http://rashodnika.net/EPT271340.html;EPSON 27XLM Картридж пурпурный;C13T27134020;27XL M
http://rashodnika.net/EPT271440.html;EPSON 27XLY Картридж желтый;C13T27144020;27XL Y
http://rashodnika.net/EPT271540.html;EPSON 27XL CMY Multipack Комплект цветных картриджей №27XL;C13T27154020;27XL CMY
http://rashodnika.net/EPT279140.html;EPSON 27XXLBk Картридж черный;C13T27914020;27XXL Bk
http://rashodnika.net/3_1_3_225.html;EPSON T028 Картридж черный;C13T02840110;T028
http://rashodnika.net/3_1_3_226.html;EPSON T029 Картридж цветной;C13T02940110;T029
http://rashodnika.net/EPS020639.html;EPSON Картридж черный SJIC30P(K);C33S020639;SJIC30PK
http://rashodnika.net/EPS020640.html;EPSON Картридж голубой SJIC30P(C);C33S020640;SJIC30PC
http://rashodnika.net/EPS020641.html;EPSON Картридж пурпурный SJIC30P(M);C33S020641;SJIC30PM
http://rashodnika.net/EPS020642.html;EPSON Картридж желтый SJIC30P(Y);C33S020642;SJIC30PY
http://rashodnika.net/3_1_3_240.html;EPSON T036 Картридж черный;C13T03614010;T036
http://rashodnika.net/3_1_3_242.html;EPSON T037 Картридж цветной;C13T03704010;T037
http://rashodnika.net/3_1_3_72.html;EPSON T0381 Картридж черный;C13T03814A10;T038
http://rashodnika.net/3_1_3_74.html;EPSON T039 Картридж цветной;C13T03904A10;T039
http://rashodnika.net/3_1_3_243.html;EPSON T040 Картридж черный;C13T04014010;T040
http://rashodnika.net/epson-c13t04d000.html;EPSON Емкость для отработанных чернил;C13T04D000;T04D0
http://rashodnika.net/3_1_3_249.html;EPSON T041 Картридж цветной;C13T041040;T041
http://rashodnika.net/epson-c13t04a140.html;EPSON T04A1 Картридж с черными чернилами (11.5K) ;C13T04A140;T04A1
http://rashodnika.net/epson-c13t04b140.html;EPSON T04B1 Картридж с черными чернилами (5.8K) ;C13T04B140;T04B1
http://rashodnika.net/epson-c13t04c140.html;EPSON T04C1 Картридж с черными чернилами (2.9K) ;C13T04C140;T04C1
http://rashodnika.net/epson-c13t04d100.html;EPSON Емкость для отработанных чернил;C13T04D100;T04D1
http://rashodnika.net/epson-c13t04a240.html;EPSON T04A2 Картридж с голубыми чернилами (8K) ;C13T04A240;T04A2
http://rashodnika.net/epson-c13t04b240.html;EPSON T04B2 Картридж с голубыми чернилами (4.6K) ;C13T04B240;T04B2
http://rashodnika.net/epson-c13t04c240.html;EPSON T04C2 Картридж с голубыми чернилами (1.7K) ;C13T04C240;T04C2
http://rashodnika.net/epson-c13t04a340.html;EPSON T04A3 Картридж с пурпурными чернилами (8K) ;C13T04A340;T04A3
http://rashodnika.net/epson-c13t04b340.html;EPSON T04B3 Картридж с пурпурными чернилами (4.6K) ;C13T04B340;T04B3
http://rashodnika.net/epson-c13t04c340.html;EPSON T04C3 Картридж с пурпурными чернилами (1.7K) ;C13T04C340;T04C3
http://rashodnika.net/epson-c13t04a440.html;EPSON T04A4 Картридж с желтыми чернилами (8K) ;C13T04A440;T04A4
http://rashodnika.net/epson-c13t04b440.html;EPSON T04B4 Картридж с желтыми чернилами (4.6K) ;C13T04B440;T04B4
http://rashodnika.net/epson-c13t04c440.html;EPSON T04C4 Картридж с желтыми чернилами (1.7K) ;C13T04C440;T04C4
http://rashodnika.net/3_1_3_97.html;EPSON T048B Набор картриджей YPcPm T0484-486;C13T048B40;T048B
http://rashodnika.net/3_1_3_98.html;EPSON T048C Набор картриджей CMK T0481-483;C13T048C40;T048C
http://rashodnika.net/3_1_3_132.html;EPSON T066 Картридж черный;C13T06614010;T066
http://rashodnika.net/3_1_3_134.html;EPSON T067 Картридж цветной;C13T06704010;T067
http://rashodnika.net/3_1_3_147.html;EPSON T079A Набор из 6 картриджей увеличенного объема. T0791-796;C13T079A4A10;T079A
http://rashodnika.net/Epson-C13T03V14A.html;EPSON 101Bk Контейнер с черными чернилами;C13T03V14A;101 Bk
http://rashodnika.net/Epson-C13T03V24A.html;EPSON 101C Контейнер с голубыми чернилами;C13T03V24A;101 С
http://rashodnika.net/Epson-C13T03V34A.html;EPSON 101M Контейнер с пурпурными чернилами;C13T03V34A;101 M
http://rashodnika.net/Epson-C13T03V44A.html;EPSON 101Y Контейнер с желтыми чернилами;C13T03V44A;101 Y
http://rashodnika.net/epson-c13T00S14a.html;EPSON (103) Контейнер с черными чернилами;C13T00S14A;103 Bk
http://rashodnika.net/epson-c13T00S24a.html;EPSON (103) Контейнер с голубыми чернилами;C13T00S24A;103 C
http://rashodnika.net/epson-c13T00S34a.html;EPSON (103) Контейнер с пурпурными чернилами;C13T00S34A;103 M
http://rashodnika.net/epson-c13T00S44a.html;EPSON (103) Контейнер с желтыми чернилами;C13T00S44A;103 Y
http://rashodnika.net/epson-c13t00q140.html;EPSON (105) Контейнер с черными пигментными чернилами;C13T00Q140;105
http://rashodnika.net/epson-c13t00r140.html;EPSON (106) Контейнер с черными водорастворимыми фото-чернилами;C13T00R140;106 Bk
http://rashodnika.net/epson-c13t00r240.html;EPSON (106) Контейнер с голубыми чернилами;C13T00R240;106 C
http://rashodnika.net/epson-c13t00r340.html;EPSON (106) Контейнер с пурпурными чернилами;C13T00R340;106 M
http://rashodnika.net/epson-c13t00r440.html;EPSON (106) Контейнер с желтыми чернилами;C13T00R440;106 R
http://rashodnika.net/epson-c13t01l4a.html;EPSON 110s Контейнер с черными чернилами (2K);C13T01L14A;110s
http://rashodnika.net/epson-c13t03p14a.html;EPSON 110 Контейнер с черными чернилами (6K);C13T03P14A;110
http://rashodnika.net/EPT252120.html;EPSON 252 BK Картридж черный;T252120;252 Bk
http://rashodnika.net/EPT252220.html;EPSON 252 С Картридж голубой;T252220;252 C
http://rashodnika.net/EPT252320.html;EPSON 252 M Картридж пурпурный;T252320;252 M
http://rashodnika.net/EPT252420.html;EPSON 252 Y Картридж желтый;T252420;252 Y
http://rashodnika.net/EPT252XL120.html;EPSON 252XL BK Картридж черный;T252XL120;252XL Bk
http://rashodnika.net/EPT252XL220.html;EPSON 252XL С Картридж голубой;T252XL220;252XL C
http://rashodnika.net/EPT252XL320.html;EPSON 252XL M Картридж пурпурный;T252XL320;252XL M
http://rashodnika.net/EPT252XL420.html;EPSON 252XL Y Картридж желтый;T252XL420;252XL Y
http://rashodnika.net/Epson-C13T26614010.html;EPSON 266 Картридж с черными чернилами;C13T26614010;266
http://rashodnika.net/Epson-C13T26704010.html;EPSON 267 Картридж с цветными чернилами;C13T26704010;267
http://rashodnika.net/3_1_3_227.html;EPSON T0321 Картридж черный;C13T03214010;T0321
http://rashodnika.net/3_1_3_228.html;EPSON T0321 TwinPack Картридж черный, двойная упаковка;C13T03214210;T0321 Twin
http://rashodnika.net/3_1_3_229.html;EPSON T0322 Картридж голубой;C13T03224010;T0322
http://rashodnika.net/3_1_3_230.html;EPSON T0323 Картридж пурпурный;C13T03234010;T0323
http://rashodnika.net/3_1_3_231.html;EPSON T0324 Картридж желтый;C13T03244010;T0324
http://rashodnika.net/3_1_3_66.html;EPSON T0331 Картридж черный;C13T03314010;T0331
http://rashodnika.net/3_1_3_67.html;EPSON T0332 Картридж голубой;C13T03324010;T0332
http://rashodnika.net/3_1_3_68.html;EPSON T0333 Картридж пурпурный;C13T03334010;T0333
http://rashodnika.net/3_1_3_69.html;EPSON T0334 Картридж желтый;C13T03344010;T0334
http://rashodnika.net/3_1_3_70.html;EPSON T0335 Картридж светло-голубой;C13T03354010;T0335
http://rashodnika.net/3_1_3_71.html;EPSON T0336 Картридж светло-пурпурный;C13T03364010;T0336
http://rashodnika.net/3_1_3_232.html;EPSON T0341 Картридж фото черный;C13T03414010;T0341
http://rashodnika.net/3_1_3_233.html;EPSON T0342 Картридж голубой;C13T03424010;T0342
http://rashodnika.net/3_1_3_234.html;EPSON T0343 Картридж пурпурный;C13T034340;T0343
http://rashodnika.net/3_1_3_235.html;EPSON T0344 Картридж желтый;C13T034440;T0344
http://rashodnika.net/3_1_3_236.html;EPSON T0345 Картридж светло-голубой;C13T034540;T0345
http://rashodnika.net/3_1_3_237.html;EPSON T0346 Картридж светло-пурпурный;C13T034640;T0346
http://rashodnika.net/3_1_3_238.html;EPSON T0347 Картридж серый;C13T034740;T0347
http://rashodnika.net/3_1_3_239.html;EPSON T0348 Картридж матовый черный;C13T034840;T0348
http://rashodnika.net/3_1_3_245.html;EPSON T407 Картридж черный;C13T407011;T407
http://rashodnika.net/3_1_3_246.html;EPSON T408 Картридж желтый;C13T408011;T408
http://rashodnika.net/3_1_3_247.html;EPSON T409 Картридж пурпурный;C13T409011;T409
http://rashodnika.net/3_1_3_248.html;EPSON T410 Картридж голубой;C13T410011;T410
http://rashodnika.net/3_1_3_250.html;EPSON T411 Картридж светло-пурпурный;C13T411011;T411
http://rashodnika.net/3_1_3_251.html;EPSON Картридж светло-голубой;C13T412011;T412
http://rashodnika.net/epson-c13t41f240.html;EPSON T41F2 Картридж голубой (350 мл.);C13T41F240;T41F2 C
http://rashodnika.net/epson-c13t41r240.html;EPSON T41R2 Картридж голубой (110 мл.);C13T41R240;T41R2 C
http://rashodnika.net/epson-c13t41f340.html;EPSON T41F3 Картридж пурпурный (350 мл.);C13T41F340;T41F3 M
http://rashodnika.net/epson-c13t41r340.html;EPSON T41R3 Картридж пурпурный (110 мл.);C13T41R340;T41R3 M
http://rashodnika.net/epson-c13t41f440.html;EPSON T41F4 Картридж желтый (350 мл.);C13T41F440;T41F4 Y
http://rashodnika.net/epson-c13t41r440.html;EPSON T41R4 Картридж желтый (110 мл.);C13T41R440;T41R4 Y
http://rashodnika.net/epson-c13t41f540%20.html;EPSON T41F5 Картридж черный (350 мл.);C13T41F540;T41F5 Bk
http://rashodnika.net/epson-c13r41r540.html;EPSON T41R5 Картридж черный (110 мл.);C13T41R540;T41R5 Bk
http://rashodnika.net/3_1_3_252.html;EPSON T0422 Картридж голубой;C13T042240;T0422
http://rashodnika.net/3_1_3_253.html;EPSON T0423 Картридж пурпурный;C13T042340;T0423
http://rashodnika.net/3_1_3_254.html;EPSON T0424 Картридж желтый;C13T042440;T0424
http://rashodnika.net/3_1_3_75.html;EPSON T0431 Картридж черный повышенной ёмкости;C13T04314010;T0431
http://rashodnika.net/3_1_3_77.html;EPSON T0441 Картридж черный;C13T04414010;T0441
http://rashodnika.net/3_1_3_78.html;EPSON T0442 Картридж голубой;C13T04424010;T0442
http://rashodnika.net/3_1_3_79.html;EPSON T0443 Картридж пурпурный;C13T04434010;T0443
http://rashodnika.net/3_1_3_80.html;EPSON T0444 Картридж желтый;C13T04444010;T0444
http://rashodnika.net/3_1_3_81.html;EPSON Комплект картриджей T0441+T0452-454;C13T04454010;T0445
http://rashodnika.net/3_1_3_82.html;EPSON T0452 Картридж голубой;C13T04524010;T0452
http://rashodnika.net/3_1_3_83.html;EPSON T0453 Картридж пурпурный;C13T04534010;T0453
http://rashodnika.net/3_1_3_84.html;EPSON T0454 Картридж желтый;C13T04544010;T0454
http://rashodnika.net/3_1_3_255.html;EPSON T460 Картридж черный;C13T460011;T460
http://rashodnika.net/3_1_3_85.html;EPSON T0461 Картридж черный;C13T04614A10;T0461
http://rashodnika.net/3_1_3_256.html;EPSON T461 Картридж желтый;C13T461011;T461
http://rashodnika.net/3_1_3_257.html;EPSON T462 Картридж пурпурный;C13T462011;T462
http://rashodnika.net/3_1_3_258.html;EPSON T463 Картридж голубой;C13T463011;T463
http://rashodnika.net/3_1_3_259.html;EPSON T464 Картридж светло-пурпурный;C13T464011;T464
http://rashodnika.net/3_1_3_260.html;EPSON T465 Картридж светло-голубой;C13T465011;T465
http://rashodnika.net/3_1_3_87.html;EPSON T0472 Картридж голубой;C13T04724A10;T0472
http://rashodnika.net/3_1_3_88.html;EPSON T0473 Картридж пурпурный;C13T04734A10;T0473
http://rashodnika.net/3_1_3_89.html;EPSON T0474 Картридж желтый;C13T04744A10;T0474
http://rashodnika.net/3_1_3_261.html;EPSON T474 Картридж черный;C13T474011;T474
http://rashodnika.net/3_1_3_262.html;EPSON T475 Картридж желтый;C13T475011;T475
http://rashodnika.net/3_1_3_263.html;EPSON T476 Картридж пурпурный;C13T476011;T476
http://rashodnika.net/3_1_3_264.html;EPSON T477 Картридж голубой;C13T477011;T477
http://rashodnika.net/3_1_3_265.html;EPSON T478 Картридж светло-пурпурный;C13T478011;T478
http://rashodnika.net/3_1_3_266.html;EPSON T479 Картридж светло-голубой;C13T479011;T479
http://rashodnika.net/3_1_3_267.html;EPSON T480 Картридж черный;C13T480011;T480
http://rashodnika.net/3_1_3_90.html;EPSON T0481 Картридж черный;C13T04814010;T0481
http://rashodnika.net/3_1_3_268.html;EPSON T481 Картридж желтый;C13T481011;T481
http://rashodnika.net/3_1_3_91.html;EPSON T0482 Картридж голубой;C13T048240;T0482
http://rashodnika.net/3_1_3_269.html;EPSON T482 Картридж пурпурный;C13T482011;T482
http://rashodnika.net/3_1_3_92.html;EPSON T0483 Картридж пурпурный;C13T048340;T0483
http://rashodnika.net/3_1_3_270.html;EPSON T483 Картридж голубой;C13T483011;T483
http://rashodnika.net/3_1_3_93.html;EPSON T0484 Картридж желтый;C13T048440;T0484
http://rashodnika.net/3_1_3_271.html;EPSON T484 Картридж светло-пурпурный;C13T484011;T484
http://rashodnika.net/3_1_3_94.html;EPSON T0485 Картридж светло-голубой;C13T048540;T0485
http://rashodnika.net/3_1_3_272.html;EPSON T485 Картридж светло-голубой;C13T485011;T485
http://rashodnika.net/3_1_3_95.html;EPSON T0486 Картридж светло-пурпурный;C13T048640;T0486
http://rashodnika.net/3_1_3_273.html;EPSON T486 Картридж черный;C13T486011;T486
http://rashodnika.net/3_1_3_96.html;EPSON Набор картриджей T0481-486;C13T04874010;T0487
http://rashodnika.net/3_1_3_274.html;EPSON T487 Картридж желтый;C13T487011;T487
http://rashodnika.net/3_1_3_275.html;EPSON T488 Картридж пурпурный / светло-пурпурный;C13T488011;T488
http://rashodnika.net/3_1_3_276.html;EPSON T489 Картридж голубой / светло-голубой;C13T489011;T489
http://rashodnika.net/EPT499011.html;EPSON T499 Картридж черный;C13T499011;T499
http://rashodnika.net/EPT500011.html;EPSON T500 Картридж желтый;C13T500011;T500
http://rashodnika.net/3_1_3_99.html;EPSON T050 Картридж черный;C13T05014010;T0501
http://rashodnika.net/3_1_3_100.html;EPSON T050 TwinPack Картридж черный, двойная упаковка;C13T05014210;T0501 Twin
http://rashodnika.net/EPT501011.html;EPSON T501 Картридж пурпурный;C13T501011;T501
http://rashodnika.net/EPT502011.html;EPSON T502 Картридж голубой;C13T502011;T502
http://rashodnika.net/EPT503011.html;EPSON T503 Картридж светло-пурпурный;C13T503011;T503
http://rashodnika.net/EPT504011.html;EPSON T504 Картридж светло-голубой;C13T504011;T504
http://rashodnika.net/3_1_3_101.html;EPSON T051 Картридж черный;C13T05114010;T0511
http://rashodnika.net/3_1_3_102.html;EPSON T051 TwinPack Картридж черный, двойная упаковка;C13T05114210;T0511 Twin
http://rashodnika.net/3_1_3_277.html;EPSON T511 Картридж черный;C13T511011;T511
http://rashodnika.net/3_1_3_278.html;EPSON T512 Картридж желтый;C13T512011;T512
http://rashodnika.net/3_1_3_279.html;EPSON T513 Картридж пурпурный;C13T513011;T513
http://rashodnika.net/3_1_3_280.html;EPSON T514 Картридж голубой;C13T514011;T514
http://rashodnika.net/3_1_3_281.html;EPSON T515 Картридж светло-пурпурный;C13T515011;T515
http://rashodnika.net/3_1_3_282.html;EPSON T516 Картридж светло-голубой;C13T516011;T516
http://rashodnika.net/3_1_3_103.html;EPSON T052 Картридж цветной;C13T05204010;T0520
http://rashodnika.net/3_1_3_104.html;EPSON T053 Картридж цветной;C13T05304010;T0530
http://rashodnika.net/3_1_3_105.html;EPSON T054 Картридж с глянцем;C13T05404010;T0540
http://rashodnika.net/3_1_3_106.html;EPSON T0541 Картридж черный;C13T05414010;T0541
http://rashodnika.net/EPT541011.html;EPSON T541 Картридж желтый;C13T541011;T541
http://rashodnika.net/3_1_3_107.html;EPSON T0542 Картридж голубой;C13T05424010;T0542
http://rashodnika.net/EPT542011.html;EPSON T542 Картридж светло-пурпурный;C13T542011;T542
http://rashodnika.net/3_1_3_108.html;EPSON T0543 Картридж пурпурный;C13T05434010;T0543
http://rashodnika.net/3_1_3_109.html;EPSON T0544 Картридж желтый;C13T05444010;T0544
http://rashodnika.net/3_1_3_110.html;EPSON T0547 Картридж красный;C13T05474010;T0547
http://rashodnika.net/3_1_3_111.html;EPSON T0548 Картридж матовый черный;C13T05484010;T0548
http://rashodnika.net/3_1_3_112.html;EPSON T0549 Картридж синий;C13T05494010;T0549
http://rashodnika.net/3_1_3_113.html;EPSON T0551 Картридж черный;C13T055140;T0551
http://rashodnika.net/3_1_3_114.html;EPSON T0552 Картридж голубой;C13T055240;T0552
http://rashodnika.net/3_1_3_115.html;EPSON T0553 Картридж пурпурный;C13T055340;T0553
http://rashodnika.net/3_1_3_116.html;EPSON T0554 Картридж желтый;C13T055440;T0554
http://rashodnika.net/3_1_3_117.html;EPSON T0556 Набор картриджей T0551-554;C13T05564010;T0556
http://rashodnika.net/3_1_3_353.html;EPSON T580A Картридж насыщенный пурпурный;C13T580A00;T580A
http://rashodnika.net/3_1_3_354.html;EPSON T580B Картридж насыщенный светло-пурпурный;C13T580B00;T580B
http://rashodnika.net/3_1_3_118.html;EPSON T0591 Картридж черный;C13T05914010;T0591
http://rashodnika.net/3_1_3_119.html;EPSON T0592 Картридж голубой;C13T05924010;T0592
http://rashodnika.net/3_1_3_120.html;EPSON T0593 Картридж пурпурный;C13T05934010;T0593
http://rashodnika.net/3_1_3_121.html;EPSON T0594 Картридж желтый;C13T05944010;T0594
http://rashodnika.net/3_1_3_122.html;EPSON T0595 Картридж светло-голубой;C13T05954010;T0595
http://rashodnika.net/3_1_3_123.html;EPSON T0596 Картридж светло-пурпурный;C13T05964010;T0596
http://rashodnika.net/3_1_3_375.html;EPSON T596A Картридж оранжевый 350мл. /Orange ink cartridge/;C13T596A00;T596A
http://rashodnika.net/3_1_3_376.html;EPSON T596B Картридж зеленый 350мл. /Green ink cartridge/;C13T596B00;T596B
http://rashodnika.net/EPT596C00.html;EPSON T596C Картридж белый 350мл. /White ink cartridge/;C13T596C00;T596C
http://rashodnika.net/3_1_3_124.html;EPSON T0597 Картридж серый;C13T05974010;T0597
http://rashodnika.net/3_1_3_125.html;EPSON T0598 Картридж матовый черный;C13T05984010;T0598
http://rashodnika.net/3_1_3_126.html;EPSON T0599 Картридж светло-серый;C13T05994010;T0599
http://rashodnika.net/EPT602A00.html;EPSON T602A Black ink convertion kit;C13T602A00;T602A
http://rashodnika.net/3_1_3_385.html;EPSON T602B Картридж пурпурный 110мл.;C13T602B00;T602B
http://rashodnika.net/3_1_3_386.html;EPSON T602C Картридж светло-пурпурный 110мл.;C13T602C00;T602C
http://rashodnika.net/3_1_3_395.html;EPSON T603B Картридж пурпурный 220мл.;C13T603B00;T603B
http://rashodnika.net/3_1_3_396.html;EPSON T603C Картридж светло-пурпурный 220мл.;C13T603C00;T603C
http://rashodnika.net/3_1_3_405.html;EPSON T605B Картридж пурпурный 110 мл.;C13T605B00;T605B
http://rashodnika.net/3_1_3_406.html;EPSON T605C Картридж светло-пурпурный 110 мл.;C13T605C00;T605C
http://rashodnika.net/3_1_3_415.html;EPSON T606B Картридж пурпурный 220 мл.;C13T606B00;T606B
http://rashodnika.net/3_1_3_416.html;EPSON T606C Картридж светло-пурпурный 220 мл.;C13T606C00;T606C
http://rashodnika.net/3_1_3_127.html;EPSON T0611 Картридж черный;C13T06114010;T0611
http://rashodnika.net/3_1_3_128.html;EPSON T0612 Картридж голубой;C13T06124010;T0612
http://rashodnika.net/3_1_3_129.html;EPSON T0613 Картридж пурпурный;C13T06134010;T0613
http://rashodnika.net/3_1_3_130.html;EPSON T0614 Картридж желтый;C13T06144010;T0614
http://rashodnika.net/3_1_3_131.html;EPSON T0615 Набор картриджей T0611-614;C13T06154010;T0615
http://rashodnika.net/3_1_3_49.html;EPSON T0631 Картридж черный;C13T06314A10;T0631
http://rashodnika.net/3_1_3_50.html;EPSON T0632 Картридж голубой;C13T06324A10;T0632
http://rashodnika.net/3_1_3_51.html;EPSON T0633 Картридж пурпурный;C13T06334A10;T0633
http://rashodnika.net/3_1_3_52.html;EPSON T0634 Картридж желтый;C13T06344A10;T0634
http://rashodnika.net/3_1_3_53.html;EPSON T0635 Набор картриджей T0631-T0634;C13T06354A10;T0635
http://rashodnika.net/3_1_3_459.html;EPSON T636A Картридж оранжевый 700мл. /Orange ink cartridge/;C13T636A00;T636A
http://rashodnika.net/3_1_3_460.html;EPSON T636B Картридж зеленый 700мл. /Green ink cartridge/;C13T636B00;T636B
http://rashodnika.net/EPT642A00.html;EPSON T642A Картридж оранжевый 150мл. /Orange ink cartridge/;C13T642A00;T642A
http://rashodnika.net/EPT642B00.html;EPSON T642B Картридж зеленый 150мл. /Green ink cartridge/;C13T642B00;T642B
http://rashodnika.net/3_1_3_475.html;EPSON T653A Картридж оранжевый /Orange Ink/;C13T653A00;T653A
http://rashodnika.net/3_1_3_476.html;EPSON T653B Картридж зеленый /Green Ink/;C13T653B00;T653B
http://rashodnika.net/EPT67314A.html;EPSON T6731 Контейнер с черными чернилами;C13T67314A;673 Bk
http://rashodnika.net/EPT67324A.html;EPSON T6732 Контейнер с голубыми чернилами;C13T67324A;673 C
http://rashodnika.net/EPT67334A.html;EPSON T6733 Контейнер с пурпурными чернилами;C13T67334A;673 M
http://rashodnika.net/EPT67344A.html;EPSON T6734 Контейнер с желтыми чернилами;C13T67344A;673 Y
http://rashodnika.net/EPT67354A.html;EPSON T6735 Контейнер с светло-голубыми чернилами;C13T67354A;673 LC
http://rashodnika.net/EPT67364A.html;EPSON T6736 Контейнер с светло-пурпурными чернилами;C13T67364A;673 LM
http://rashodnika.net/EPT676XL120.html;EPSON 676XL BK Картридж черный;T676XL120;676XL BK
http://rashodnika.net/EPT676XL220.html;EPSON 676XL C Картридж голубой;T676XL220;676XL C
http://rashodnika.net/EPT676XL320.html;EPSON 676XL M Картридж пурпурный;T676XL320;676XL M
http://rashodnika.net/EPT676XL420.html;EPSON 676XL Y Картридж желтый;T676XL420;676XL Y
http://rashodnika.net/3_1_3_135.html;EPSON T0711 Картридж черный;C13T07114010;T0711
http://rashodnika.net/3_1_3_136.html;EPSON T0711H Картридж черный увеличенной емкости, двойная упаковка;C13T07114H10;T0711H
http://rashodnika.net/EPT711XXL120.html;EPSON 711XXL BK Картридж черный;T711XXL120;711XXL BK
http://rashodnika.net/EPT711XXL220.html;EPSON 711XXL C Картридж голубой;T711XXL220;711XXL C
http://rashodnika.net/EPT711XXL320.html;EPSON 711XXL M Картридж пурпурный;T711XXL320;711XXL M
http://rashodnika.net/EPT711XXL420.html;EPSON 711XXL Y Картридж желтый;T711XXL420;711XXL Y
http://rashodnika.net/3_1_3_137.html;EPSON T0712 Картридж голубой;C13T07124010;T0712
http://rashodnika.net/3_1_3_138.html;EPSON T0713 Картридж пурпурный;C13T07134010;T0713
http://rashodnika.net/3_1_3_139.html;EPSON T0714 Картридж желтый;C13T07144010;T0714
http://rashodnika.net/EPT714A00.html;EPSON T714A Картридж белый;C13T714A00;T714A
http://rashodnika.net/EPT714B00.html;EPSON T714B Картридж серебрянный-металлик;C13T714B00;T714B
http://rashodnika.net/3_1_3_140.html;EPSON T0715 Набор картриджей T0711-714;C13T07154010;T0715
http://rashodnika.net/EPT725A00.html;EPSON T725A Картридж белый (600 ml);C13T725A00;T725A
http://rashodnika.net/EPT730A00.html;EPSON T730A Картридж белый (250 ml);C13T730A00;T730A
http://rashodnika.net/3_1_3_142.html;EPSON T0731 Картридж черный;C13T10514A10;T0731
http://rashodnika.net/3_1_3_143.html;EPSON T0732 Картридж голубой;C13T10524A10;T0732
http://rashodnika.net/3_1_3_144.html;EPSON T0733 Картридж пурпурный;C13T10534A10;T0733
http://rashodnika.net/3_1_3_145.html;EPSON T0734 Картридж желтый;C13T10544A10;T0734
http://rashodnika.net/3_1_3_146.html;EPSON T0735 Набор картриджей T0731-734;C13T10554A10;T0735
http://rashodnika.net/EPT741X00.html;EPSON T741X Шесть контейнеров с HD-черными чернилами;C13T741X00;T741X
http://rashodnika.net/Epson-C13T07914010.html;EPSON T0791 Картридж черный повышенной емкости;C13T07914010;T0791
http://rashodnika.net/Epson-C13T07924010.html;EPSON T0792 Картридж голубой повышенной емкости;C13T07924010;T0792
http://rashodnika.net/Epson-C13T07934010.html;EPSON T0793 Картридж пурпурный повышенной емкости;C13T07934010;T0793
http://rashodnika.net/Epson-C13T07944010_new.html;EPSON T0794 Картридж желтый повышенной емкости;C13T07944010;T0794
http://rashodnika.net/Epson-C13T07954010.html;EPSON T0795 Картридж светло-голубой повышенной емкости;C13T07954010;T0795
http://rashodnika.net/Epson-C13T07964010.html;EPSON T0796 Картридж светло-пурпурный повышенной емкости;C13T07964010;T0796
http://rashodnika.net/3_1_3_148.html;EPSON T0801 Картридж черный;C13T08014011;T0801
http://rashodnika.net/3_1_3_149.html;EPSON T0802 Картридж голубой;C13T08024011;T0802
http://rashodnika.net/3_1_3_150.html;EPSON T0803 Картридж пурпурный;C13T08034011;T0803
http://rashodnika.net/3_1_3_151.html;EPSON T0804 Картридж желтый;C13T08044011;T0804
http://rashodnika.net/EPT804A00.html;EPSON T804A Картридж оранжевый /Orange/ 700ml.;C13T804A00;T804A
http://rashodnika.net/EPT804B00.html;EPSON T804B Картридж зеленый /Green/ 700ml.;C13T804B00;T804B
http://rashodnika.net/EPT804D00.html;EPSON T804D Картридж фиолетовый /Violet/ 700ml.;C13T804D00;T804D
http://rashodnika.net/3_1_3_152.html;EPSON T0805 Картридж светло-голубой;C13T08054011;T0805
http://rashodnika.net/3_1_3_153.html;EPSON T0806 Картридж светло-пурпурный;C13T08064011;T0806
http://rashodnika.net/EPT080740.html;EPSON T0807 Набор картриджей;C13T08074011;T0807
http://rashodnika.net/3_1_3_194.html;EPSON T0811 Картридж черный большой емкости;C13T11114A10;T0811
http://rashodnika.net/3_1_3_195.html;EPSON T0812 Картридж голубой большой емкости;C13T11124A10;T0812
http://rashodnika.net/3_1_3_196.html;EPSON T0813 Картридж пурпурный большой емкости;C13T11134A10;T0813
http://rashodnika.net/3_1_3_197.html;EPSON T0814 Картридж желтый большой емкости;C13T11144A10;T0814
http://rashodnika.net/3_1_3_198.html;EPSON T0815 Картридж светло-голубой большой емкости;C13T11154A10;T0815
http://rashodnika.net/3_1_3_199.html;EPSON T0816 Картридж светло-пурпурный большой емкости;C13T11164A10;T0816
http://rashodnika.net/3_1_3_477.html;EPSON T0817 Набор картриджей T0811-816;C13T11174A10;T0817
http://rashodnika.net/3_1_3_161.html;EPSON T0821 Картридж черный;C13T11214A10;T0821
http://rashodnika.net/3_1_3_162.html;EPSON T0822 Картридж голубой;C13T11224A10;T0822
http://rashodnika.net/3_1_3_163.html;EPSON T0823 Картридж пурпурный;C13T11234A10;T0823
http://rashodnika.net/3_1_3_164.html;EPSON T0824 Картридж желтый;C13T11244A10;T0824
http://rashodnika.net/EPT824A00.html;EPSON T824A Картридж оранжевый /Orange/ 350ml.;C13T824A00;T824A
http://rashodnika.net/EPT824B00.html;EPSON T824B Картридж зеленый /Green/ 350ml.;C13T824B00;T824B
http://rashodnika.net/EPT824D00.html;EPSON T824D Картридж фиолетовый /Violet/ 350ml.;C13T824D00;T824D
http://rashodnika.net/3_1_3_165.html;EPSON T0825 Картридж светло-голубой;C13T11254A10;T0825
http://rashodnika.net/3_1_3_166.html;EPSON T0826 Картридж светло-пурпурный;C13T11264A10;T0826
http://rashodnika.net/3_1_3_168.html;EPSON T0870 Оптимизатор глянца, двойная упаковка;C13T08704010;T0870
http://rashodnika.net/3_1_3_169.html;EPSON T0871 Картридж фото черный;C13T08714010;T0871
http://rashodnika.net/3_1_3_170.html;EPSON T0872 Картридж голубой;C13T08724010;T0872
http://rashodnika.net/3_1_3_171.html;EPSON T0873 Картридж пурпурный;C13T08734010;T0873
http://rashodnika.net/3_1_3_172.html;EPSON T0874 Картридж желтый;C13T08744010;T0874
http://rashodnika.net/3_1_3_173.html;EPSON T0877 Картридж красный;C13T08774010;T0877
http://rashodnika.net/3_1_3_174.html;EPSON T0878 Картридж матово-черный;C13T08784010;T0878
http://rashodnika.net/3_1_3_175.html;EPSON T0879 Картридж оранжевый;C13T08794010;T0879
http://rashodnika.net/epson-c13t891A00.html;EPSON T891A Картридж белый;C13T891A00;T891A
http://rashodnika.net/epson-c13t891B00.html;EPSON T891B Картридж серебряный металлик;C13T891B00;T891B
http://rashodnika.net/3_1_3_176.html;EPSON T0921 Картридж черный;C13T10814A10;T0921
http://rashodnika.net/3_1_3_177.html;EPSON T0922 Картридж голубой;C13T10824A10;T0922
http://rashodnika.net/3_1_3_178.html;EPSON T0923 Картридж пурпурный;C13T10834A10;T0923
http://rashodnika.net/3_1_3_179.html;EPSON T0924 Картридж желтый;C13T10844A10;T0924
http://rashodnika.net/3_1_3_180.html;EPSON T0925 Комплект картриджей T0921-T0924;C13T10854A10;T0925
http://rashodnika.net/3_1_3_181.html;EPSON T0961 Картридж фото-черный;C13T09614010;T0961
http://rashodnika.net/3_1_3_182.html;EPSON T0962 Картридж голубой;C13T09624010;T0962
http://rashodnika.net/3_1_3_183.html;EPSON T0963 Картридж пурпурный насыщенный;C13T09634010;T0963
http://rashodnika.net/3_1_3_184.html;EPSON T0964 Картридж желтый;C13T09644010;T0964
http://rashodnika.net/3_1_3_185.html;EPSON T0965 Картридж светло-голубой;C13T09654010;T0965
http://rashodnika.net/3_1_3_186.html;EPSON T0966 Картридж светло-пурпурный насыщенный;C13T09664010;T0966
http://rashodnika.net/3_1_3_187.html;EPSON T0967 Картридж серый;C13T09674010;T0967
http://rashodnika.net/3_1_3_188.html;EPSON T0968 Картридж матово-черный;C13T09684010;T0968
http://rashodnika.net/3_1_3_189.html;EPSON T0969 Картридж светло-серый;C13T09694010;T0969
http://rashodnika.net/3_1_3_190.html;EPSON T1031 Картридж черный XL экстра повышенной емкости;C13T10314A10;T1031
http://rashodnika.net/3_1_3_191.html;EPSON T1032 Картридж голубой L повышенной емкости;C13T10324A10;T1032
http://rashodnika.net/3_1_3_192.html;EPSON T1033 Картридж пурпурный L повышенной емкости;C13T10334A10;T1033
http://rashodnika.net/3_1_3_193.html;EPSON T1034 Картридж желтый L повышенной емкости;C13T10344A10;T1034
http://rashodnika.net/3_1_3_200.html;EPSON T1281 Картридж черный;C13T12814011;T1281
http://rashodnika.net/EPT12824011.html;EPSON T1282 Картридж голубой;C13T12824011;T1282
http://rashodnika.net/EPT12834011.html;EPSON T1283 Картридж пурпурный;C13T12834011;T1283
http://rashodnika.net/EPT12844011.html;EPSON T1284 Картридж желтый;C13T12844011;T1284
http://rashodnika.net/EPT12854011.html;EPSON T1285 Набор картриджей T1281-T1284;C13T12854010;T1285
http://rashodnika.net/3_1_3_205.html;EPSON T1291 Картридж черный L;C13T12914011;T1291
http://rashodnika.net/EPT12924011.html;EPSON T1292 Картридж голубой L;C13T12924011;T1292
http://rashodnika.net/EPT12934011.html;EPSON T1293 Картридж пурпурный L;C13T12934011;T1293
http://rashodnika.net/EPT12944011.html;EPSON T1294 Картридж желтый L;C13T12944011;T1294
http://rashodnika.net/EPT12954011.html;EPSON T1295 CMYK Набор картриджей T1291-T1294;C13T12954010;T1295
http://rashodnika.net/3_1_3_210.html;EPSON T1301 Картридж черный XL;C13T13014010;T1301
http://rashodnika.net/EPT13024010.html;EPSON T1302 Картридж голубой XL;C13T13024010;T1302
http://rashodnika.net/EPT13034010.html;EPSON T1303 Картридж пурпурный XL;C13T13034010;T1303
http://rashodnika.net/EPT13044010.html;EPSON T1304 Картридж желтый XL;C13T13044010;T1304
http://rashodnika.net/EPT13064010.html;EPSON T1306 Набор картриджей T1302-T1304;C13T13064010;T1306
http://rashodnika.net/EPT13614A.html;EPSON T1361 Набор из 2-х картриджей с черными чернилами;C13T13614A10;T1361
http://rashodnika.net/EPT157140.html;EPSON T1571 Картридж фото-черный;C13T15714010;T1571
http://rashodnika.net/EPT157240.html;EPSON T1572 Картридж голубой;C13T15724010;T1572
http://rashodnika.net/EPT157340.html;EPSON T1573 Картридж пурпурный /Vivid Magenta/;C13T15734010;T1573
http://rashodnika.net/EPT157440.html;EPSON T1574 Картридж желтый;C13T15744010;T1574
http://rashodnika.net/EPT157540.html;EPSON T1575 Картридж светло-голубой;C13T15754010;T1575
http://rashodnika.net/EPT157640.html;EPSON T1576 Картридж светло-пурпурный;C13T15764010;T1576
http://rashodnika.net/EPT157740.html;EPSON T1577 Картридж серый;C13T15774010;T1577
http://rashodnika.net/EPT157840.html;EPSON T1578 Картридж матово-черный;C13T15784010;T1578
http://rashodnika.net/EPT157940.html;EPSON T1579 Картридж светло-серый;C13T15794010;T1579
http://rashodnika.net/EPT159040.html;EPSON T1590 Картридж оптимизатор глянца;C13T15904010;T1590
http://rashodnika.net/EPT159140.html;EPSON T1591 Картридж фото-черный;C13T15914010;T1591
http://rashodnika.net/EPT159240.html;EPSON T1592 Картридж голубой;C13T15924010;T1592
http://rashodnika.net/EPT159340.html;EPSON T1593 Картридж пурпурный /Vivid Magenta/;C13T15934010;T1593
http://rashodnika.net/EPT159440.html;EPSON T1594 Картридж желтый;C13T15944010;T1594
http://rashodnika.net/EPT159740.html;EPSON T1597 Картридж красный;C13T15974010;T1597
http://rashodnika.net/EPT159840.html;EPSON T1598 Картридж матово-черный;C13T15984010;T1598
http://rashodnika.net/EPT159940.html;EPSON T1599 Картридж оранжевый;C13T15994010;T1599
http://rashodnika.net/EPT324040.html;EPSON T3240 Картридж для оптимизации глянца /Gloss Optimizer/;C13T32404010;T3240
http://rashodnika.net/EPT324140.html;EPSON T3241 Картридж фото-черный /Photo Black/;C13T32414010;T3241
http://rashodnika.net/EPT324240.html;EPSON T3242 Картридж голубой /Cyan/;C13T32424010;T3242
http://rashodnika.net/EPT324340.html;EPSON T3243 Картридж пурпурный /Magenta/;C13T32434010;T3243
http://rashodnika.net/EPT324440.html;EPSON T3244 Картридж желтый /Yellow/;C13T32444010;T3244
http://rashodnika.net/EPT324740.html;EPSON T3247 Картридж красный /Red/;C13T32474010;T3247
http://rashodnika.net/EPT324840.html;EPSON T3248 Картридж матовый черный /Matte Black/;C13T32484010;T3248
http://rashodnika.net/EPT324940.html;EPSON T3249 Картридж оранжевый /Orange/;C13T32494010;T3249
http://rashodnika.net/EPS020580.html;EPSON SJMB3500 Емкость для отработанных чернил ;C33S020580;SJMB3500
http://rashodnika.net/3_1_3_283.html;EPSON T5431 Картридж фото-черный 110 мл.;C13T543100;T5431
http://rashodnika.net/3_1_3_284.html;EPSON T5432 Картридж голубой 110 мл.;C13T543200;T5432
http://rashodnika.net/3_1_3_285.html;EPSON T5433 Картридж пурпурный 110 мл.;C13T543300;T5433
http://rashodnika.net/3_1_3_286.html;EPSON T5434 Картридж желтый 110 мл.;C13T543400;T5434
http://rashodnika.net/3_1_3_287.html;EPSON T5435 Картридж светло-голубой 110 мл.;C13T543500;T5435
http://rashodnika.net/3_1_3_288.html;EPSON T5436 Картридж светло-пурпурный 110 мл.;C13T543600;T5436
http://rashodnika.net/3_1_3_289.html;EPSON T5437 Картридж серый 110 мл.;C13T543700;T5437
http://rashodnika.net/3_1_3_290.html;EPSON T5438 Картридж матовый черный 110 мл.;C13T543800;T5438
http://rashodnika.net/3_1_3_291.html;EPSON T5441 Картридж фото-черный 220 мл.;C13T544100;T5441
http://rashodnika.net/3_1_3_292.html;EPSON T5442 Картридж голубой 220 мл.;C13T544200;T5442
http://rashodnika.net/3_1_3_293.html;EPSON T5443 Картридж пурпурный 220 мл.;C13T544300;T5443
http://rashodnika.net/3_1_3_294.html;EPSON T5444 Картридж желтый 220 мл.;C13T544400;T5444
http://rashodnika.net/3_1_3_295.html;EPSON T5445 Картридж светло-голубой 220 мл. ;C13T544500;T5445
http://rashodnika.net/3_1_3_296.html;EPSON T5446 Картридж светло-пурпурный 220 мл.;C13T544600;T5446
http://rashodnika.net/3_1_3_297.html;EPSON T5447 Картридж серый 220 мл.;C13T544700;T5447
http://rashodnika.net/3_1_3_298.html;EPSON T5448 Картридж матовый черный 220 мл.;C13T544800;T5448
http://rashodnika.net/EPT545100.html;EPSON T5451 Картридж черный Dye;C13T545100;T5451
http://rashodnika.net/EPT545200.html;EPSON T5452 Картридж голубой Dye;C13T545200;T5452
http://rashodnika.net/EPT545300.html;EPSON T5453 Картридж пурпурный Dye;C13T545300;T5453
http://rashodnika.net/EPT545400.html;EPSON T5454 Картридж желтый Dye;C13T545400;T5454
http://rashodnika.net/EPT545500.html;EPSON T5455 Картридж светло-голубой Dye;C13T545500;T5455
http://rashodnika.net/EPT545600.html;EPSON T5456 Картридж светло-пурпурный Dye;C13T545600;T5456
http://rashodnika.net/3_1_3_299.html;EPSON T5491 Картридж фото-черный UltraChrome 500 мл.;C13T549100;T5491
http://rashodnika.net/3_1_3_300.html;EPSON T5492 Картридж голубой UltraChrome 500 мл.;C13T549200;T5492
http://rashodnika.net/3_1_3_301.html;EPSON T5493 Картридж пурпурный UltraChrome 500 мл.;C13T549300;T5493
http://rashodnika.net/3_1_3_302.html;EPSON T5494 Картридж желтый UltraChrome 500 мл.;C13T549400;T5494
http://rashodnika.net/3_1_3_303.html;EPSON T5495 Картридж светло-голубой UltraChrome 500 мл.;C13T549500;T5495
http://rashodnika.net/3_1_3_304.html;EPSON T5496 Картридж светло-пурпурный UltraChrome 500 мл.;C13T549600;T5496
http://rashodnika.net/3_1_3_305.html;EPSON T5498 Картридж матовый черный UltraChrome 500 мл.;C13T549800;T5498
http://rashodnika.net/3_1_3_306.html;EPSON T5570BD Набор PictureMate (135 листов бумаги 10х15 и картридж);C13T557040BD;T5570
http://rashodnika.net/3_1_3_307.html;EPSON T5570BH Набор PictureMate (100 листов бумаги 10х15 и  картридж);C13T557040BH;T5570
http://rashodnika.net/3_1_3_308.html;EPSON T5591 Картридж черный;C13T55914010;T5591
http://rashodnika.net/3_1_3_309.html;EPSON T5592 Картридж голубой;C13T55924010;T5592
http://rashodnika.net/3_1_3_310.html;EPSON T5593 Картридж пурпурный;C13T55934010;T5593
http://rashodnika.net/3_1_3_311.html;EPSON T5594 Картридж желтый;C13T55944010;T5594
http://rashodnika.net/3_1_3_312.html;EPSON T5595 Картридж светло-голубой;C13T55954010;T5595
http://rashodnika.net/3_1_3_313.html;EPSON T5596 Картридж светло-пурпурный;C13T55964010;T5596
http://rashodnika.net/3_1_3_314.html;EPSON T5597 Набор картриджей T5591-5596;C13T55974010;T5597
http://rashodnika.net/3_1_3_315.html;EPSON T5631 Картридж фото-черный 220 мл.;C13T563100;T5631
http://rashodnika.net/3_1_3_316.html;EPSON T5632 Картридж голубой 220 мл.;C13T563200;T5632
http://rashodnika.net/3_1_3_317.html;EPSON T5633 Картридж пурпурный 220 мл.;C13T563300;T5633
http://rashodnika.net/3_1_3_318.html;EPSON T5634 Картридж желтый 220 мл.;C13T563400;T5634
http://rashodnika.net/3_1_3_319.html;EPSON T5635 Картридж светло-голубой 220 мл.;C13T563500;T5635
http://rashodnika.net/3_1_3_320.html;EPSON T5636 Картридж светло-пурпурный 220 мл.;C13T563600;T5636
http://rashodnika.net/3_1_3_321.html;EPSON T5637 Картридж серый 220 мл.;C13T563700;T5637
http://rashodnika.net/3_1_3_322.html;EPSON T5639 Картридж светло-серый 220 мл.;C13T563900;T5639
http://rashodnika.net/3_1_3_323.html;EPSON T5641 Картридж фото-черный 110 мл.;C13T564100;T5641
http://rashodnika.net/3_1_3_324.html;EPSON T5642 Картридж голубой 110 мл. ;C13T564200;T5642
http://rashodnika.net/3_1_3_325.html;EPSON T5643 Картридж пурпурный 110 мл. ;C13T564300;T5643
http://rashodnika.net/3_1_3_326.html;EPSON T5644 Картридж желтый 110 мл.;C13T564400;T5644
http://rashodnika.net/3_1_3_327.html;EPSON T5645 Картридж светло-голубой 110 мл.;C13T564500;T5645
http://rashodnika.net/3_1_3_328.html;EPSON T5646 Картридж светло-пурпурный 110 мл.;C13T564600;T5646
http://rashodnika.net/3_1_3_329.html;EPSON T5647 Картридж серый 110 мл.;C13T564700;T5647
http://rashodnika.net/3_1_3_330.html;EPSON T5649 Картридж светло-серый 110 мл.;C13T564900;T5649
http://rashodnika.net/3_1_3_331.html;EPSON T5651 Картридж фото-черный 220 мл.;C13T565100;T5651
http://rashodnika.net/3_1_3_332.html;EPSON T5652 Картридж голубой 220 мл.;C13T565200;T5652
http://rashodnika.net/3_1_3_333.html;EPSON T5653 Картридж пурпурный 220 мл.;C13T565300;T5653
http://rashodnika.net/3_1_3_334.html;EPSON T5654 Картридж желтый 220 мл.;C13T565400;T5654
http://rashodnika.net/3_1_3_335.html;EPSON T5655 Картридж светло-голубой 220 мл.;C13T565500;T5655
http://rashodnika.net/3_1_3_336.html;EPSON T5656 Картридж светло-пурпурный 220 мл.;C13T565600;T5656
http://rashodnika.net/3_1_3_337.html;EPSON T5657 Картридж серый 220 мл.;C13T565700;T5657
http://rashodnika.net/3_1_3_338.html;EPSON T5659 Картридж светло-серый 220 мл.;C13T565900;T5659
http://rashodnika.net/3_1_3_339.html;EPSON T5672 Картридж голубой;C13T567200;T5672
http://rashodnika.net/3_1_3_340.html;EPSON T5673 Картридж пурпурный;C13T567300;T5673
http://rashodnika.net/3_1_3_341.html;EPSON T5674 Картридж желтый;C13T567400;T5674
http://rashodnika.net/3_1_3_342.html;EPSON T5678 Картридж матово-черный;C13T567800;T5678
http://rashodnika.net/3_1_3_343.html;EPSON T5730 Набор PictureMate (135 листов бумаги 10х15 и четырехцветный картридж);C13T57304010;T5730
http://rashodnika.net/3_1_3_344.html;EPSON T5801 Картридж фото-черный;C13T580100;T5801
http://rashodnika.net/3_1_3_345.html;EPSON T5802 Картридж голубой;C13T580200;T5802
http://rashodnika.net/3_1_3_346.html;EPSON T5803 Картридж пурпурный;C13T580300;T5803
http://rashodnika.net/3_1_3_347.html;EPSON T5804 Картридж желтый;C13T580400;T5804
http://rashodnika.net/3_1_3_348.html;EPSON T5805 Картридж светло-голубой;C13T580500;T5805
http://rashodnika.net/3_1_3_349.html;EPSON T5806 Картридж светло-пурпурный;C13T580600;T5806
http://rashodnika.net/3_1_3_350.html;EPSON T5807 Картридж серый;C13T580700;T5807
http://rashodnika.net/3_1_3_351.html;EPSON T5808 Картридж матово-черный;C13T580800;T5808
http://rashodnika.net/3_1_3_352.html;EPSON T5809 Картридж светло-серый;C13T580900;T5809
http://rashodnika.net/3_1_3_355.html;EPSON T5820 Емкость для сбора отработанных чернил;C13T582000;T5820
http://rashodnika.net/3_1_3_356.html;EPSON T5846 Набор PictureMate (150 листов бумаги 10х15 и четырехцветный картридж);C13T58464010;T5846
http://rashodnika.net/3_1_3_357.html;EPSON T5911 Картридж фото-черный;C13T591100;T5911
http://rashodnika.net/3_1_3_358.html;EPSON T5912 Картридж голубой /Cyan/;C13T591200;T5912
http://rashodnika.net/3_1_3_359.html;EPSON T5913 Картридж насыщенный пурпурный /Vivid Magenta/;C13T591300;T5913
http://rashodnika.net/3_1_3_360.html;EPSON T5914 Картридж желтый /Yellow/;C13T591400;T5914
http://rashodnika.net/3_1_3_361.html;EPSON T5915 Картридж светло-голубой;C13T591500;T5915
http://rashodnika.net/3_1_3_362.html;EPSON T5916 Картридж насыщенный светло-пурпурный;C13T591600;T5916
http://rashodnika.net/3_1_3_363.html;EPSON T5917 Картридж серый;C13T591700;T5917
http://rashodnika.net/3_1_3_364.html;EPSON T5918 Картридж матовый черный /Matte Black/;C13T591800;T5918
http://rashodnika.net/3_1_3_365.html;EPSON T5919 Картридж светло-серый;C13T591900;T5919
http://rashodnika.net/3_1_3_366.html;EPSON T5961 Картридж фото-черный 350мл.;C13T596100;T5961
http://rashodnika.net/3_1_3_367.html;EPSON T5962 Картридж голубой 350мл. /Cyan ink cartridge/;C13T596200;T5962
http://rashodnika.net/3_1_3_368.html;EPSON T5963 Картридж насыщеный пурпурный 350мл.  /Vivid Magenta ink cartridge/;C13T596300;T5963
http://rashodnika.net/3_1_3_369.html;EPSON T5964 Картридж желтый 350мл. /Yellow ink cartridge/;C13T596400;T5964
http://rashodnika.net/3_1_3_370.html;EPSON T5965 Картридж светло-голубой 350мл.;C13T596500;T5965
http://rashodnika.net/3_1_3_371.html;EPSON T5966 Картридж светло-пурпурный 350мл.;C13T596600;T5966
http://rashodnika.net/3_1_3_372.html;EPSON T5967 Картридж серый 350мл.;C13T596700;T5967
http://rashodnika.net/3_1_3_373.html;EPSON T5968 Картридж матово-черный 350мл.;C13T596800;T5968
http://rashodnika.net/3_1_3_374.html;EPSON T5969 Картридж светло-серый 350мл.;C13T596900;T5969
http://rashodnika.net/3_1_3_377.html;EPSON T6021 Картридж фото-черный 110мл.;C13T602100;T6021
http://rashodnika.net/3_1_3_378.html;EPSON T6022 Картридж голубой 110мл. /Cyan Ink/;C13T602200;T6022
http://rashodnika.net/3_1_3_379.html;EPSON T6023 Картридж насыщенный пурпурный 110мл. /Vivid Magenta Ink/;C13T602300;T6023
http://rashodnika.net/3_1_3_380.html;EPSON T6024 Картридж желтый 110мл. /Yellow Ink/;C13T602400;T6024
http://rashodnika.net/3_1_3_381.html;EPSON T6025 Картридж светло-голубой 110мл.;C13T602500;T6025
http://rashodnika.net/3_1_3_382.html;EPSON T6026 Картридж насыщенный светло-пурпурный 110мл.;C13T602600;T6026
http://rashodnika.net/3_1_3_383.html;EPSON T6027 Картридж светло-черный 110мл.;C13T602700;T6027
http://rashodnika.net/3_1_3_384.html;EPSON T6029 Картридж светло-серый 110мл.;C13T602900;T6029
http://rashodnika.net/3_1_3_387.html;EPSON T6031 Картридж фото черный  220 мл.;C13T603100;T6031
http://rashodnika.net/3_1_3_388.html;EPSON T6032 Картридж голубой 220 мл. /Cyan Ink/;C13T603200;T6032
http://rashodnika.net/3_1_3_389.html;EPSON T6033 Картридж насыщенный пурпурный 220 мл. /Vivid Magenta Ink/;C13T603300;T6033
http://rashodnika.net/3_1_3_390.html;EPSON T6034 Картридж желтый 220 мл. /Yellow Ink/;C13T603400;T6034
http://rashodnika.net/3_1_3_391.html;EPSON T6035 Картридж светло-голубой 220 мл.;C13T603500;T6035
http://rashodnika.net/3_1_3_392.html;EPSON T6036 Картридж насыщенный светло-пурпурный 220 мл.;C13T603600;T6036
http://rashodnika.net/3_1_3_393.html;EPSON T6037 Картридж серый 220 мл.;C13T603700;T6037
http://rashodnika.net/3_1_3_394.html;EPSON T6039 Картридж светло-серый 220 мл.;C13T603900;T6039
http://rashodnika.net/3_1_3_397.html;EPSON T6051 Картридж фото-черный 110 мл.;C13T605100;T6051
http://rashodnika.net/3_1_3_398.html;EPSON T6052 Картридж голубой 110 мл. /Cyan Ink Cartridge/;C13T605200;T6052
