http://rashodnika.net/3_1_2_39.html;EPSON ERC-27 Картридж матричный;C43S015366;ERC-27
http://rashodnika.net/3_1_2_40.html;EPSON ERC-31B Картридж матричный;C43S015369;ERC-31B
http://rashodnika.net/3_1_2_41.html;EPSON ERC-32B Картридж матричный;C43S015371;ERC-32B
http://rashodnika.net/3_1_2_42.html;EPSON ERC-38B Картридж матричный черный;C43S015374;ERC-38B
http://rashodnika.net/3_1_2_43.html;EPSON ERC-38BR Картридж матричный черный/красный;C43S015376;ERC-38BR
http://rashodnika.net/3_1_2_44.html;EPSON ERC-41B Картридж с черной красящей лентой;C43S015381;ERC-41B
http://rashodnika.net/3_1_2_38.html;EPSON Картридж матричный. Тройная упаковка.;C13S015339BA;5339
http://rashodnika.net/3_1_2_8.html;EPSON 7753 Картридж матричный;C13S015021;7753
http://rashodnika.net/3_1_2_9.html;EPSON 7754 Картридж матричный;C13S015022;7754
http://rashodnika.net/3_1_2_16.html;EPSON 7763 Картридж матричный цветной;C13S015131;7763
http://rashodnika.net/3_1_2_27.html;EPSON 7764 Картридж с черной красящей лентой на пластиковой основе;C13S015129;7764
http://rashodnika.net/3_1_2_31.html;EPSON 7768 Картридж с черной красящей лентой на пластиковой основе;C13S015255;7768
http://rashodnika.net/3_1_2_32.html;EPSON 7770 Картридж с черной красящей лентой на пластиковой основе;C13S015256;7770
http://rashodnika.net/3_1_2_6.html;EPSON 8750 Картридж матричный;C13S015019;8750
http://rashodnika.net/3_1_2_46.html;EPSON Комплект четырех матричных картриджей S015019 (8750);C13S015447BA;8750
http://rashodnika.net/EPS015614.html;EPSON Комплект двух матричных картриджей S015019 (8750);C13S015614BA;8750
http://rashodnika.net/3_1_2_12.html;EPSON 8753 Картридж матричный;C13S015052;8753
http://rashodnika.net/3_1_2_7.html;EPSON 8755 Картридж матричный;C13S015020;8755
http://rashodnika.net/3_1_2_28.html;EPSON 8759 Картридж матричный цветной;C13S015131;8759
http://rashodnika.net/3_1_2_29.html;EPSON 8760 Картридж матричный;C13S015136;8760
http://rashodnika.net/3_1_2_13.html;EPSON 8762L Картридж матричный;C13S015053;8762L
http://rashodnika.net/3_1_2_14.html;EPSON 8763 Картридж матричный;C13S015054;8763
http://rashodnika.net/3_1_2_26.html;EPSON 8764 Картридж матричный цветной;C13S015122;8764
http://rashodnika.net/3_1_2_15.html;EPSON 8766 Картридж матричный;C13S015055;8766
http://rashodnika.net/3_1_2_1.html;EPSON 8767 Краска для пропитки ленты;C13S010025;8767
http://rashodnika.net/3_1_2_2.html;EPSON Картридж матричный;C13S015001;S015001
http://rashodnika.net/3_1_2_3.html;EPSON Картридж с черной красящей лентой на пластиковой основе;C13S015011;S015011
http://rashodnika.net/3_1_2_4.html;EPSON Картридж матричный;C13S015013;S015013
http://rashodnika.net/3_1_2_5.html;EPSON Картридж матричный;C13S015016;S015016
http://rashodnika.net/3_1_2_10.html;EPSON Картридж матричный;C13S015032;S015032
http://rashodnika.net/3_1_2_11.html;EPSON Картридж матричный;C13S015047;S015047
http://rashodnika.net/3_1_2_17.html;EPSON Картридж матричный;C13S015060;S015060
http://rashodnika.net/3_1_2_18.html;EPSON Картридж матричный цветной;C13S015061;S015061
http://rashodnika.net/3_1_2_19.html;EPSON Картридж матричный;C13S015066;S015066
http://rashodnika.net/3_1_2_20.html;EPSON Картридж матричный цветной;C13S015067;S015067
http://rashodnika.net/3_1_2_21.html;EPSON Картридж с черной красящей лентой на пластиковой основе;C13S015068;S015068
http://rashodnika.net/3_1_2_22.html;EPSON Картридж матричный цветной;C13S015073;S015073
http://rashodnika.net/3_1_2_23.html;EPSON Картридж матричный цветной;C13S015077;S015077
http://rashodnika.net/3_1_2_24.html;EPSON Картридж матричный;C13S015086;S015086
http://rashodnika.net/3_1_2_25.html;EPSON Картридж матричный;C13S015091;S015091
http://rashodnika.net/3_1_2_30.html;EPSON Картридж матричный;C13S015139;S015139
http://rashodnika.net/3_1_2_33.html;EPSON Картридж матричный;C13S015262BA;S015262
http://rashodnika.net/3_1_2_35.html;EPSON (S015290) Картридж матричный;C13S015307BA;S015307
http://rashodnika.net/3_1_2_36.html;EPSON Картридж матричный;C13S015327BA;S015327
http://rashodnika.net/3_1_2_37.html;EPSON Картридж матричный;C13S015329BA;S0155329
http://rashodnika.net/3_1_2_45.html;EPSON Картридж матричный;C13S015384BA;S0155384
http://rashodnika.net/EPS015610.html;EPSON Матричный картридж;C13S015610;S0155610
http://rashodnika.net/EPS015624.html;EPSON Матричный картридж;C13S015624;S0155624
http://rashodnika.net/EPS015637.html;EPSON Матричный картридж;C13S015637;S0155637
http://rashodnika.net/EPS015642.html;EPSON Матричный картридж;C13S015642BA;S0155642
