http://rashodnika.net/HP-CP399A.html;HP E1 Блок печатающей головки;CP399A;E1 ph
http://rashodnika.net/4_1_2_36.html;HP 10 Печатающая головка черная;C4800A;10ph Bk
http://rashodnika.net/4_1_2_37.html;HP 10 Печатающая головка голубая;C4801A;10ph C
http://rashodnika.net/4_1_2_38.html;HP 10 Печатающая головка пурпурная;C4802A;10ph M
http://rashodnika.net/4_1_2_39.html;HP 10 Печатающая головка, желтая;C4803A;10ph Y
http://rashodnika.net/4_1_2_58.html;HP 10 Картридж голубой;C4841AE;10 C
http://rashodnika.net/4_1_2_59.html;HP 10 Картридж желтый;C4842AE;10 Y
http://rashodnika.net/4_1_2_60.html;HP 10 Картридж пурпурный;C4843AE;10 M
http://rashodnika.net/4_1_2_61.html;HP 10 Картридж черный;C4844AE;10 Bk
http://rashodnika.net/HP-CN750A.html;HP MF10 Scitex Cleaner 25-liter;CN750A;MF10
http://rashodnika.net/HP-CN751A.html;HP MF10 Scitex Cleaner 5-liter;CN751A;MF10
http://rashodnika.net/4_1_2_43.html;HP 11 Печатающая головка, черная;C4810A;11ph Bk
http://rashodnika.net/4_1_2_44.html;HP 11 Печатающая головка, голубая;C4811A;11ph Y
http://rashodnika.net/4_1_2_45.html;HP 11 Печатающая головка, пурпурная;C4812A;11ph M
http://rashodnika.net/4_1_2_46.html;HP 11 Печатающая головка, желтая;C4813A;11ph Y
http://rashodnika.net/4_1_2_55.html;HP 11 Картридж голубой;C4836AE;11C
http://rashodnika.net/4_1_2_56.html;HP 11 Картридж пурпурный;C4837AE;11M
http://rashodnika.net/4_1_2_57.html;HP 11 Картридж желтый;C4838AE;11Y
http://rashodnika.net/4_1_2_40.html;HP 12 Голубой картридж;C4804A;12 C
http://rashodnika.net/4_1_2_41.html;HP 12 Пурпурный картридж;C4805A;12 M
http://rashodnika.net/4_1_2_42.html;HP 12  Желтый картридж;C4806A;12 Y
http://rashodnika.net/HP-C5023A.html;HP 12 Черная печатающая головка;C5023A;12ph Bk
http://rashodnika.net/HP-C5024A.html;HP 12 Голубая печатающая головка;C5024A;12ph C
http://rashodnika.net/HP-C5025A.html;HP 12 Пурпурная печатающая головка;C5025A;12ph M
http://rashodnika.net/HP-C5026A.html;HP 12 Желтая печатающая головка;C5026A;12ph Y
http://rashodnika.net/4_1_2_47.html;HP 13 Струйный картридж черный;C4814AE;13 Bk
http://rashodnika.net/4_1_2_48.html;HP 13 Картридж голубой;C4815AE;13 C
http://rashodnika.net/4_1_2_49.html;HP 13 Картридж пурпурный;C4816AE;13 M
http://rashodnika.net/4_1_2_50.html;HP 13 Картридж желтый;C4817AE;13 Y
http://rashodnika.net/4_1_2_86.html;HP 14 Черная печатающая голова.;C4920AE;14ph Bk
http://rashodnika.net/4_1_2_87.html;HP 14 Голубая печатающая голова.;C4921AE;14ph C
http://rashodnika.net/4_1_2_88.html;HP 14 Пурпурная печатающая голова.;C4922AE;14ph M
http://rashodnika.net/4_1_2_89.html;HP 14 Желтая печатающая голова.;C4923AE;14ph Y
http://rashodnika.net/4_1_2_119.html;HP 14 Цветной картридж;C5010DE;14 Col
http://rashodnika.net/4_1_2_120.html;HP 14 Черный картридж;C5011DE;14 Bk
http://rashodnika.net/4_1_2_167.html;HP 15 Картридж черный;C6615DE;15
http://rashodnika.net/4_1_2_168.html;HP 15 Картридж черный малый;C6615NE;15
http://rashodnika.net/4_1_2_27.html;HP 16 Фотокартридж струйный трехцветный;C1816AE;16
http://rashodnika.net/4_1_2_169.html;HP 17 Картридж трехцветный;C6625AE;17
http://rashodnika.net/4_1_2_170.html;HP 19 Картридж черный;C6628AE;19
http://rashodnika.net/4_1_2_165.html;НР 20 Картридж черный;C6614DE;20
http://rashodnika.net/4_1_2_166.html;НР 20 Картридж черный малый;C6614NE;20
http://rashodnika.net/4_1_2_195.html;HP 21 Картридж черный;C9351AE;21
http://rashodnika.net/4_1_2_196.html;HP 21b Картридж черный простой;C9351BE;21b
http://rashodnika.net/4_1_2_197.html;HP 21XL Картридж черный большой емкости;C9351CE;21XL
http://rashodnika.net/4_1_2_198.html;HP 22 Картридж цветной;C9352AE;22
http://rashodnika.net/4_1_2_199.html;HP 22XL Картридж цветной большой емкости;C9352CE;22XL
http://rashodnika.net/4_1_2_28.html;НР 23 Картридж цветной (30 мл.);C1823DE;23
http://rashodnika.net/4_1_2_29.html;НР 23G Картридж цветной (15 мл.);C1823GE;23
http://rashodnika.net/HP-CD544A.html;HP MF25 Жидкость для ухода Scitex 5 л;CD544A;MF25
http://rashodnika.net/4_1_2_2.html;НР 25 Картридж цветной;51625AE;25
http://rashodnika.net/HP-CP527A.html;HP MF26 Очиститель HP Scitex, Упаковка 4шт.;CP527A;MF26
http://rashodnika.net/4_1_2_3.html;НР 26A Картридж черный (40 мл.);51626AE;26
http://rashodnika.net/4_1_2_4.html;НР 26G Картридж черный (20 мл.);51626GE;26
http://rashodnika.net/4_1_2_179.html;HP 27 Картридж черный;C8727AE;27
http://rashodnika.net/4_1_2_180.html;HP 27b Картридж черный простой;C8727BE;27b
http://rashodnika.net/4_1_2_181.html;HP 28 Трехцветный картридж;C8728AE;28
http://rashodnika.net/4_1_2_5.html;НР №29A Картридж черный (40 мл.);51629AE;29
http://rashodnika.net/4_1_2_6.html;НР №29G Картридж черный (20 мл.);51629GE;29
http://rashodnika.net/4_1_2_7.html;НР №33 Картридж черный;51633ME;33
http://rashodnika.net/HP-C6634A.html;HP 34 Картридж черный;C6634A;34
http://rashodnika.net/HP-C6635A.html;HP 35 Картридж цветной;C6635A;35
http://rashodnika.net/4_1_2_241.html;HP 38 Картридж матовый черный;C9412A;38 MBk
http://rashodnika.net/4_1_2_242.html;HP 38 Картридж фото черный;C9413A;38 PhBk
http://rashodnika.net/4_1_2_243.html;HP 38 Картридж светло-серый;C9414A;38 LGy
http://rashodnika.net/4_1_2_244.html;HP 38 Картридж голубой;C9415A;38 C
http://rashodnika.net/4_1_2_245.html;HP 38 Картридж пурпурный;C9416A;38 M
http://rashodnika.net/4_1_2_246.html;HP 38 Картридж желтый;C9417A;38 Y
http://rashodnika.net/4_1_2_247.html;HP 38 Картридж светло-голубой;C9418A;38 LC
http://rashodnika.net/4_1_2_248.html;HP 38 Картридж светло-пурпурный;C9419A;38 LM
http://rashodnika.net/4_1_2_8.html;НР 40A Картридж черный;51640AE;40 Bk
http://rashodnika.net/4_1_2_9.html;НР 40C Картридж голубой;51640CE;40 C
http://rashodnika.net/4_1_2_10.html;НР 40M Картридж пурпурный;51640ME;40 M
http://rashodnika.net/4_1_2_11.html;НР 40Y Картридж желтый;51640YE;40 Y
http://rashodnika.net/4_1_2_12.html;НР 41 Картридж цветной;51641AE;41
http://rashodnika.net/4_1_2_13.html;НР 44C Картридж голубой;51644CE;44 C
http://rashodnika.net/4_1_2_14.html;НР 44M Картридж пурпурный;51644ME;44 M
http://rashodnika.net/4_1_2_15.html;НР 44Y Картридж желтый;51644YE;44 Y
http://rashodnika.net/4_1_2_16.html;НР 45 Картридж черный (42 мл.);51645AE;45
http://rashodnika.net/4_1_2_17.html;НР 45G Картридж черный (21 мл.);51645GE;45
http://rashodnika.net/HP-CZ637AE.html;HP 46 Картридж черный;CZ637AE;46 Bk
http://rashodnika.net/HP-CZ638AE.html;HP 46 Картридж трехцветный;CZ638AE;46 Col
http://rashodnika.net/HP-F6T40AE.html;HP 46 BkCol Два черных и цветной картриджи в наборе.;F6T40AE;46 Bk+Col
http://rashodnika.net/4_1_2_18.html;НР 49 Картридж цветной (22 мл.);51649AE;49
http://rashodnika.net/4_1_2_19.html;НР 49N Картридж цветной (11 мл.);51649NE;49
http://rashodnika.net/4_1_2_20.html;НР 50C Картридж чернильный голубой;51650C;50 C
http://rashodnika.net/4_1_2_21.html;НР 50M Картридж чернильный пурпурный;51650M;50 M
http://rashodnika.net/4_1_2_22.html;НР 50Y Картридж чернильный желтый;51650Y;50 Y
http://rashodnika.net/hp-m0h51a.html;HP Печатающая головка черная;M0H51A;GT51 Ph
http://rashodnika.net/HP-M0H57AE-ink.html;HP GT51 Емкость с черными чернилами (70 мл.);M0H57AE;GT51
http://rashodnika.net/HP-X4E40AE.html;НР GT51XL Емкость с черными чернилами (135 мл.);X4E40AE;GT51XL
http://rashodnika.net/hp-m0h50a.html;HP Печатающая головка трехцветная ;M0H50A;GT52 Ph
http://rashodnika.net/HP-M0H54AE-ink.html;HP GT52 Емкость с голубыми чернилами;M0H54AE;GT52
http://rashodnika.net/HP-M0H55AE-ink.html;HP GT52  Емкость с пурпурными чернилами;M0H55AE;GT52
http://rashodnika.net/HP-M0H56AE-ink.html;HP GT52 Емкость с желтыми чернилами;M0H56AE;GT52
http://rashodnika.net/4_1_2_326.html;HP 54 Картридж черный;CB334AE;54
http://rashodnika.net/4_1_2_171.html;HP 56 Картридж черный;C6656AE;56
http://rashodnika.net/4_1_2_172.html;HP 56b Картридж черный простой /Simple Black/;C6656BE;56b
http://rashodnika.net/4_1_2_173.html;HP 56 small Картридж черный малый;C6656GE;56
http://rashodnika.net/4_1_2_296.html;HP 56 2-Pack Двойная упаковка черных картриджей;C9502AE;56 Twin
http://rashodnika.net/4_1_2_174.html;HP 57 Трехцветный картридж;C6657AE;57
http://rashodnika.net/4_1_2_175.html;HP 57 small Трехцветный картридж малый;C6657GE;57small
http://rashodnika.net/4_1_2_297.html;HP 57 2-Pack Двойная упаковка цветных картриджей;C9503AE;57 Twin
http://rashodnika.net/4_1_2_454.html;HP 57 Картридж цветной + 60 листов фотобумаги 10*15 с ярлыком;Q7942AE;57 +
http://rashodnika.net/4_1_2_176.html;HP 58 Фото картридж;C6658AE;58
http://rashodnika.net/4_1_2_200.html;HP 59 Фотокартридж серый;C9359AE;59
http://rashodnika.net/HP-C2P04AE.html;HP 62 Струйный картридж черный;C2P04AE;62 Bk
http://rashodnika.net/HP-C2P05AE.html;HP 62XL Струйный картридж черный;C2P05AE;62XL Bk
http://rashodnika.net/HP-C2P06AE.html;HP 62 Струйный картридж трехцветный;C2P06AE;62 Col
http://rashodnika.net/HP-C2P07AE.html;HP 62XL Струйный картридж трехцветный;C2P07AE;62XL Col
http://rashodnika.net/HP-C9389A.html;HP 70 Картридж светло-голубой (69 мл.);C9389A;70 LC
http://rashodnika.net/4_1_2_223.html;HP 70 Картридж светло-голубой (130 мл.);C9390A;70 LC
http://rashodnika.net/4_1_2_234.html;HP 70  Матовая черная и голубая печатающая головка;C9404A;70ph MBkC
http://rashodnika.net/4_1_2_235.html;HP 70 Светло-голубая и светло-пурпурная печатающая головка;C9405A;70ph LCLM
http://rashodnika.net/4_1_2_236.html;HP 70 Пурпурная и желтая печатающая головка;C9406A;70ph MY
http://rashodnika.net/4_1_2_237.html;HP 70 Фото-черная и светло-серая печатающая головка;C9407A;70ph PBkLGy
http://rashodnika.net/4_1_2_238.html;HP 70 Синяя и зеленая печатающая головка;C9408A;70ph BG
http://rashodnika.net/4_1_2_239.html;HP 70 Черная матовая и красная печатающая головка;C9409A;70ph MBkR
http://rashodnika.net/4_1_2_240.html;HP 70 Серая и глянцевая печатающая головка;C9410A;70ph GyGl
http://rashodnika.net/4_1_2_265.html;HP 70 Картридж матово-черный;C9448A;70 MBk
http://rashodnika.net/4_1_2_266.html;HP 70 Картридж фото-черный;C9449A;70 PhBk
http://rashodnika.net/4_1_2_267.html;HP 70 Картридж серый;C9450A;70 Gy
http://rashodnika.net/4_1_2_268.html;HP 70 Картридж светло-серый;C9451A;70 LGy
http://rashodnika.net/4_1_2_269.html;HP 70 Картридж голубой;C9452A;70 C
http://rashodnika.net/4_1_2_270.html;HP 70 Картридж пурпурный;C9453A;70 M
http://rashodnika.net/4_1_2_271.html;HP 70 Картридж желтый;C9454A;70 Y
http://rashodnika.net/4_1_2_272.html;HP 70 Картридж светло-пурпурный;C9455A;70 LM
http://rashodnika.net/4_1_2_273.html;HP 70 Картридж красный;C9456A;70 R
http://rashodnika.net/4_1_2_274.html;HP 70 Картридж зеленый;C9457A;70 G
http://rashodnika.net/HP-C9458A.html;HP 70 Картридж синий;C9458A;70 B
http://rashodnika.net/4_1_2_275.html;HP 70 Картридж глянцевый;C9459A;70 Gl
http://rashodnika.net/4_1_2_331.html;HP 70 Twin-pack Двойная упаковка черных матовых картриджей C9448A;CB339A;70 MBk Twin
http://rashodnika.net/4_1_2_332.html;HP 70 Twin-pack Двойная упаковка фото-черных картриджей C9449A;CB340A;70 PhBk Twin
http://rashodnika.net/4_1_2_333.html;HP 70 Twin-pack Двойная упаковка серых картриджей C9450A;CB341A;70 Gy Twin
http://rashodnika.net/4_1_2_334.html;HP 70 Twin-pack Двойная упаковка светло-серых картриджей C9451A;CB342A;70 LGy Twin
http://rashodnika.net/4_1_2_335.html;HP 70 Twin-pack Двойная упаковка голубых картриджей C9452A;CB343A;70 C Twin
http://rashodnika.net/4_1_2_336.html;HP 70 Twin-pack Двойная упаковка пурпурных картриджей C9453A;CB344A;70 M Twin
http://rashodnika.net/4_1_2_337.html;HP 70 Twin-pack Двойная упаковка желтых картриджей C9454A;CB345A;70 Y Twin
http://rashodnika.net/4_1_2_338.html;HP 70 Twin-pack Двойная упаковка светло-пурпурных картриджей C9455A;CB346A;70 LM Twin
http://rashodnika.net/4_1_2_339.html;HP 70 Twin-pack Двойная упаковка красных картриджей C9456A;CB347A;70 R Twin
http://rashodnika.net/4_1_2_340.html;HP 70 Twin-pack Двойная упаковка зеленых картриджей C9457A;CB348A;70 G Twin
http://rashodnika.net/4_1_2_341.html;HP 70 Twin-pack Двойная упаковка синих картриджей C9458A;CB349A;70 B Twin
http://rashodnika.net/4_1_2_342.html;HP 70 Twin-pack Двойная упаковка глянцевых картриджей C9459A;CB350A;70 Gl Twin
http://rashodnika.net/4_1_2_343.html;HP 70 Twin-pack Двойная упаковка светло-голубых картриджей C9390A;CB351A;70 LC Twin
http://rashodnika.net/4_1_2_209.html;HP 72 Картридж фото-черный (130ml);C9370A;72 PBk
http://rashodnika.net/4_1_2_210.html;HP 72 Картридж голубой (130ml);C9371A;72 C
http://rashodnika.net/4_1_2_211.html;HP 72 Картридж пурпурный (130ml);C9372A;72 M
http://rashodnika.net/4_1_2_212.html;HP 72 Картридж желтый (130ml);C9373A;72 Y
http://rashodnika.net/4_1_2_213.html;HP 72 Картридж серый (130ml);C9374A;72 Gy
http://rashodnika.net/4_1_2_214.html;HP 72 Серая и фото-черная печатающая головка;C9380A;72ph GyPBk
http://rashodnika.net/4_1_2_217.html;HP 72 Пурпурная и голубая печатающая головка;C9383A;72ph MC
http://rashodnika.net/4_1_2_218.html;HP 72 Матово-черная и желтая печатающая головка;C9384A;72ph MBkY
http://rashodnika.net/4_1_2_228.html;HP 72 Картридж фото-черный (69ml);C9397A;72 pbk
http://rashodnika.net/4_1_2_229.html;HP 72 Картридж голубой (69ml);C9398A;72 c
http://rashodnika.net/4_1_2_230.html;HP 72 Картридж пурпурный (69ml);C9399A;72 m
http://rashodnika.net/4_1_2_231.html;HP 72 Картридж желтый (69ml);C9400A;72 y
http://rashodnika.net/4_1_2_232.html;HP 72 Картридж серый (69ml);C9401A;72 gy
http://rashodnika.net/4_1_2_233.html;HP 72 Картридж матово-черный (130ml);C9403A;72 MBk
http://rashodnika.net/4_1_2_363.html;HP 73 Черная матовая и хроматическая красная печатающая головка;CD949A;73ph MBkR
http://rashodnika.net/4_1_2_364.html;HP 73 Хроматический красный картридж;CD951A;73 R
http://rashodnika.net/4_1_2_365.html;HP 73 TwinPack Хроматический красный картридж. Двойная упаковка.;CD952A;73R Twin
http://rashodnika.net/4_1_2_163.html;HP 78XL Картридж трехцветный;C6578AE;78XL
http://rashodnika.net/4_1_2_164.html;HP 78 Картридж трехцветный;C6578DE;78
http://rashodnika.net/4_1_2_51.html;HP 80 Печатающая головка черная с очистителем;C4820A;80
http://rashodnika.net/4_1_2_52.html;HP 80 Печатающая головка голубая с очистителем;C4821A;80
http://rashodnika.net/4_1_2_53.html;HP 80 Печатающая головка пурпурная с очистителем;C4822A;80
http://rashodnika.net/4_1_2_54.html;HP 80 Печатающая головка желтая с очистителем;C4823A;80
http://rashodnika.net/4_1_2_62.html;HP 80 Картридж голубой;C4846A;80
http://rashodnika.net/4_1_2_63.html;HP 80 Картридж пурпурный;C4847A;80
http://rashodnika.net/4_1_2_64.html;HP 80 Картридж желтый;C4848A;80
http://rashodnika.net/4_1_2_65.html;HP 80 Картридж черный;C4871A;80
http://rashodnika.net/4_1_2_66.html;HP 80 Картридж голубой;C4872A;80
http://rashodnika.net/4_1_2_67.html;HP 80 Картридж желтый;C4873A;80
http://rashodnika.net/4_1_2_68.html;HP 80 Картридж пурпурный;C4874A;80
http://rashodnika.net/4_1_2_69.html;HP 80 Value Pack Черная печатающая головка и картридж;C4890A;80Bk VP
http://rashodnika.net/4_1_2_70.html;HP 80 Value Pack Голубая печатающая головка и картридж;C4891A;80C VP
http://rashodnika.net/4_1_2_71.html;HP 80 Value Pack Пурпурная печатающая головка и картридж;C4892A;80M VP
http://rashodnika.net/4_1_2_72.html;HP 80 Value Pack Желтая печатающая головка и картридж;C4893A;80Y VP
http://rashodnika.net/HP-C4930A.html;HP 81 Картридж черный;C4930A;81
http://rashodnika.net/4_1_2_90.html;HP 81 Картридж голубой;C4931A;81
http://rashodnika.net/4_1_2_91.html;HP 81 Картридж пурпурный;C4932A;81
http://rashodnika.net/4_1_2_92.html;HP 81 Картридж желтый;C4933A;81
http://rashodnika.net/4_1_2_93.html;HP 81 Картридж светло-голубой;C4934A;81
http://rashodnika.net/4_1_2_94.html;HP 81 Картридж светло-пурпурный;C4935A;81
http://rashodnika.net/4_1_2_95.html;HP 81 Печатающая головка черная;C4950A;81
http://rashodnika.net/4_1_2_96.html;HP 81 Печатающая головка голубая;C4951A;81
http://rashodnika.net/4_1_2_97.html;HP 81 Печатающая головка пурпурная;C4952A;81
http://rashodnika.net/4_1_2_98.html;HP 81 Печатающая головка желтая;C4953A;81
http://rashodnika.net/4_1_2_99.html;HP 81 Печатающая головка светло-голубая;C4954A;81
http://rashodnika.net/4_1_2_100.html;HP 81 Печатающая головка светло-пурпурная;C4955A;81
http://rashodnika.net/4_1_2_107.html;HP 81 Черный картридж + печатающая головка;C4990A;81
http://rashodnika.net/4_1_2_108.html;HP 81 Голубой картридж +печатающая головка;C4991A;81
http://rashodnika.net/4_1_2_109.html;HP 81 Пурпурный картридж +печатающая головка;C4992A;81
http://rashodnika.net/4_1_2_110.html;HP 81 Желтый картридж +печатающая головка;C4993A;81
http://rashodnika.net/4_1_2_111.html;HP 81 Светло-голубой картридж +печатающая головка;C4994A;81
http://rashodnika.net/4_1_2_112.html;HP 81 Светло-пурпурный картридж +печатающая головка;C4995A;81
http://rashodnika.net/4_1_2_142.html;HP 81 MultiPack Комплект черных картриджей 3 шт.;C5066A;81Bk MP
http://rashodnika.net/4_1_2_143.html;HP 81 MultiPack Комплект голубых картриджей 3 шт.;C5067A;81C MP
http://rashodnika.net/4_1_2_144.html;HP 81 MultiPack Комплект пурпурных картриджей 3 шт.;C5068A;81M MP
http://rashodnika.net/4_1_2_145.html;HP 81 MultiPack Комплект желтых картриджей 3 шт.;C5069A;81Y MP
http://rashodnika.net/4_1_2_146.html;HP 81 MultiPack Комплект светло-голубых картриджей 3 шт.;C5070A;81LC MP
http://rashodnika.net/4_1_2_147.html;HP 81 MultiPack Комплект светло-пурпурных картриджей 3 шт.;C5071A;81LM MP
http://rashodnika.net/4_1_2_83.html;HP 82 Картридж голубой;C4911A;82 C
http://rashodnika.net/4_1_2_84.html;HP 82 Картридж пурпурный;C4912A;82 M
http://rashodnika.net/4_1_2_85.html;HP 82 Картридж желтый;C4913A;82 Y
http://rashodnika.net/4_1_2_400.html;HP 82 Картридж черный;CH565A;82 Bk
http://rashodnika.net/HP-CH566A.html;HP 82 Картридж голубой;CH566A;82 c
http://rashodnika.net/HP-CH567A.html;HP 82 Картридж пурпурный;CH567A;82 m
http://rashodnika.net/HP-CH568A.html;HP 82 Картридж желтый;CH568A;82 y
http://rashodnika.net/HP-C4940A.html;HP 83 Картридж черный (UV);C4940A;83 Bk
http://rashodnika.net/HP-C4941A.html;HP 83 Картридж голубой (UV);C4941A;83 C
http://rashodnika.net/HP-C4942A.html;HP 83 Картридж пурпурный (UV);C4942A;83 M
http://rashodnika.net/HP-C4943A.html;HP 83 Картридж желтый (UV);C4943A;83 Y
http://rashodnika.net/HP-C4944A.html;HP 83 Картридж светло-голубой (UV);C4944A;83 LC
http://rashodnika.net/HP-C4945A.html;HP 83 Картридж светло-пурпурный (UV);C4945A;83 LM
http://rashodnika.net/4_1_2_101.html;HP 83 Черная печатающая головка (UV-ink);C4960A;83
http://rashodnika.net/4_1_2_102.html;HP 83 Голубая печатающая головка (UV-ink);C4961A;83
http://rashodnika.net/4_1_2_103.html;HP 83 Пурпурная печатающая головка (UV-ink);C4962A;83
http://rashodnika.net/4_1_2_104.html;HP 83 Желтая печатающая головка (UV-ink);C4963A;83
http://rashodnika.net/4_1_2_105.html;HP 83 Светло-голубая печатающая головка (UV-ink);C4964A;83
http://rashodnika.net/4_1_2_106.html;HP 83 Светло-пурпурная печатающая головка (UV-ink);C4965A;83
http://rashodnika.net/4_1_2_113.html;HP 83 Черный картридж +печатающая головка;C5000A;83
http://rashodnika.net/4_1_2_114.html;HP 83 Голубой картридж +печатающая головка;C5001A;83
http://rashodnika.net/4_1_2_115.html;HP 83 Пурпурный картридж +печатающая головка;C5002A;83
http://rashodnika.net/4_1_2_116.html;HP 83 Желтый картридж +печатающая головка;C5003A;83
http://rashodnika.net/4_1_2_117.html;HP 83 Светло-голубой картридж +печатающая головка;C5004A;83
http://rashodnika.net/4_1_2_118.html;HP 83 Светло-пурпурный картридж +печатающая головка;C5005A;83
http://rashodnika.net/4_1_2_148.html;HP 83 MultiPack Комплект черных картриджей 3 шт (UV ink);C5072A;83Bk MP
http://rashodnika.net/4_1_2_149.html;HP 83 MultiPack Комплект голубых картриджей 3 шт (UV ink);C5073A;83C MP
http://rashodnika.net/4_1_2_150.html;HP 83 MultiPack Комплект пурпурных картриджей 3 шт (UV ink);C5074A;83M MP
http://rashodnika.net/4_1_2_151.html;HP 83 MultiPack Комплект желтых картриджей 3 шт (UV ink);C5075A;83Y MP
http://rashodnika.net/4_1_2_152.html;HP 81 MultiPack Комплект светло-голубых картриджей 3 шт (UV ink);C5076A;83LC MP
http://rashodnika.net/4_1_2_153.html;HP 83 MultiPack Комплект светло-пурпурных картриджей 3 шт (UV ink);C5077A;83LM MP
http://rashodnika.net/4_1_2_121.html;HP 84 Черный струйный картридж;C5016A;84 Bk
http://rashodnika.net/HP-C5017A.html;HP 84 Светло-голубой струйный картридж;C5017A;84 LC
http://rashodnika.net/HP-C5018A.html;HP 84 Светло-пурпурный струйный картридж;C5018A;84 LM
http://rashodnika.net/HP-C5019A.html;HP 84 Черная печатающая головка;C5019A;84ph Bk
http://rashodnika.net/HP-C5020A.html;HP 84 Светло-голубая печатающая головка;C5020A;84ph LC
http://rashodnika.net/HP-C5021A.html;HP 84 Светло-пурпурная печатающая головка;C5021A;84ph LM
http://rashodnika.net/4_1_2_259.html;HP 84 Тройная упаковка черного картриджа;C9430A;84Bk MP
http://rashodnika.net/4_1_2_249.html;HP 85 Голубая печатающая головка;C9420A;85ph C
http://rashodnika.net/4_1_2_250.html;HP 85 Пурпурная печатающая головка;C9421A;85ph M
http://rashodnika.net/4_1_2_251.html;HP 85 Желтая печатающая головка;C9422A;85ph Y
http://rashodnika.net/4_1_2_252.html;HP 85 Светло-голубая печатающая головка;C9423A;85ph LC
http://rashodnika.net/4_1_2_253.html;HP 85 Светло-пурпурная печатающая головка;C9424A;85ph LM
http://rashodnika.net/4_1_2_254.html;HP 85 Голубой картридж;C9425A;85 C
http://rashodnika.net/4_1_2_255.html;HP 85 Пурпурный картридж;C9426A;85 M
http://rashodnika.net/4_1_2_256.html;HP 85 Желтый картридж;C9427A;85 Y
http://rashodnika.net/4_1_2_257.html;HP 85 Светло-голубой картридж;C9428A;85 LC
http://rashodnika.net/4_1_2_258.html;HP 85 Светло-пурпурный картридж;C9429A;85 LM
http://rashodnika.net/4_1_2_260.html;HP 85 Тройная упаковка голубых картриджей;C9431A;85C MP
http://rashodnika.net/4_1_2_261.html;HP 85 Тройная упаковка пурпурных картриджей;C9432A;85M MP
http://rashodnika.net/4_1_2_262.html;HP 85 Тройная упаковка желтых картриджей;C9433A;85Y MP
http://rashodnika.net/4_1_2_263.html;HP 85 Тройная упаковка светло-голубых картриджей;C9434A;85LC MP
http://rashodnika.net/4_1_2_264.html;HP 85 Тройная упаковка светло-пурпурных картриджей;C9435A;85LM MP
http://rashodnika.net/4_1_2_215.html;HP 88 Черная и желтая печатающая головка;C9381A;88Ph BkY
http://rashodnika.net/4_1_2_216.html;HP 88 Пурпурная и голубая печатающая головка;C9382A;88Ph MC
http://rashodnika.net/4_1_2_219.html;HP 88 Картридж черный, 22.8 ml;C9385AE;88 Bk
http://rashodnika.net/4_1_2_220.html;HP 88 Картридж голубой, 10 ml;C9386AE;88 C
http://rashodnika.net/4_1_2_221.html;HP 88 Картридж пурпурный, 10 ml;C9387AE;88 M
http://rashodnika.net/4_1_2_222.html;HP 88 Картридж желтый, 10 ml;C9388AE;88 Y
http://rashodnika.net/4_1_2_224.html;HP 88XL Картридж голубой большой, 19 ml;C9391AE;88XL C
http://rashodnika.net/4_1_2_225.html;HP 88XL Картридж пурпурный большой, 19 ml;C9392AE;88XL M
http://rashodnika.net/4_1_2_226.html;HP 88XL Картридж желтый большой, 19 ml;C9393AE;88XL Y
http://rashodnika.net/4_1_2_227.html;HP 88XL Картридж черный большой, 58.5 ml.;C9396AE;88XL Bk
http://rashodnika.net/4_1_2_130.html;HP 90 Черная печатающая головка с устройством очистки;C5054A;90ph Bk
http://rashodnika.net/HP-C5055A.html;HP 90 Голубая печатающая головка с устройством очистки;C5055A;90ph C
http://rashodnika.net/HP-C5056A.html;HP 90 Пурпурная печатающая головка с устройством очистки;C5056A;90ph M
http://rashodnika.net/HP-C5057A.html;HP 90 Желтая печатающая головка с устройством очистки;C5057A;90ph Y
http://rashodnika.net/4_1_2_134.html;HP 90 Картридж черный 400 мл.;C5058A;90 bk
http://rashodnika.net/4_1_2_135.html;HP 90 Картридж черный 775 мл.;C5059A;90 BK
http://rashodnika.net/4_1_2_136.html;HP 90 Картридж голубой 225 мл.;C5060A;90 c
http://rashodnika.net/4_1_2_137.html;HP 90 Картридж голубой 400 мл.;C5061A;90 C
http://rashodnika.net/4_1_2_138.html;HP 90 Картридж пурпургный 225 мл.;C5062A;90 m
http://rashodnika.net/4_1_2_139.html;HP 90 Картридж пурпурный 400 мл.;C5063A;90 M
http://rashodnika.net/4_1_2_140.html;HP 90 Картридж желтый 225 мл.;C5064A;90 y
http://rashodnika.net/4_1_2_141.html;HP 90 Картридж желтый 400 мл.;C5065A;90 Y
http://rashodnika.net/4_1_2_154.html;НР 90 Черный картридж и печатающая головка;C5078A;90Bk VP
http://rashodnika.net/4_1_2_155.html;НР 90 Голубой картридж и печатающая головка;C5079A;90C VP
http://rashodnika.net/4_1_2_156.html;НР 90 Пурпурный картридж и печатающая головка;C5080A;90M VP
http://rashodnika.net/4_1_2_157.html;НР 90 Желтый картридж и печатающая головка;C5081A;90Y VP
http://rashodnika.net/4_1_2_158.html;HP 90 Комплект черных картриджей 3 шт;C5082A;90bk MP
http://rashodnika.net/4_1_2_159.html;HP 90 Комплект голубых картриджей 3 шт;C5083A;90C MP
http://rashodnika.net/4_1_2_160.html;HP 90 Комплект пурпурных картриджей 3 шт;C5084A;90M MP
http://rashodnika.net/4_1_2_161.html;HP 90 Комплект желтых картриджей 3 шт;C5085A;90Y MP
http://rashodnika.net/4_1_2_162.html;HP 90 Комплект черных картриджей 3 шт;C5095A;90BK MP
http://rashodnika.net/HP-C5096A.html;HP 90 Устройство очистки чёрной печатающей головки;C5096A;90 Cleaner
http://rashodnika.net/4_1_2_276.html;HP 91 Матово-черная и голубая печатающая головка;C9460A;91ph MBkC
http://rashodnika.net/4_1_2_277.html;HP 91 Пурпурная и желтая печатающая головка;C9461A;91ph MY
http://rashodnika.net/4_1_2_278.html;HP 91 Светло-пурпурная и светло-голубая печатающая головка;C9462A;91ph LMLC
http://rashodnika.net/4_1_2_279.html;HP 91 Фото-черная и светло-серая печатающая головка;C9463A;91ph PBkLGy
http://rashodnika.net/4_1_2_280.html;HP 91 Картридж матово-черный;C9464A;91 MBk
http://rashodnika.net/4_1_2_281.html;HP 91 Картридж фото-черный;C9465A;91 PBk
http://rashodnika.net/4_1_2_282.html;HP 91 Картридж светло-серый;C9466A;91 LGy
http://rashodnika.net/4_1_2_283.html;HP 91 Картридж голубой;C9467A;91 C
http://rashodnika.net/4_1_2_284.html;HP 91 Картридж пурпурный;C9468A;91 M
http://rashodnika.net/4_1_2_285.html;HP 91 Картридж желтый;C9469A;91 Y
http://rashodnika.net/4_1_2_286.html;HP 91 Картридж светло-голубой;C9470A;91 LC
http://rashodnika.net/4_1_2_287.html;HP 91 Картридж светло-пурпурный;C9471A;91 LM
http://rashodnika.net/4_1_2_288.html;HP 91 Тройная упаковка матово-черных картриджей;C9480A;91 MBk MP
http://rashodnika.net/4_1_2_289.html;HP 91 Тройная упаковка фото-черных картриджей;C9481A;91 PBk MP
http://rashodnika.net/4_1_2_290.html;HP 91 Тройная упаковка светло-серых картриджей;C9482A;91 LGy MP
http://rashodnika.net/4_1_2_291.html;HP 91 Тройная упаковка голубых картриджей;C9483A;91 C MP
http://rashodnika.net/4_1_2_292.html;HP 91 Тройная упаковка пурпурных картриджей;C9484A;91 M MP
http://rashodnika.net/4_1_2_293.html;HP 91 Тройная упаковка желтых картриджей;C9485A;91 Y MP
http://rashodnika.net/4_1_2_294.html;HP 91 Тройная упаковка светло-голубых картриджей;C9486A;91 LC MP
http://rashodnika.net/4_1_2_295.html;HP 91 Тройная упаковка светло-пурпурных картриджей;C9487A;91 LM MP
http://rashodnika.net/4_1_2_300.html;HP 91 Картридж для техобслуживания;C9518A;91 MK
http://rashodnika.net/4_1_2_207.html;HP 100 Фотокартридж серый для ч/б фото;C9368AE;100
http://rashodnika.net/HP-CN980A.html;HP TJ100 Supreme Scitex Чернила голубые;CN980A;TJ100 Cs
http://rashodnika.net/HP-CN981A.html;HP TJ100 Supreme Scitex Чернила пурпурные;CN981A;TJ100 Ms
http://rashodnika.net/HP-CN982A.html;HP TJ100 Supreme Scitex Чернила желтые;CN982A;TJ100 Ys
http://rashodnika.net/HP-CN983A.html;HP TJ100 Supreme Scitex Чернила черные;CN983A;TJ100 BKs
http://rashodnika.net/HP-CN984A.html;HP TJ100 Supreme Scitex Чернила светло-голубые;CN984A;TJ100 LCs
http://rashodnika.net/HP-CN985A.html;HP TJ100 Supreme Scitex Чернила светло-пурпурные;CN985A;TJ100 LMs
http://rashodnika.net/HP-CN986A.html;HP TJ100 Flash Scitex Чернила голубые;CN986A;TJ100 C
http://rashodnika.net/HP-CN987A.html;HP TJ100 Flash Scitex Чернила пурпурные;CN987A;TJ100 M
http://rashodnika.net/HP-CN988A.html;HP TJ100 Flash Scitex Чернила желтые;CN988A;TJ100 Y
http://rashodnika.net/HP-CN989A.html;HP TJ100 Flash Scitex Чернила черные;CN989A;TJ100 Bk
http://rashodnika.net/HP-CN990A.html;HP TJ100 Flash Scitex Чернила светло-голубые;CN990A;TJ100 LC
http://rashodnika.net/HP-CN991A.html;HP TJ100 Flash Scitex Чернила светло-пурпурные;CN991A;TJ100 LM
http://rashodnika.net/4_1_2_206.html;HP 101 Фотокартридж синий;C9365AE;101
http://rashodnika.net/4_1_2_201.html;HP 102 Фотокартридж серый;C9360AE;102
http://rashodnika.net/4_1_2_310.html;HP 110 Картридж цветной;CB304AE;110
http://rashodnika.net/4_1_2_459.html;HP 110 Photo Value Pack Цветной картридж  +120 листов фотобумаги;Q8700AE;110+
http://rashodnika.net/4_1_2_461.html;HP 110 Photo Value Pack  Цветной картридж +140 листов фотобумаги;Q8898AE;110+
http://rashodnika.net/4_1_2_354.html;HP 121b Картридж черный простой;CC636HE;121b
http://rashodnika.net/4_1_2_355.html;HP 121 Картридж черный;CC640HE;121 bk
http://rashodnika.net/4_1_2_356.html;HP 121XL Картридж черный большой емкости;CC641HE;121XL bk
http://rashodnika.net/4_1_2_357.html;HP 121 Картридж цветной;CC643HE;121 col
http://rashodnika.net/4_1_2_358.html;HP 121XL Картридж цветной большой емкости;CC644HE;121XL col
http://rashodnika.net/HP-CN637HE.html;HP 121 Комплект черного и цветного картриджей;CN637HE;121 bk+col
http://rashodnika.net/4_1_2_437.html;HP Комплект для очистки принтера;CQ121A;
http://rashodnika.net/4_1_2_389.html;HP Жидкость для очистки УФ-головки HP, 1 литр;CH122A;
http://rashodnika.net/4_1_2_396.html;HP 122 Картридж черный;CH561HE;122 Bk
http://rashodnika.net/4_1_2_397.html;HP 122 Картридж трехцветный;CH562HE;122 Col
http://rashodnika.net/4_1_2_398.html;HP 122XL Картридж черный;CH563HE;122XL Bk
http://rashodnika.net/4_1_2_399.html;HP 122XL Картридж трехцветный;CH564HE;122XL Col
http://rashodnika.net/HP-CR340HE.html;HP 122 Bk+Col Черный и цветной картридж в наборе.;CR340HE;122 Bk+Col
http://rashodnika.net/HP-F6V16AE.html;HP 123-Color Струйный картридж цветной;F6V16AE;123 Col
http://rashodnika.net/HP-F6V17AE.html;HP 123-Bk Струйный картридж черный;F6V17AE;123 Bk
http://rashodnika.net/HP-F6V18AE.html;HP 123XL-Color Струйный картридж цветной;F6V18AE;123XL Col
http://rashodnika.net/HP-F6V19AE.html;HP 123XL-Bk Струйный картридж черный;F6V19AE;123XL Bk
http://rashodnika.net/4_1_2_205.html;HP 129 Картридж черный;C9364HE;129
http://rashodnika.net/4_1_2_189.html;HP 130 Картридж черный (21мл);C8767HE;130
http://rashodnika.net/4_1_2_298.html;HP 130 2-Pack Двойная упаковка черных картриджей;C9504HE;130 Twin
http://rashodnika.net/4_1_2_187.html;HP 131 Черный картридж (11мл);C8765HE;131
http://rashodnika.net/4_1_2_324.html;HP 131 2-pack Двойная упаковка черных картриджей C8765H;CB331HE;131 Twin
http://rashodnika.net/4_1_2_203.html;HP 132 Картридж черный;C9362HE;132
http://rashodnika.net/4_1_2_204.html;HP 134 Картридж трехцветный;C9363HE;134
http://rashodnika.net/4_1_2_299.html;HP 134 2-Pack Двойная упаковка картриджей;C9505HE;134 Twin
http://rashodnika.net/4_1_2_188.html;HP 135 Трехцветный картридж (7мл);C8766HE;135
http://rashodnika.net/4_1_2_325.html;HP 135 2-pack Двойная упаковка картриджей C8766H;CB332HE;135 Twin
http://rashodnika.net/4_1_2_453.html;HP 135 Набор для фотопечати. Картридж и 100 листов фотобумаги;Q7935HE;135+
http://rashodnika.net/4_1_2_455.html;HP 135 Картридж цветной и 60 листов фотобумаги;Q7949HE;135+
http://rashodnika.net/4_1_2_202.html;HP 136 Трехцветный картридж;C9361HE;136
http://rashodnika.net/4_1_2_208.html;HP 138 Фотокартридж;C9369HE;138
http://rashodnika.net/4_1_2_327.html;HP 140 Картридж черный;CB335HE;140
http://rashodnika.net/4_1_2_328.html;HP 140XL Картридж черный большой емкости;CB336HE;140XL
http://rashodnika.net/4_1_2_329.html;HP 141 Картридж цветной;CB337HE;141
http://rashodnika.net/4_1_2_330.html;HP 141XL Картридж цветной большой емкости;CB338HE;141XL
http://rashodnika.net/4_1_2_460.html;HP 141XL Картридж цветной + 140 листов фотобумаги;Q8849HE;141XL+
http://rashodnika.net/HP-W1B43A.html;HP Комплект для очистки печатающей головки;W1B43A;
http://rashodnika.net/HP-W1B44A.html;HP Контейнер для утилизации сервисной жидкости;W1B44A;
http://rashodnika.net/HP-W1B45A.html;HP Комплект роликов;W1B45A;
http://rashodnika.net/HP-CH151A.html;HP Воздушные фильтры лампы УФ-отверждения.;CH151A;
http://rashodnika.net/4_1_2_177.html;HP 177XL Картридж черный (17 мл.);C8719HE;177XL Bk
http://rashodnika.net/4_1_2_178.html;HP 177 Картридж черный  (6 мл.);C8721HE;177 Bk
http://rashodnika.net/4_1_2_190.html;HP 177 Картридж голубой;C8771HE;177 C
http://rashodnika.net/4_1_2_191.html;HP 177 Картридж пурпурный;C8772HE;177 M
http://rashodnika.net/4_1_2_192.html;HP 177 Картридж желтый;C8773HE;177 Y
http://rashodnika.net/4_1_2_193.html;HP 177 Картридж светло-голубой;C8774HE;177 LC
http://rashodnika.net/4_1_2_194.html;HP 177 Картридж светло-пурпурный;C8775HE;177 LM
http://rashodnika.net/HP-SD411HE.html;(Q7967H) HP 177 PhotoValuePack Набор шести картриджей с фотобумагой;SD411HE;177 Multi
http://rashodnika.net/4_1_2_314.html;HP 178Bk Картридж черный;CB316HE;178 Bk
http://rashodnika.net/4_1_2_315.html;HP 178PBk Картридж фото-черный;CB317HE;178 PBk
http://rashodnika.net/4_1_2_316.html;HP 178C Картридж голубой;CB318HE;178 C
http://rashodnika.net/4_1_2_317.html;HP 178M Картридж пурпурный;CB319HE;178 M
http://rashodnika.net/4_1_2_318.html;HP 178Y Картридж желтый;CB320HE;178 Y
http://rashodnika.net/4_1_2_319.html;(old) HP 178Bk XL Картридж черный;CB321HE;178XL Bk
http://rashodnika.net/4_1_2_320.html;HP 178PBk XL Картридж фото-черный;CB322HE;178XL PBk
http://rashodnika.net/4_1_2_321.html;HP 178C XL Картридж голубой;CB323HE;178XL C
http://rashodnika.net/4_1_2_322.html;HP 178M XL Картридж пурпурный;CB324HE;178XL M
http://rashodnika.net/4_1_2_323.html;HP 178Y XL Картридж желтый;CB325HE;178XL Y
http://rashodnika.net/HP-CH083HE.html;(SD754HE) HP 178CMY+PP Набор цветных картриджей + фотобумага;CH083HE;178MP+PP
http://rashodnika.net/HP-CN642A.html;HP Печатающая головка пятицветная (178);CN642A;178 PrintHead
http://rashodnika.net/4_1_2_436.html;HP 178XL Bk (new) Картридж черный большой емкости;CN684HE;178XL
http://rashodnika.net/HP-CD591A.html;HP FB200 Specialty Flexible Yellow Scitex Ink;CD591A;FB200 Y
http://rashodnika.net/HP-CD592A.html;HP FB200 Specialty Flexible Light Yellow Scitex Ink;CD592A;FB200 LY
http://rashodnika.net/HP-CD593A.html;HP FB200 Specialty Flexible Magenta Scitex Ink;CD593A;FB200 M
http://rashodnika.net/HP-CD594A.html;HP FB200 Specialty Flexible Light Magenta Scitex Ink;CD594A;FB200 LM
http://rashodnika.net/HP-CD595A.html;HP FB200 Specialty Flexible Cyan Scitex Ink;CD595A;FB200 C
http://rashodnika.net/HP-CD596A.html;HP FB200 Specialty Flexible Light Cyan Scitex Ink;CD596A;FB200 LC
http://rashodnika.net/HP-CD597A.html;HP FB200 Specialty Flexible Black Scitex Ink;CD597A;FB200 Bk
http://rashodnika.net/HP-CD598A.html;HP FB200 Specialty Flexible Light Black Scitex Ink;CD598A;FB200 LBk
http://rashodnika.net/HP-CD535A.html;HP FB210 Yellow Scitex Ink;CD535A;FB210 Y
http://rashodnika.net/HP-CD536A.html;HP FB210 Light Yellow Scitex Ink;CD536A;FB210 LY
http://rashodnika.net/HP-CD537A.html;HP FB210 Magenta Scitex Ink;CD537A;FB210 M
http://rashodnika.net/HP-CD538A.html;HP FB210 Light Magenta Scitex Ink;CD538A;FB210 LM
http://rashodnika.net/HP-CD539A.html;HP FB210 Cyan Scitex Ink;CD539A;FB210 C
http://rashodnika.net/HP-CD540A.html;HP FB210 Light Cyan Scitex Ink;CD540A;FB210 LC
http://rashodnika.net/HP-CD541A.html;HP FB210 Black Scitex Ink;CD541A;FB210 Bk
http://rashodnika.net/HP-CD542A.html;HP FB210 Light Black Scitex Ink;CD542A;FB210 LBk
http://rashodnika.net/HP-CH830A.html;HP TJ210 Scitex Чернила голубые;CH830A;TJ210 C
http://rashodnika.net/HP-CH831A.html;HP TJ210 Scitex Чернила пурпурные;CH831A;TJ210 M
http://rashodnika.net/HP-CH832A.html;HP TJ210 Scitex Чернила желтые;CH832A;TJ210 Y
http://rashodnika.net/HP-CH833A.html;HP TJ210 Scitex Чернила черные;CH833A;TJ210 Bk
http://rashodnika.net/HP-CH834A.html;HP TJ210 Scitex Чернила светло-голубые;CH834A;TJ210 LC
http://rashodnika.net/HP-CH835A.html;HP TJ210 Scitex Чернила светло-пурпурные;CH835A;TJ210 LM
http://rashodnika.net/HP-CD495A.html;HP XP220 Scitex Чернила желтые;CD495A;XP220 Y
http://rashodnika.net/HP-CD496A.html;HP XP220 Scitex Чернила светло-желтые;CD496A;XP220 LY
http://rashodnika.net/HP-CD497A.html;HP XP220 Scitex Чернила пурпурные;CD497A;XP220 M
http://rashodnika.net/HP-CD498A.html;HP XP220 Scitex Чернила светло-пурпурные;CD498A;XP220 LM
http://rashodnika.net/HP-CD499A.html;HP XP220 Scitex Чернила голубые;CD499A;XP220 C
http://rashodnika.net/HP-CD500A.html;HP XP220 Scitex Чернила светло-голубые;CD500A;XP220 LC
http://rashodnika.net/HP-CD501A.html;HP XP220 Scitex Чернила черные;CD501A;XP220 Bk
http://rashodnika.net/HP-CD502A.html;HP XP220 Scitex Чернила светло-черные;CD502A;XP220 LBk
http://rashodnika.net/HP-CP511A.html;HP FB221 Голубые чернила HP Scitex;CP511A;FB221 C
http://rashodnika.net/HP-CP512A.html;HP FB221 Пурпурные чернила HP Scitex;CP512A;FB221 M
http://rashodnika.net/HP-CP513A.html;HP FB221 Желтые чернила HP Scitex;CP513A;FB221 Y
http://rashodnika.net/HP-CP514A.html;HP FB221 Черные чернила HP Scitex;CP514A;FB221 Bk
http://rashodnika.net/HP-CP515A.html;HP FB221 Светло-голубые чернила HP Scitex;CP515A;FB221 LC
http://rashodnika.net/HP-CP516A.html;HP FB221 Светло-пурпурные чернила HP Scitex;CP516A;FB221 LM
http://rashodnika.net/HP-CH655A.html;HP XP222 Scitex Чернила голубые;CH655A;XP222 C
http://rashodnika.net/HP-CH662A.html;HP XP222 Scitex Чернила светло-черные;CH662A;XP222 LBk
http://rashodnika.net/HP-CH663A.html;HP XP222 Scitex Чернила пурпурные;CH663A;XP222 M
http://rashodnika.net/HP-CH664A.html;HP XP222 Scitex Чернила желтые;CH664A;XP222 Y
http://rashodnika.net/HP-CH665A.html;HP XP222 Scitex Чернила черные;CH665A;XP222 Bk
http://rashodnika.net/HP-CH666A.html;HP XP222 Scitex Чернила светло-голубые;CH666A;XP222 LC
http://rashodnika.net/HP-CH667A.html;HP XP222 Scitex Чернила светло-пурпурные;CH667A;XP222 LM
http://rashodnika.net/HP-CH668A.html;HP XP222 Scitex Чернила светло-желтые;CH668A;XP222 LY
http://rashodnika.net/HP-CP530A.html;HP FB225 Чернила HP Scitex белые;CP530A;FB225 W
http://rashodnika.net/HP-CP756A.html;HP FB225 Чернила HP Scitex голубые;CP756A;FB225 C
http://rashodnika.net/HP-CP757A.html;HP FB225 Чернила HP Scitex пурпурные;CP757A;FB225 M
http://rashodnika.net/HP-CP758A.html;HP FB225 Чернила HP Scitex желтые;CP758A;FB225 Y
http://rashodnika.net/HP-CP759A.html;HP FB225 Чернила HP Scitex черные;CP759A;FB225 Bk
http://rashodnika.net/HP-CP760A.html;HP FB225 Чернила HP Scitex светло-голубые;CP760A;FB225 LC
http://rashodnika.net/HP-CP761A.html;HP FB225 Чернила HP Scitex светло-пурпурные;CP761A;FB225 LM
http://rashodnika.net/HP-CP794A.html;HP FB225 Чернила HP Scitex оранжевые;CP794A;FB225 Or
http://rashodnika.net/HP-CP798A.html;HP FB225 Чернила HP Scitex светло-черные;CP798A;FB225 LBk
http://rashodnika.net/HP-CP801A.html;HP FB225 Чернила HP Scitex лаковые;CP801A;FB225 V
http://rashodnika.net/HP-CD579A.html;HP XP230 Scitex Специальные желтые чернила для печати афиш;CD579A;XP230 Y
http://rashodnika.net/HP-CD580A.html;HP XP230 Scitex Специальные пурпурные чернила для печати афиш;CD580A;XP230 M
http://rashodnika.net/HP-CD581A.html;HP XP230 Scitex Специальные голубые чернила для печати афиш;CD581A;XP230 C
http://rashodnika.net/HP-CD582A.html;HP XP230 Scitex Специальные черные чернила для печати афиш;CD582A;XP230 Bk
http://rashodnika.net/HP-CD575A.html;HP XP231 Scitex Специальные желтые чернила для печати афиш;CD575A;XP231 Y
http://rashodnika.net/HP-CD576A.html;HP XP231 Scitex Специальные пурпурные чернила для печати афиш;CD576A;XP231 M
http://rashodnika.net/HP-CD577A.html;HP XP231 Scitex Специальные голубые чернила для печати афиш;CD577A;XP231 C
http://rashodnika.net/HP-CD578A.html;HP XP231 Scitex Специальные черные чернила для печати афиш;CD578A;XP231 Bk
http://rashodnika.net/HP-CN869A.html;HP XP231 Specialty Billboard Scitex Чернила желтые;CN869A;XP231 Y
http://rashodnika.net/HP-CN870A.html;HP XP231 Specialty Billboard Scitex Чернила пурпурные;CN870A;XP231 M
http://rashodnika.net/HP-CN871A.html;HP XP231 Specialty Billboard Scitex Чернила голубые;CN871A;XP231 C
http://rashodnika.net/HP-CN872A.html;HP XP231 Specialty Billboard Scitex Чернила черные;CN872A;XP231 Bk
http://rashodnika.net/4_1_2_390.html;HP FB250 Чернила голубые;CH216A;FB250
http://rashodnika.net/4_1_2_391.html;HP FB250 Чернила пурпурные;CH217A;FB250
http://rashodnika.net/4_1_2_392.html;HP FB250 Чернила желтые;CH218A;FB250
http://rashodnika.net/4_1_2_393.html;HP FB250 Чернила черные;CH219A;FB250
http://rashodnika.net/4_1_2_394.html;HP FB250 Чернила светло-голубые;CH220A;FB250
http://rashodnika.net/4_1_2_395.html;HP FB250 Чернила светло-пурпурные;CH221A;FB250
http://rashodnika.net/HP-CP829A.html;HP HDR250 Чернила пурпурные;CP829A;HDR250 M
http://rashodnika.net/HP-CP830A.html;HP HDR250 Чернила желтый;CP830A;HDR250 Y
http://rashodnika.net/HP-CP831A.html;HP HDR250 Чернила черные;CP831A;HDR250 K
http://rashodnika.net/HP-CP832A.html;HP HDR250 Чернила светло-голубые;CP832A;HDR250 LC
http://rashodnika.net/HP-CP833A.html;HP HDR250 Чернила светло-пурпурные;CP833A;HDR250 LM
http://rashodnika.net/HP-CP834A.html;HP HDR250 Чернила голубые;CP834A;HDR250 C
http://rashodnika.net/4_1_2_438.html;HP Чернила белые;CQ123A;FB251
http://rashodnika.net/HP-CR324A.html;HP Блок печатающих головок;CR324A;
http://rashodnika.net/HP-B5L09A.html;HP Емкость для отработанных чернил;B5L09A;
http://rashodnika.net/4_1_2_344.html;HP LX600 (786) Желтая и пурпурная печатающая головка;CC582A;LX600ph YM
http://rashodnika.net/4_1_2_345.html;HP LX600 (786) Черная и голубая  печатающая головка;CC583A;LX600ph BkC
http://rashodnika.net/4_1_2_346.html;HP LX600 (786) Светло-голубая и светло-пурпурная печатающая головка;CC584A;LX600ph LCLM
http://rashodnika.net/4_1_2_347.html;HP LX600 (786) Струйный картридж черный;CC585A;LX600 Bk
http://rashodnika.net/4_1_2_348.html;HP LX600 (786) Струйный картридж голубой;CC586A;LX600 C
http://rashodnika.net/4_1_2_349.html;HP LX600 (786) Струйный картридж пурпурный;CC587A;LX600 M
http://rashodnika.net/4_1_2_350.html;HP LX600 (786) Струйный картридж желтый;CC588A;LX600 Y
http://rashodnika.net/4_1_2_351.html;HP LX600 (786) Струйный картридж светло-голубой;CC589A;LX600 LC
http://rashodnika.net/4_1_2_352.html;HP LX600 (786) Струйный картридж светло-пурпурный;CC590A;LX600 LM
http://rashodnika.net/4_1_2_353.html;HP LX600 (786) Комплект по обслуживанию;CC591A;LX600 MK
http://rashodnika.net/HP-CN667A.html;HP LX610 Желтая и пурпурная печатающая головка;CN667A;LX610ph YM
http://rashodnika.net/HP-CN668A.html;HP LX610 Черная и голубая  печатающая головка;CN668A;LX610ph BkC
http://rashodnika.net/HP-CN669A.html;HP LX610 Светло-голубая и светло-пурпурная печатающая головка;CN669A;LX610ph LCLM
http://rashodnika.net/HP-CN670A.html;HP LX610 Струйный картридж голубой;CN670A;LX610 C
http://rashodnika.net/HP-CN671A.html;HP LX610 Струйный картридж пурпурный;CN671A;LX610 M
http://rashodnika.net/HP-CN672A.html;HP LX610 Струйный картридж желтый;CN672A;LX610 Y
http://rashodnika.net/HP-CN673A.html;HP LX610 Струйный картридж черный;CN673A;LX610 Bk
http://rashodnika.net/HP-CN674A.html;HP LX610 Струйный картридж светло-голубой;CN674A;LX610 LC
http://rashodnika.net/HP-CN675A.html;HP LX610 Струйный картридж светло-пурпурный;CN675A;LX610 LM
http://rashodnika.net/hp-6za18ae.html;HP Печатающая головка, трехцветная;6ZA18AE;
http://rashodnika.net/HP-CZ101AE.html;HP 650 Картридж черный;CZ101AE;650 Bk
http://rashodnika.net/HP-CZ102AE.html;HP 650 Картридж трехцветный;CZ102AE;650 Col
http://rashodnika.net/HP-C2P10AE.html;HP 651 Струйный картридж черный;C2P10AE;651 Bk
http://rashodnika.net/HP-C2P11AE.html;HP 651 Струйный картридж трехцветный;C2P11AE;651 Col
http://rashodnika.net/HP-F6V24AE.html;HP 652 Струйный картридж трехцветный;F6V24AE;652 Col
http://rashodnika.net/HP-F6V25AE.html;HP 652 Струйный картридж черный;F6V25AE;652 Bk
http://rashodnika.net/HP-CZ109AE.html;HP 655 Картридж черный;CZ109AE;655 Bk
http://rashodnika.net/HP-CZ110AE.html;HP 655 Картридж голубой;CZ110AE;655 C
http://rashodnika.net/HP-CZ111AE.html;HP 655 Картридж пурпурный;CZ111AE;655 M
http://rashodnika.net/HP-CZ112AE.html;HP 655 Картридж желтый;CZ112AE;655 Y
http://rashodnika.net/HP-C1Q10A.html;HP 711 Печатающая головка CMYK;C1Q10A;711ph
http://rashodnika.net/HP-CZ129A.html;HP 711 Картридж черный 38 мл.;CZ129A;711 Bk
http://rashodnika.net/HP-CZ130A.html;HP 711 Картридж голубой;CZ130A;711 C
http://rashodnika.net/HP-CZ131A.html;HP 711 Картридж пурпурный;CZ131A;711 M
http://rashodnika.net/HP-CZ132A.html;HP 711 Картридж желтый;CZ132A;711 Y
http://rashodnika.net/HP-CZ133A.html;HP 711XL Картридж черный 80мл.;CZ133A;711XL Bk
http://rashodnika.net/HP-P2V31A.html;HP 711XL Картридж черный 80мл. Двойная упаковка;P2V31A;711XLBk Twin
http://rashodnika.net/HP-P2V32A.html;HP 711CMY Набор цветных картриджей;P2V32A;711CMY
http://rashodnika.net/HP-CH575A.html;HP 726 Картридж черный матовый (300ml);CH575A;726 Bk
http://rashodnika.net/HP-B3P06A.html;HP 727 Печатающая головка;B3P06A;727ph
http://rashodnika.net/HP-B3P13A.html;HP 727 Струйный картридж голубой (40 ml);B3P13A;727 c
http://rashodnika.net/HP-B3P14A.html;HP 727 Струйный картридж пурпурный (40 ml);B3P14A;727 m
http://rashodnika.net/HP-B3P15A.html;HP 727 Струйный картридж желтый (40 ml);B3P15A;727 y
http://rashodnika.net/HP-B3P17A.html;HP 727 Струйный картридж фото-черный (40 ml);B3P17A;727 pbk
http://rashodnika.net/HP-B3P18A.html;HP 727 Струйный картридж серый (40 ml);B3P18A;727 gy
http://rashodnika.net/HP-B3P19A.html;HP 727 Струйный картридж голубой (130 ml);B3P19A;727 C
http://rashodnika.net/HP-B3P20A.html;HP 727 Струйный картридж пурпурный (130 ml);B3P20A;727 M
http://rashodnika.net/HP-B3P21A.html;HP 727 Струйный картридж желтый (130 ml);B3P21A;727 Y
http://rashodnika.net/HP-B3P22A.html;HP 727 Струйный картридж черный матовый (130 ml);B3P22A;727 MBk
http://rashodnika.net/HP-B3P23A.html;HP 727 Струйный картридж фото-черный (130 ml);B3P23A;727 PBk
http://rashodnika.net/HP-B3P24A.html;HP 727 Струйный картридж серый (130 ml);B3P24A;727 Gy
http://rashodnika.net/HP-C1Q11A.html;HP 727 Струйный картридж черный матовый (69 ml);C1Q11A;727mbk
http://rashodnika.net/HP-C1Q12A.html;HP 727MBK Струйный картридж черный матовый (300 ml);C1Q12A;727MBK
http://rashodnika.net/HP-F9J76A-727C-Cartridge.html;HP 727 Струйный картридж голубой (300 мл.);F9J76A;727C
http://rashodnika.net/HP-F9J77A-727M-Cartridge.html;HP 727 Струйный картридж пурпурный (300 мл.);F9J77A;727M
http://rashodnika.net/HP-F9J78A-727Y-Cartridge.html;HP 727 Струйный картридж желтый (300 мл.);F9J78A;727Y
http://rashodnika.net/HP-F9J79A-727PBk-Cartridge.html;HP 727 Струйный картридж фото-черный (300 мл.);F9J79A;727PBk
http://rashodnika.net/HP-F9J80A-727Gy-Cartridge.html;HP 727 Струйный картридж серый (300 мл.);F9J80A;727Gy
http://rashodnika.net/HP-F9J61A-728Y-Cartridge.html;HP 728 Струйный картридж желтый (40 мл.);F9J61A;728 y
http://rashodnika.net/HP-F9J62A-728M-Cartridge.html;HP 728 Струйный картридж пурпурный (40 мл.);F9J62A;728 m
http://rashodnika.net/HP-F9J63A-728C-Cartridge.html;HP 728 Струйный картридж голубой (40 мл.);F9J63A;728 c
http://rashodnika.net/HP-F9J64A-728MBk-Cartridge.html;HP 728 Струйный картридж матово-черный (69 мл.);F9J64A;728 mBk
http://rashodnika.net/HP-F9J65A-728Y-Cartridge.html;HP 728 Струйный картридж желтый (130 мл.);F9J65A;728 Y
http://rashodnika.net/HP-F9J66A-728M-Cartridge.html;HP 728 Струйный картридж пурпурный (130 мл.);F9J66A;728 M
http://rashodnika.net/HP-F9J67A-728C-Cartridge.html;HP 728 Струйный картридж голубой (130 мл.);F9J67A;728 C
http://rashodnika.net/HP-F9J68A-728MBk-Cartridge.html;HP 728 Струйный картридж матово-черный (300 мл.);F9J68A;728 MBk
http://rashodnika.net/HP-F9K15A-728Y-Cartridge.html;HP 728 Струйный картридж желтый (300 мл.);F9K15A;728 Y
http://rashodnika.net/HP-F9K16A-728M-Cartridge.html;HP 728 Струйный картридж пурпурный (300 мл.);F9K16A;728 M
http://rashodnika.net/HP-F9K17A-728C-Cartridge.html;HP 728 Струйный картридж голубой (300 мл.);F9K17A;728 C
http://rashodnika.net/HP-F9J81A-729-Printhead.html;HP 729 Набор с печатающей головкой;F9J81A;729 Ph
http://rashodnika.net/hp-p2v62a.html;HP 730 Картридж струйный голубой (130 мл.);P2V62A;730 c
http://rashodnika.net/hp-p2v63a.html;HP 730 Картридж струйный пурпуреый (130 мл.);P2V63A;730 m
http://rashodnika.net/hp-p2v64a.html;HP 730 Картридж струйный желтый (130 мл.);P2V64A;730 y
http://rashodnika.net/hp-p2v65a.html;HP 730 Картридж струйный черный матовый (130 мл.);P2V65A;730 mbk
