http://rashodnika.net/4_1_1_13.html;HP 00A Тонер-картридж черный;C3900A;00A
http://rashodnika.net/4_1_1_14.html;HP 03A Тонер-картридж черный;C3903A;03A
http://rashodnika.net/4_1_1_145.html;HP 05A Тонер-картридж черный (2300 стр.);CE505A;05A
http://rashodnika.net/HP-CE505D-Toner.html;HP Двойная упаковка тонер-картриджа HP-05A (4600 стр.);CE505D;05D
http://rashodnika.net/HP-CE505L-Toner-Cartridge.html;HP 05L Тонер-картридж черный (1000 стр.);CE505L;05L
http://rashodnika.net/4_1_1_147.html;HP 05X Тонер-картридж черный (6500 стр.);CE505X;05X
http://rashodnika.net/4_1_1_146.html;HP Двойная упаковка тонер-картриджа HP-05X (13000 стр.);CE505XD;05XD
http://rashodnika.net/4_1_1_15.html;HP 06A Тонер-картридж черный;C3906A;06A
http://rashodnika.net/4_1_1_16.html;HP 09A Тонер-картридж черный;C3909A;09A
http://rashodnika.net/4_1_1_17.html;HP 09X Тонер-картридж черный;C3909X;09X
http://rashodnika.net/4_1_1_162.html;HP 10A Тонер-картридж черный;Q2610A;10A
http://rashodnika.net/4_1_1_163.html;Двойная упаковка картриджа HP-10A;Q2610D;10AD
http://rashodnika.net/4_1_1_213.html;HP 11A Тонер-картридж черный (6000 стр.);Q6511A;11A
http://rashodnika.net/4_1_1_214.html;HP 11X Тонер-картридж черный (12000 стр.);Q6511X;11X
http://rashodnika.net/4_1_1_215.html;HP Двойная упаковка тонер-картриджа 11X;Q6511XD;11XD
http://rashodnika.net/4_1_1_164.html;HP 12A Тонер-картридж черный;Q2612A;12A
http://rashodnika.net/4_1_1_165.html;(Q2612AD) Двойная упаковка тонер-картриджа HP-12A;Q2612AF;12AF
http://rashodnika.net/4_1_1_166.html;HP 13A Тонер-картридж черный  (2500 стр.);Q2613A;13A
http://rashodnika.net/4_1_1_167.html;HP 13X Тонер-картридж черный (4000 стр.);Q2613X;13X
http://rashodnika.net/HP-CF214A.html;HP 14A Тонер-картридж черный (10000 стр.);CF214A;14A
http://rashodnika.net/HP-CF214X.html;HP 14X Тонер-картридж черный (17500 стр.);CF214X;14X
http://rashodnika.net/4_1_1_42.html;HP 15A Тонер-картридж черный;C7115A;15A
http://rashodnika.net/4_1_1_43.html;HP 15X Тонер-картридж повышенной емкости;C7115X;15X
http://rashodnika.net/4_1_1_218.html;HP 16a Тонер-картридж черный;Q7516A;16A
http://rashodnika.net/HP-CF217A-Toner-Cartridge.html;HP 17A Тонер-картридж черный;CF217A;17A
http://rashodnika.net/HP-CF218A-Toner-Cartridge.html;HP 18A Тонер-картридж черный;CF218A;18A
http://rashodnika.net/HP-CF219A-Drum.html;HP 19A Фотобарабан картридж;CF219A;19A
http://rashodnika.net/4_1_1_168.html;HP 24A Тонер-картридж черный;Q2624A;24A
http://rashodnika.net/HP-CF325X.html;HP 25X Тонер-картридж черный;CF325X;25X
http://rashodnika.net/HP-L0H25A-Maintenance%20Kit.html;HP Комплект обслуживания 220V;L0H25A;
http://rashodnika.net/HP-CF226A.html;HP 26A Тонер-картридж черный;CF226A;26A
http://rashodnika.net/HP-CF226X.html;HP 26X Тонер-картридж черный;CF226X;26X
http://rashodnika.net/HP-CF226XF.html;HP Двойная упаковка тонер-картриджей HP 26X;CF226XF;26XF
http://rashodnika.net/4_1_1_24.html;HP 27A Тонер-картридж черный (6000 копий);C4127A;27A
http://rashodnika.net/HP-C4127D.html;HP Двойная упаковка тонер-картриджа №27X (20000 стр.);C4127D;27D
http://rashodnika.net/4_1_1_25.html;HP 27X Тонер-картридж черный (10000 копий);C4127X;27X
http://rashodnika.net/HP-CF228A.html;HP 28A Тонер-картридж черный (3K);CF228A;28A
http://rashodnika.net/HP-CF228X.html;HP 28X Тонер-картридж черный (9.2K);CF228X;28X
http://rashodnika.net/4_1_1_26.html;HP 29X Тонер-картридж черный (6000 копий);C4129X;29X
http://rashodnika.net/HP-CF230A-Toner-Cartridge.html;HP 30A Тонер-картридж черный;CF230A;30A
http://rashodnika.net/HP-CF230X-Toner-Cartridge.html;HP 30X Тонер-картридж черный увеличенной емкости;CF230X;30X
http://rashodnika.net/HP-CF231A-Toner-Cartridge.html;HP 31A Тонер-картридж черный;CF231A;31A
http://rashodnika.net/HP-CF232A-Drum.html;HP 32A Фотобарабан картридж;CF232A;32A
http://rashodnika.net/HP-CF233A-Toner-Cartridge.html;HP 33A Тонер-картридж черный;CF233A;33A
http://rashodnika.net/HP-CF234A-Drum.html;HP 34A Блок фотобарабана;CF234A;34A
http://rashodnika.net/4_1_1_87.html;HP 35A Тонер-картридж черный;CB435A;35A
http://rashodnika.net/4_1_1_88.html;(CB435AF) Двойная упаковка тонер-картриджа HP-35A;CB435AD;35AD
http://rashodnika.net/4_1_1_89.html;HP 36A Тонер-картридж черный;CB436A;36A
http://rashodnika.net/4_1_1_90.html;(CB436AD) Двойная упаковка тонер-картриджа HP-36A;CB436AF;36AF
http://rashodnika.net/HP-CF237A-Toner-Cartridge.html;HP 37A Тонер-картридж черный (11K);CF237A;37A
http://rashodnika.net/HP-CF237X-Toner-Cartridge.html;HP 37X Тонер-картридж черный (25K);CF237X;37X
http://rashodnika.net/HP-CF237Y-Toner-Cartridge.html;HP 37Y Тонер-картридж черный (41K);CF237Y;37Y
http://rashodnika.net/4_1_1_159.html;HP 38A Тонер-картридж черный;Q1338A;38A
http://rashodnika.net/4_1_1_160.html;Двойная упаковка картриджа HP-38A;Q1338D;38D
http://rashodnika.net/4_1_1_161.html;HP 39A Тонер-картридж черный;Q1339A;39A
http://rashodnika.net/4_1_1_190.html;HP 42a Тонер-картридж черный (10000 стр.);Q5942A;42A
http://rashodnika.net/4_1_1_191.html;HP 42x Тонер-картридж черный (20000 стр.);Q5942X;42X
http://rashodnika.net/4_1_1_192.html;HP Двойная упаковка тонер-картриджа 42x;Q5942XD;42XD
http://rashodnika.net/4_1_1_47.html;НР 43X Тонер-картридж черный;C8543X;43X
http://rashodnika.net/HP-CF244A.html;HP 44A Тонер-картридж черный;CF244A;44A
http://rashodnika.net/4_1_1_193.html;HP 45a Тонер-картридж черный;Q5945A;45A
http://rashodnika.net/4_1_1_194.html;HP 49A Тонер-картридж черный (2500 стр.);Q5949A;49A
http://rashodnika.net/4_1_1_195.html;HP 49x Тонер-картридж черный (6000 копий);Q5949X;49X
http://rashodnika.net/4_1_1_196.html;HP Двойная упаковка тонер-картриджа 49x;Q5949XD;49XD
http://rashodnika.net/4_1_1_219.html;HP 51A Тонер-картридж черный (6500 копий);Q7551A;51A
http://rashodnika.net/4_1_1_220.html;HP 51x Тонер-картридж черный (13000 копий);Q7551X;51X
http://rashodnika.net/4_1_1_221.html;HP Двойная упаковка тонер-картриджа HP-51X;Q7551XD;51XD
http://rashodnika.net/4_1_1_222.html;HP 53a Тонер-картридж черный (3000 копий);Q7553A;53A
http://rashodnika.net/4_1_1_223.html;HP 53X Тонер-картридж черный (7000 копий);Q7553X;53X
http://rashodnika.net/4_1_1_224.html;HP Двойная упаковка тонер-картриджа №53x;Q7553XD;53XD
http://rashodnika.net/4_1_1_113.html;HP 55A Тонер-картридж черный;CE255A;55A
http://rashodnika.net/4_1_1_114.html;HP 55X Тонер-картридж черный;CE255X;55X
http://rashodnika.net/HP-CE255XD.html;Двойная упаковка тонер-картриджа HP-55X;CE255XD;55XD
http://rashodnika.net/HP-CF256A-Toner-Cartridge.html;HP 56A Тонер-картридж черный (7.4K);CF256A;56A
http://rashodnika.net/HP-CF256X-Toner-Cartridge.html;HP 56X Тонер-картридж черный (12.3K);CF256X;56X
http://rashodnika.net/HP-CF257A-Drum-Cartridge.html;HP 57A Блок фотобарабана;CF257A;57A
http://rashodnika.net/hp-cf259a-toner-cartridge.html;HP 59A Тонер-картридж черный (3K);CF259A;59A
http://rashodnika.net/hp-cf259x-toner-cartridge.html;HP 59X Тонер-картридж черный (10K);CF259X;59X
http://rashodnika.net/4_1_1_44.html;HP 61A Тонер-картридж черный (6000 стр.);C8061A;61A
http://rashodnika.net/HP-C8061D.html;HP Двойная упаковка картриджей C8061X (20000 стр.);C8061D;61D
http://rashodnika.net/4_1_1_45.html;HP 61X Тонер-картридж черный (10000 стр.);C8061X;61X
http://rashodnika.net/4_1_1_98.html;HP 64A Тонер-картридж черный;CC364A;64A
http://rashodnika.net/4_1_1_99.html;HP 64X Тонер-картридж черный;CC364X;64X
http://rashodnika.net/HP-CC364XD.html;Двойная упаковка картриджей НР-64X;CC364XD;64XD
http://rashodnika.net/HP-CF065A.html;HP Комплект для обслуживания 220V;CF065A;
http://rashodnika.net/4_1_1_229.html;HP 70A Тонер-картридж черный;Q7570A;70A
http://rashodnika.net/4_1_1_1.html;HP 74A Тонер-картридж черный;92274A;74A
http://rashodnika.net/4_1_1_2.html;HP 75A Тонер-картридж черный;92275A;75A
http://rashodnika.net/4_1_1_127.html;HP 78A Тонер-картридж черный;CE278A;78A
http://rashodnika.net/HP-CE278AF.html;(CE278AD) Двойная упаковка картриджа CE278A;CE278AF;78AF
http://rashodnika.net/HP-CF279A-Toner-Cartridge.html;HP 79A Тонер-картридж черный;CF279A;79A
http://rashodnika.net/HP-CF280A.html;HP 80A Тонер-картридж черный;CF280A;80A
http://rashodnika.net/hp-cf280jc.html;HP 80 Контрактный тонер-картридж черный (8K);CF280JC;80JC
http://rashodnika.net/HP-CF280X.html;HP 80X Тонер-картридж черный;CF280X;80X
http://rashodnika.net/HP-CF280XF.html;Двойная упаковка тонер-картриджа HP-80X;CF280XF;80XF
http://rashodnika.net/HP-CF281A.html;HP 81A Тонер-картридж черный (10500 стр.);CF281A;81A
http://rashodnika.net/HP-CF281X.html;HP 81X Тонер-картридж черный (25000 стр.);CF281X;81X
http://rashodnika.net/4_1_1_34.html;HP 82X Тонер-картридж черный;C4182X;82X
http://rashodnika.net/HP-CF283A.html;HP 83A Тонер-картридж черный;CF283A;83A
http://rashodnika.net/hp-cf283af.html;HP Двойная упаковка тонер-картриджей 83A;CF283AF;83AF
http://rashodnika.net/HP-CF283X.html;HP 83X Тонер-картридж черный увеличенной емкости;CF283X;83X
http://rashodnika.net/HP-CF283XF.html;(CF283XD) HP Двойная упаковка тонер-картриджей 83X;CF283XF;83X dual
http://rashodnika.net/4_1_1_128.html;HP 85A Тонер-картридж черный;CE285A;85A
http://rashodnika.net/HP-CE285AF.html;(CE285AD) Двойная упаковка картриджа HP-85A;CE285AF;85AF
http://rashodnika.net/HP-CE285L.html;HP Тонер-картридж черный (700 стр.);CE285L;85L
http://rashodnika.net/HP-CF287A.html;HP 87A Тонер-картридж черный;CF287A;87A
http://rashodnika.net/HP-CF287X.html;HP 87X Тонер-картридж черный;CF287X;87X
http://rashodnika.net/HP-CF287XD.html;(CF287XF) HP 87X Двойная упаковка тонер-картриджей;CF287XD;87XD
http://rashodnika.net/HP-CC388A.html;HP 88A Тонер-картридж черный;CC388A;88A
http://rashodnika.net/hp-cf289a-toner-cartridge.html;HP 89A Тонер-картридж черный (5K);CF289A;89A
http://rashodnika.net/hp-cf289x-toner-cartridge.html;HP 89X Тонер-картридж черный (10K);CF289X;89X
http://rashodnika.net/hp-cf289y-toner-cartridge.html;HP 89Y Тонер-картридж черный (20K);CF289Y;89Y
http://rashodnika.net/HP-CE390A.html;HP 90A Тонер-картридж черный (10000 стр.);CE390A;90A
http://rashodnika.net/HP-CE390X.html;HP 90X Тонер-картридж черный (24000 стр.);CE390X;90X
http://rashodnika.net/HP-CE390XD.html;Двойная упаковка тонер-картриджа HP-90X (48000 стр.);CE390XD;90XD
http://rashodnika.net/4_1_1_4.html;HP 91A Тонер-картридж черный;92291A;91A
http://rashodnika.net/4_1_1_22.html;HP 92A Тонер-картридж черный;C4092A;92A
http://rashodnika.net/HP-CZ192A.html;HP 93A Тонер-картридж черный;CZ192A;93A
http://rashodnika.net/4_1_1_5.html;HP 95A Тонер-картридж черный;92295A;95A
http://rashodnika.net/4_1_1_23.html;HP 96A Тонер-картридж черный;C4096A;96A
http://rashodnika.net/4_1_1_6.html;HP 98A Тонер-картридж черный (6800 копий);92298A;98A
http://rashodnika.net/4_1_1_7.html;HP 98x Тонер-картридж черный (8800 копий);92298X;98X
http://rashodnika.net/HP-w1103a.html;HP Комплект заправки 103A;W1103A;103A
http://rashodnika.net/HP-w1103ad.html;HP Два комплекта заправки 103A;W1103AD;103AD
http://rashodnika.net/HP-w1104a.html;HP Блок фотобарабана 104A;W1104A;104A
http://rashodnika.net/HP-w1106a.html;HP Тонер-картридж черный 106A;W1106A;106A
http://rashodnika.net/hp-w2070a.html;HP 117 Тонер-картридж черный;W2070A;117 Bk
http://rashodnika.net/hp-w2071a.html;HP 117 Тонер-картридж голубой;W2071A;117 C
http://rashodnika.net/hp-w2072a.html;HP 117 Тонер-картридж желтый;W2072A;117 Y
http://rashodnika.net/hp-w2073a.html;HP 117 Тонер-картридж пурпурный;W2073A;117 M
http://rashodnika.net/hp-w1120a.html;HP 120A Блок фотобарабана;W1120A;120A
http://rashodnika.net/4_1_1_60.html;НР 121A Тонер-картридж черный;C9700A;121Bk
http://rashodnika.net/4_1_1_61.html;НР 121A Тонер-картридж голубой;C9701A;121C
http://rashodnika.net/4_1_1_62.html;НР 121A Тонер-картридж желтый;C9702A;121Y
http://rashodnika.net/4_1_1_63.html;НР 121A Тонер-картридж пурпурный;C9703A;121M
http://rashodnika.net/4_1_1_64.html;HP 121A Блок фотобарабана CMYK;C9704A;121 drum
http://rashodnika.net/4_1_1_177.html;HP 122A Тонер-картридж черный;Q3960A;122A
http://rashodnika.net/4_1_1_178.html;HP 122A Тонер-картридж голубой;Q3961A;122C
http://rashodnika.net/4_1_1_179.html;HP 122A Тонер-картридж желтый;Q3962A;122Y
http://rashodnika.net/4_1_1_180.html;HP 122A Тонер-картридж пурпурный;Q3963A;122M
http://rashodnika.net/4_1_1_181.html;HP 122A Фотобарабан передачи изображения;Q3964A;122 drum
http://rashodnika.net/4_1_1_182.html;HP 123A Тонер-картридж голубой;Q3971A;123C
http://rashodnika.net/4_1_1_183.html;HP 123A Тонер-картридж желтый;Q3972A;123Y
http://rashodnika.net/4_1_1_184.html;HP 123A Тонер-картридж пурпурный;Q3973A;123M
http://rashodnika.net/4_1_1_201.html;HP 124A Тонер-картридж черный;Q6000A;124Bk
http://rashodnika.net/4_1_1_202.html;HP 124A Тонер-картридж голубой;Q6001A;124C
http://rashodnika.net/4_1_1_203.html;HP 124A Тонер-картридж желтый;Q6002A;124Y
http://rashodnika.net/4_1_1_204.html;HP 124A Тонер-картридж пурпурный;Q6003A;124M
http://rashodnika.net/4_1_1_94.html;HP 125A Тонер-картридж черный;CB540A;125A
http://rashodnika.net/HP-CB540AD.html;Двойная упаковка черных картриджей HP-125A;CB540AD;125AD
http://rashodnika.net/4_1_1_95.html;HP 125A Тонер-картридж голубой;CB541A;125C
http://rashodnika.net/4_1_1_96.html;HP 125A Тонер-картридж желтый;CB542A;125Y
http://rashodnika.net/4_1_1_97.html;HP 125A Тонер-картридж пурпурный;CB543A;125M
http://rashodnika.net/HP-CF373AM.html;HP 125A Комплект цветных картриджей (CMY);CF373AM;125 CMY
http://rashodnika.net/4_1_1_136.html;HP 126A Тонер-картридж черный;CE310A;126A
http://rashodnika.net/HP-CE310AD.html;Двойная упаковка тонер-картриджей HP-126A;CE310AD;126AD
http://rashodnika.net/4_1_1_137.html;HP 126A Тонер-картридж голубой;CE311A;126C
http://rashodnika.net/4_1_1_138.html;HP 126A Тонер-картридж желтый;CE312A;126Y
http://rashodnika.net/4_1_1_139.html;HP 126A Тонер-картридж пурпурный;CE313A;126M
http://rashodnika.net/4_1_1_140.html;HP126A Драм картридж (фотобарабан);CE314A;126A drum
http://rashodnika.net/HP-CF341A.html;Набор цветных тонер-картриджей HP-126A;CF341A;126 CMY
http://rashodnika.net/4_1_1_141.html;HP 128A Тонер-картридж черный;CE320A;128A
http://rashodnika.net/HP-CE320AD.html;HP Двойная упаковка тонер-картриджей CE320A;CE320AD;128AD
http://rashodnika.net/4_1_1_142.html;HP 128A Тонер-картридж голубой;CE321A;128C
http://rashodnika.net/4_1_1_143.html;HP 128A Тонер-картридж желтый;CE322A;128Y
http://rashodnika.net/4_1_1_144.html;HP 128A Тонер-картридж пурпурный;CE323A;128M
http://rashodnika.net/HP-CF350A.html;HP 130A Тонер-картридж черный;CF350A;130Bk
http://rashodnika.net/HP-CF351A.html;HP 130A Тонер-картридж голубой;CF351A;130C
http://rashodnika.net/HP-CF352A.html;HP 130A Тонер-картридж желтый;CF352A;130Y
http://rashodnika.net/HP-CF353A.html;HP 130A Тонер-картридж пурпурный;CF353A;130M
http://rashodnika.net/HP-CF210A.html;HP 131A Тонер-картридж черный (1600 стр.);CF210A;131A
http://rashodnika.net/HP-CF210X.html;HP 131X Тонер-картридж черный (2400 стр.);CF210X;131X
http://rashodnika.net/HP-CF210XD.html;Двойная упаковка тонер-картриджей HP-131X (4800 стр.);CF210XD;131XD
http://rashodnika.net/HP-CF211A.html;HP 131A Тонер-картридж голубой;CF211A;131C
http://rashodnika.net/HP-CF212A.html;HP 131A Тонер-картридж желтый;CF212A;131Y
http://rashodnika.net/HP-CF213A.html;HP 131A Тонер-картридж пурпурный;CF213A;131M
http://rashodnika.net/HP-U0SL1AM-131a-CMY.html;HP 131A Набор цветных картриджей;U0SL1AM;131 CMY
http://rashodnika.net/HP-C1N58A.html;HP Комплект обслуживания с печкой 220v;C1N58A;
http://rashodnika.net/hp-p1b92a-p1b91a.html;HP Комплект для обслуживания 220V / Печка;P1B92A;
http://rashodnika.net/hp-p1b93a.html;HP Комплект ремня переноса изображения;P1B93A;
http://rashodnika.net/hp-p1b94a.html;HP Бункер для отработанного тонера;P1B94A;
http://rashodnika.net/HP-CF253XM-Toner-Pack.html;HP 201X Набор цветных картриджей увеличенной емкости;CF253XM;201X CMY
http://rashodnika.net/HP-CF400A.html;HP 201Bk Тонер-картридж черный;CF400A;201a Bk
http://rashodnika.net/HP-CF400X.html;HP 201X Bk Тонер-картридж черный;CF400X;201x Bk
http://rashodnika.net/hp-cf400xd.html;HP 201X Bk Двойная упаковка черных тонер-картриджей;CF400XD;201x Bk dual
http://rashodnika.net/HP-CF401A.html;HP 201C Тонер-картридж голубой;CF401A;201a C
http://rashodnika.net/HP-CF401X.html;HP 201X C Тонер-картридж голубой;CF401X;201x C
http://rashodnika.net/HP-CF402A.html;HP 201Y Тонер-картридж желтый;CF402A;201a Y
http://rashodnika.net/HP-CF402X.html;HP 201X Y Тонер-картридж желтый;CF402X;201x Y
http://rashodnika.net/HP-CF403A.html;HP 201M Тонер-картридж пурпурный;CF403A;201a M
http://rashodnika.net/HP-CF403X.html;HP 201X M Тонер-картридж пурпурный;CF403X;201x M
http://rashodnika.net/HP-CF540A-Black-Toner-Cartridge.html;HP 203A Тонер-картридж черный (1.4K);CF540A;203A Bk
http://rashodnika.net/HP-CF540X-Black-Toner-Cartridge.html;HP 203X Тонер-картридж черный (3.2K);CF540X;203X Bk
http://rashodnika.net/HP-CF541A-Cyan-Toner-Cartridge.html;HP 203A Тонер-картридж голубой (1.3K);CF541A;203A C
http://rashodnika.net/HP-CF541X-Cyan-Toner-Cartridge.html;HP 203X Тонер-картридж голубой (2.5K);CF541X;203X C
http://rashodnika.net/HP-CF542A-Yellow-Toner-Cartridge.html;HP 203A Тонер-картридж желтый (1.3K);CF542A;203A Y
http://rashodnika.net/HP-CF542X-Yellow-Toner-Cartridge.html;HP 203X Тонер-картридж желтый (2.5K);CF542X;203X Y
http://rashodnika.net/HP-CF543A-Magenta-Toner-Cartridge.html;HP 203A Тонер-картридж пурпурный (1.3K);CF543A;203A M
http://rashodnika.net/HP-CF543X-Magenta-Toner-Cartridge.html;HP 203X Тонер-картридж пурпурный (2.5K);CF543X;203X M
http://rashodnika.net/HP-CF530A-Black-Toner-Cartridge.html;HP 205A Тонер-картридж черный (1.1K);CF530A;205A Bk
http://rashodnika.net/HP-CF531A-Cyan-Toner-Cartridge.html;HP 205A Тонер-картридж голубой (0.9K);CF531A;205A C
http://rashodnika.net/HP-CF532A-Yellow-Toner-Cartridge.html;HP 205A Тонер-картридж желтый (0.9K);CF532A;205A Y
http://rashodnika.net/HP-CF533A-Magenta-Toner-Cartridge.html;HP 205A Тонер-картридж пурпурный (0.9K);CF533A;205A M
http://rashodnika.net/hp-w2210a.html;HP 207A Тонер-картридж черный (1350 стр.);W2210A;207A Bk
http://rashodnika.net/hp-w2210x.html;HP 207X Тонер-картридж черный (3150 стр.);W2210X;207X Bk
http://rashodnika.net/hp-w2211a.html;HP 207A Тонер-картридж голубой (1250 стр.);W2211A;207A C
http://rashodnika.net/hp-w2211x.html;HP 207X Тонер-картридж голубой (2450 стр.);W2211X;207X C
http://rashodnika.net/hp-w2212a.html;HP 207A Тонер-картридж желтый (1250 стр.);W2212A;207A Y
http://rashodnika.net/hp-w2212x.html;HP 207X Тонер-картридж желтый (2450 стр.);W2212X;207X Y
http://rashodnika.net/hp-w2213a.html;HP 207A Тонер-картридж пурпурный (1250 стр.);W2213A;207A M
http://rashodnika.net/hp-w2213x.html;HP 207X Тонер-картридж пурпурный (2450 стр.);W2213X;207X M
http://rashodnika.net/hp-w2410a.html;HP 216A Тонер-картридж черный;W2410A;216A Bk
http://rashodnika.net/hp-w2411a.html;HP 216A Тонер-картридж голубой;W2411A;216A C
http://rashodnika.net/hp-w2412a.html;HP 216A Тонер-картридж желтый;W2412A;216A Y
http://rashodnika.net/hp-w2413a.html;HP 216A Тонер-картридж пурпурный;W2413A;216A M
http://rashodnika.net/4_1_1_105.html;HP Комплект термозакрепления (Печка) 220V;CE247A;
http://rashodnika.net/HP-CE248A.html;HP Комплект для обслуживания устройства автоматической подачи документов;CE248A;
http://rashodnika.net/4_1_1_106.html;HP Комплект переноса;CE249A;
http://rashodnika.net/HP-CE254A.html;HP Емкость отработанного тонера ;CE254A;
http://rashodnika.net/HP-CF254A.html;HP Сервисный комплект печки;CF254A;
http://rashodnika.net/HP-C2H57A.html;HP Комплект обслуживания с печкой 220v;C2H57A;
http://rashodnika.net/4_1_1_121.html;HP 648A Емкость для отработанного тонера;CE265A;
http://rashodnika.net/4_1_1_122.html;HP Тонер-картридж черный;CE266C;
http://rashodnika.net/HP-CE267C.html;HP Тонер-картридж черный;CE267C;
http://rashodnika.net/HP-F2G77A-Maintenance%20Kit.html;HP Комплект обслуживания 220V;F2G77A;
http://rashodnika.net/4_1_1_129.html;HP Тонер-картридж голубой;CE301C;
http://rashodnika.net/4_1_1_130.html;HP Тонер-картридж желтый;CE302C;
http://rashodnika.net/4_1_1_131.html;HP Тонер-картридж пурпурный;CE303C;
http://rashodnika.net/4_1_1_100.html;HP 304A Тонер-картридж черный;CC530A;304A
http://rashodnika.net/4_1_1_101.html;Двойная упаковка тонер-картриджа HP-304A;CC530AD;304AD
http://rashodnika.net/4_1_1_102.html;HP 304A Тонер-картридж голубой;CC531A;304C
http://rashodnika.net/4_1_1_103.html;HP 304A Тонер-картридж желтый;CC532A;304Y
http://rashodnika.net/4_1_1_104.html;HP 304A Тонер-картридж пурпурный;CC533A;304M
http://rashodnika.net/4_1_1_132.html;HP Блок фотобарабана черный;CE304C;
http://rashodnika.net/4_1_1_133.html;HP Блок фотобарабана голубой;CE305C;
http://rashodnika.net/HP-CE410A.html;HP 305A Тонер-картридж черный (2200 стр.);CE410A;305A
http://rashodnika.net/HP-CE410X.html;HP 305X Тонер-картридж черный (4000 стр.);CE410X;305X
http://rashodnika.net/HP-CE410XD.html;Двойная упаковка тонер-картриджа HP-305X (8000 стр.);CE410XD;305XD
http://rashodnika.net/HP-CE411A.html;HP 305A Тонер-картридж голубой;CE411A;305C
http://rashodnika.net/HP-CE412A.html;HP 305A Тонер-картридж желтый;CE412A;305Y
http://rashodnika.net/HP-CE413A.html;HP 305A Тонер-картридж пурпурный;CE413A;305M
http://rashodnika.net/HP-CF370AM.html;HP 305A Комплект цветных картриджей (CMY);CF370AM;305 CMY
http://rashodnika.net/4_1_1_134.html;HP Блок фотобарабана желтый;CE306C;
http://rashodnika.net/4_1_1_135.html;HP Блок фотобарабана пурпурный;CE307C;
http://rashodnika.net/4_1_1_148.html;HP 307A Тонер-картридж черный;CE740A;307A
http://rashodnika.net/4_1_1_149.html;HP 307A Тонер-картридж голубой;CE741A;307C
http://rashodnika.net/4_1_1_150.html;HP 307A Тонер-картридж желтый;CE742A;307Y
http://rashodnika.net/4_1_1_151.html;HP 307A Тонер-картридж пурпурный;CE743A;307M
http://rashodnika.net/4_1_1_169.html;HP 308A Тонер-картридж черный;Q2670A;308A
http://rashodnika.net/4_1_1_170.html;HP 309A Тонер-картридж голубой;Q2671A;309C
http://rashodnika.net/4_1_1_171.html;HP 309A Тонер-картридж желтый;Q2672A;309Y
http://rashodnika.net/4_1_1_172.html;HP 309A Тонер-картридж пурпурный;Q2673A;309M
http://rashodnika.net/4_1_1_173.html;HP 311A Тонер-картридж голубой;Q2681A;311C
http://rashodnika.net/4_1_1_174.html;HP 311A Тонер-картридж желтый;Q2682A;311Y
http://rashodnika.net/4_1_1_175.html;HP 311A Тонер-картридж пурпурный;Q2683A;311M
http://rashodnika.net/HP-CF380A.html;HP 312A Тонер-картридж черный (2400 стр.);CF380A;312a K
http://rashodnika.net/HP-CF380X.html;HP 312X Тонер-картридж черный (4400 стр.);CF380X;312X
http://rashodnika.net/HP-CF380XD.html;HP 312X Двойная упаковка черных тонер-картриджей (8800 стр.);CF380XD;312XD
http://rashodnika.net/HP-CF381A.html;HP 312A Тонер-картридж голубой;CF381A;312a C
http://rashodnika.net/HP-CF382A.html;HP 312A Тонер-картридж желтый;CF382A;312a Y
http://rashodnika.net/HP-CF383A.html;HP 312A Тонер-картридж пурпурный;CF383A;312a M
http://rashodnika.net/HP-CF440AM.html;HP 312A Комплект цветных картриджей CMY;CF440AM;312A CMY
http://rashodnika.net/4_1_1_225.html;HP 314A Тонер-картридж черный;Q7560A;314A
http://rashodnika.net/4_1_1_226.html;HP 314A Тонер-картридж голубой;Q7561A;314C
http://rashodnika.net/4_1_1_227.html;HP 314A Тонер-картридж желтый;Q7562A;314Y
http://rashodnika.net/4_1_1_228.html;HP 314A Тонер-картридж пурпурный;Q7563A;314M
http://rashodnika.net/HP-B3M78A.html;HP Сервисный комплект с печкой 220v;B3M78A;
http://rashodnika.net/HP-CB389A.html;HP Комплект для обслуживания 220V;CB389A;
http://rashodnika.net/HP-CF252XM-Toner-Pack.html;HP 410X Набор цветных картриджей увеличенной емкости;CF252XM;410X CMY
http://rashodnika.net/HP-CF410A-Black-Toner-Cartridge.html;HP 410A Тонер-картридж черный;CF410A;410A Bk
http://rashodnika.net/HP-CF410X-Black-Toner-Cartridge.html;HP 410X Тонер-картридж черный увеличенной емкости;CF410X;410X Bk
http://rashodnika.net/HP-CF410XD-Twin-Pack.html;HP 410X Двойная упаковка черных картриджей увеличенной емкости;CF410XD;410XD Bk
http://rashodnika.net/HP-CF411A-Cyan-Toner-Cartridge.html;HP 410A Тонер-картридж голубой;CF411A;410A C
http://rashodnika.net/HP-CF411X-Cyan-Toner-Cartridge.html;HP 410X Тонер-картридж голубой увеличенной емкости;CF411X;410X C
http://rashodnika.net/HP-CF412A-Yellow-Toner-Cartridge.html;HP 410A Тонер-картридж желтый;CF412A;410A Y
http://rashodnika.net/HP-CF412X-Yellow-Toner-Cartridge.html;HP 410X Тонер-картридж желтый увеличенной емкости;CF412X;410X Y
http://rashodnika.net/HP-CF413A-Magenta-Toner-Cartridge.html;HP 410A Тонер-картридж пурпурный;CF413A;410A M
http://rashodnika.net/HP-CF413X-Magenta-Toner-Cartridge.html;HP 410X Тонер-картридж пурпурный увеличенной емкости;CF413X;410X M
http://rashodnika.net/hp-w2030a-black.html;HP 415A Тонер-картридж черный (2.4K);W2030A;415A Bk
http://rashodnika.net/hp-w2030x-black.html;HP 415X Тонер-картридж черный (7.5K);W2030X;415X Bk
http://rashodnika.net/hp-w2031a-cyan.html;HP 415A Тонер-картридж голубой (2.1K);W2031A;415A C
http://rashodnika.net/hp-w2031x-cyan.html;HP 415X Тонер-картридж голубой (6K);W2031X;415X C
http://rashodnika.net/hp-w2032a-yellow.html;HP 415A Тонер-картридж желтый (2.1K);W2032A;415A Y
http://rashodnika.net/hp-w2032x-yellow.html;HP 415X Тонер-картридж желтый (6K);W2032X;415X Y
http://rashodnika.net/hp-w2033a-magenta.html;HP 415A Тонер-картридж пурпурный (2.1K);W2033A;415A M
http://rashodnika.net/hp-w2033x-magenta.html;HP 415X Тонер-картридж пурпурный (6K);W2033X;415X M
http://rashodnika.net/4_1_1_91.html;HP Комплект закрепления (Печка) 220V;CB458A;
http://rashodnika.net/4_1_1_92.html;HP Комплект роликов;CB459A;
http://rashodnika.net/4_1_1_93.html;HP Комплект переноса изображения;CB463A;
http://rashodnika.net/HP-CE487A.html;HP Комплект роликов АПД;CE487A;
http://rashodnika.net/4_1_1_209.html;HP 501A Тонер-картридж чёрный;Q6470A;501A
http://rashodnika.net/4_1_1_210.html;HP 502A Тонер-картридж голубой;Q6471A;502C
http://rashodnika.net/4_1_1_211.html;HP 502A Тонер-картридж желтый;Q6472A;502Y
http://rashodnika.net/4_1_1_212.html;HP 502A Тонер-картридж пурпурный;Q6473A;502M
http://rashodnika.net/4_1_1_230.html;HP 503A Тонер-картридж голубой;Q7581A;503C
http://rashodnika.net/4_1_1_231.html;HP 503A Тонер-картридж желтый;Q7582A;503Y
http://rashodnika.net/4_1_1_232.html;HP 503A Тонер-картридж пурпурный;Q7583A;503M
http://rashodnika.net/4_1_1_107.html;HP 504A Тонер-картридж черный (5000 стр.);CE250A;504A
http://rashodnika.net/4_1_1_108.html;HP 504X Тонер-картридж черный (10500 стр.);CE250X;504X
http://rashodnika.net/HP-CE250XD.html;Двойная упаковка черных картриджей HP-504X;CE250XD;504XD
http://rashodnika.net/4_1_1_109.html;HP 504A Тонер-картридж голубой;CE251A;504C
http://rashodnika.net/4_1_1_110.html;HP 504A Тонер-картридж желтый;CE252A;504Y
http://rashodnika.net/4_1_1_111.html;HP 504A Тонер-картридж пурпурный;CE253A;504M
http://rashodnika.net/HP-CE506A.html;HP Печь в сборе 220V;CE506A;
http://rashodnika.net/HP-CE400A.html;HP 507A Тонер-картридж черный (5500 стр.);CE400A;507A K
http://rashodnika.net/HP-CE400X.html;HP 507X Тонер-картридж черный (11000 стр.);CE400X;507X K
http://rashodnika.net/HP-CE400YC.html;HP 507Y Тонер-картридж черный (11400 стр.) - контрактный;CE400YC;507Y K
http://rashodnika.net/HP-CE401A.html;HP 507A Тонер-картридж голубой (6000 стр.);CE401A;507A C
http://rashodnika.net/HP-CE401YC.html;HP 507Y Тонер-картридж голубой (7800 стр.) - контрактный;CE401YC;507Y C
http://rashodnika.net/HP-CE402A.html;HP 507A Тонер-картридж желтый (6000 стр.);CE402A;507A Y
http://rashodnika.net/HP-CE402YC.html;HP 507Y Тонер-картридж желтый (7800 стр.) - контрактный;CE402YC;507Y Y
http://rashodnika.net/HP-CE403A.html;HP 507A Тонер-картридж пурпурный (6000 стр.);CE403A;507A M
http://rashodnika.net/HP-CE403YC.html;HP 507Y Тонер-картридж пурпурный (7800 стр.) - контрактный;CE403YC;507Y M
http://rashodnika.net/HP-CF360A.html;HP 508BK Тонер-картридж черный (6K);CF360A;508a BK
http://rashodnika.net/HP-CF360X.html;HP 508x BK Тонер-картридж черный (12.5K);CF360X;508x BK
http://rashodnika.net/HP-CF361A.html;HP 508C Тонер-картридж голубой (5K);CF361A;508a C
http://rashodnika.net/HP-CF361X.html;HP 508x C Тонер-картридж голубой (9.5K);CF361X;508x C
http://rashodnika.net/HP-CF362A.html;HP 508Y Тонер-картридж желтый (5K);CF362A;508a Y
http://rashodnika.net/HP-CF362X.html;HP 508x Y Тонер-картридж желтый;CF362X;508x Y
http://rashodnika.net/HP-CF363A.html;HP 508M Тонер-картридж пурпурный (5K);CF363A;508a M
http://rashodnika.net/HP-CF363X.html;HP 508x M Тонер-картридж пурпурный (9.5K);CF363X;508x M
http://rashodnika.net/HP-CE515A.html;HP Комплект термофиксатора принтера, 220 В;CE515A;
http://rashodnika.net/4_1_1_154.html;(CE979A) HP Комплект переноса изображения;CE516A;
http://rashodnika.net/HP-B5L36A-Fuser-Maintenance-Kit.html;HP Печь в сборе 220v;B5L36A;
http://rashodnika.net/HP-B5L37A-Waste-Toner.html;HP Сборник отработанного тонера;B5L37A;
http://rashodnika.net/HP-CD640C.html;HP Тонер-картридж черный;CD640C;
http://rashodnika.net/4_1_1_65.html;НР 641A Тонер-картридж черный;C9720A;641Bk
http://rashodnika.net/HP-C9720AD.html;НР 641AD Двойная упаковка картриджа C9720A;C9720AD;641Bk Twin
http://rashodnika.net/4_1_1_66.html;НР 641A Тонер-картридж голубой;C9721A;641C
http://rashodnika.net/4_1_1_67.html;НР 641A Тонер-картридж желтый;C9722A;641Y
http://rashodnika.net/4_1_1_68.html;НР 641A Тонер-картридж пурпурный;C9723A;641M
http://rashodnika.net/4_1_1_83.html;HP 642A Тонер-картридж черный;CB400A;642Bk
http://rashodnika.net/HP-CB401A.html;HP 642A Тонер-картридж голубой;CB401A;642C
http://rashodnika.net/HP-CB402A.html;HP 642A Тонер-картридж желтый;CB402A;642Y
http://rashodnika.net/HP-CB403A.html;HP 642A Тонер-картридж пурпурный;CB403A;642M
http://rashodnika.net/4_1_1_197.html;HP 643A Тонер-картридж черный;Q5950A;643A
http://rashodnika.net/4_1_1_198.html;HP 643A Тонер-картридж голубой;Q5951A;643C
http://rashodnika.net/4_1_1_199.html;HP 643A Тонер-картридж желтый;Q5952A;643Y
http://rashodnika.net/4_1_1_200.html;HP 643A Тонер-картридж пурпурный;Q5953A;643M
http://rashodnika.net/4_1_1_205.html;HP 644A Тонер-картридж черный;Q6460A;644A
http://rashodnika.net/4_1_1_206.html;HP 644A Тонер-картридж голубой;Q6461A;644C
http://rashodnika.net/4_1_1_207.html;HP 644A Тонер-картридж желтый;Q6462A;644Y
http://rashodnika.net/4_1_1_208.html;HP 644A Тонер-картридж пурпурный;Q6463A;644M
http://rashodnika.net/4_1_1_70.html;НР 645A Тонер-картридж черный;C9730A;645Bk
http://rashodnika.net/4_1_1_71.html;НР 645A Тонер-картридж голубой;C9731A;645C
http://rashodnika.net/4_1_1_72.html;НР 645A Тонер-картридж желтый;C9732A;645Y
http://rashodnika.net/4_1_1_73.html;НР 645A Тонер-картридж пурпурный;C9733A;645M
http://rashodnika.net/4_1_1_120.html;HP 646X Тонер-картридж черный (17000 стр.);CE264X;646X
http://rashodnika.net/4_1_1_156.html;HP 646A Тонер-картридж голубой;CF031A;646C
http://rashodnika.net/4_1_1_157.html;HP 646A Тонер-картридж желтый;CF032A;646Y
http://rashodnika.net/4_1_1_158.html;HP 646A Тонер-картридж пурпурный;CF033A;646M
http://rashodnika.net/4_1_1_115.html;HP 647A Тонер-картридж черный (8500 стр.);CE260A;647A
http://rashodnika.net/4_1_1_117.html;HP 648A Тонер-картридж голубой;CE261A;648C
http://rashodnika.net/4_1_1_118.html;HP 648A Тонер-картридж желтый;CE262A;648Y
http://rashodnika.net/4_1_1_119.html;HP 648A Тонер-картридж пурпурный;CE263A;648M
http://rashodnika.net/4_1_1_116.html;HP 649X Тонер-картридж черный (17000 стр.);CE260X;649X
http://rashodnika.net/HP-CE260XD.html;Двойная упаковка картриджей HP-649X (34000 стр.);CE260XD;649XD
http://rashodnika.net/4_1_1_123.html;HP 650A Тонер-картридж черный;CE270A;650Bk
http://rashodnika.net/4_1_1_124.html;HP 650A Тонер-картридж голубой;CE271A;650C
http://rashodnika.net/4_1_1_125.html;HP 650A Тонер-картридж желтый;CE272A;650Y
http://rashodnika.net/4_1_1_126.html;HP 650A Тонер-картридж пурпурный;CE273A;650M
http://rashodnika.net/HP-CE340A.html;HP 651A Тонер-картридж черный;CE340A;651A
http://rashodnika.net/HP-CE341A.html;HP 651A Тонер-картридж голубой;CE341A;651C
http://rashodnika.net/HP-CE342A.html;HP 651A Тонер-картридж желтый;CE342A;651Y
http://rashodnika.net/HP-CE343A.html;HP 651A Тонер-картридж пурпурный;CE343A;651M
http://rashodnika.net/HP-CF320A.html;HP 652A Тонер-картридж черный (11000 стр.);CF320A;652A
http://rashodnika.net/HP-CF320X.html;HP 653X Тонер-картридж черный (20000 стр.);CF320X;653X
http://rashodnika.net/HP-CF321A.html;HP 653A Тонер-картридж голубой;CF321A;653C
http://rashodnika.net/HP-CF322A.html;HP 653A Тонер-картридж желтый;CF322A;653Y
http://rashodnika.net/HP-CF323A.html;HP 653A Тонер-картридж пурпурный;CF323A;653M
http://rashodnika.net/HP-CF330X.html;HP 654X Тонер-картридж черный (20000 стр.);CF330X;654X
http://rashodnika.net/HP-CF331A.html;HP 654C Тонер-картридж голубой;CF331A;654C
http://rashodnika.net/HP-CF332A.html;HP 654Y Тонер-картридж желтый;CF332A;654Y
http://rashodnika.net/HP-CF333A.html;HP 654M Тонер-картридж пурпурный;CF333A;654M
http://rashodnika.net/HP-CF450A.html;HP 655A Тонер-картридж черный (12.5K);CF450A;655A K
http://rashodnika.net/hp-cf451a.html;HP 655A Тонер-картридж голубой (10.5K);CF451A;655A C
http://rashodnika.net/hp-cf452a.html;HP 655A Тонер-картридж желтый (10.5K);CF452A;655A Y
http://rashodnika.net/hp-cf453a.html;HP 655A Тонер-картридж пурпурный (10.5K);CF453A;655A M
http://rashodnika.net/HP-CF460X-Toner-Cartridge.html;HP 656X Тонер-картридж черный (27K);CF460X;656X K
http://rashodnika.net/HP-CF461X-Toner-Cartridge.html;HP 656X Тонер-картридж голубой (22K);CF461X;656X C
http://rashodnika.net/HP-CF462X-Toner-Cartridge.html;HP 656X Тонер-картридж желтый (22K);CF462X;656X Y
http://rashodnika.net/HP-CF463X-Toner-Cartridge.html;HP 656X Тонер-картридж пурпурный (22K);CF463X;656X M
http://rashodnika.net/HP-CF470X-Black-Toner-Cartridge.html;HP 657X Тонер-картридж черный (28K);CF470X;657X K
http://rashodnika.net/HP-CF471X-Cyan-Toner-Cartridge.html;HP 657X Тонер-картридж голубой (23K);CF471X;657X C
http://rashodnika.net/HP-CF472X-Yellow-Toner-Cartridge.html;HP 657X Тонер-картридж желтый (23K);CF472X;657X Y
http://rashodnika.net/HP-CF473X-Magenta-Toner-Cartridge.html;HP 657X Тонер-картридж пурпурный (23K);CF473X;657X M
http://rashodnika.net/hp-w2000a.html;HP 658A Тонер-картридж черный;W2000A;658A Bk
http://rashodnika.net/hp-w2000x.html;HP 658X Тонер-картридж черный увеличенной емкости;W2000X;658X Bk
http://rashodnika.net/hp-w2001a.html;HP 658A Тонер-картридж голубой;W2001A;658A C
http://rashodnika.net/hp-w2001x.html;HP 658X Тонер-картридж голубой увеличенной емкости;W2001X;658X C
http://rashodnika.net/hp-w2002a.html;HP 658A Тонер-картридж желтый;W2002A;658A Y
http://rashodnika.net/hp-w2002x.html;HP 658X Тонер-картридж желтый увеличенной емкости;W2002X;658X Y
http://rashodnika.net/hp-w2003a.html;HP 658A Тонер-картридж пурпурный;W2003A;658A M
http://rashodnika.net/hp-w2003x.html;HP 658X Тонер-картридж пурпурный увеличенной емкости;W2003X;658X M
http://rashodnika.net/hp-w2010a.html;HP 659A Тонер-картридж черный 16K;W2010A;659A Bk
http://rashodnika.net/hp-w2010x.html;HP 659X Тонер-картридж черный 34K;W2010X;659X Bk
http://rashodnika.net/hp-w2011a.html;HP 659A Тонер-картридж голубой 13K;W2011A;659A C
http://rashodnika.net/hp-w2011x.html;HP 659A Тонер-картридж голубой 29K;W2011X;659X C
http://rashodnika.net/hp-w2012a.html;HP 659A Тонер-картридж желтый 13K;W2012A;659A Y
http://rashodnika.net/hp-w2012x.html;HP 659A Тонер-картридж желтый 29K;W2012X;659X Y
http://rashodnika.net/hp-w2013a.html;HP 659A Тонер-картридж пурпурный 13K;W2013A;659A M
http://rashodnika.net/hp-w2013x.html;HP 659A Тонер-картридж пурпурный 29K;W2013X;659X M
http://rashodnika.net/hp-w2004a.html;HP 660A Блок фотобарабана;W2004A;660A
http://rashodnika.net/HP-D7H14A-Image-transfer-kit.html;HP Комплект обслуживания с печкой 220v;D7H14A;
http://rashodnika.net/HP-CE732A.html;HP Комплект для обслуживания  220 В ;CE732A;
http://rashodnika.net/hp-z7y64a.html;HP Ролик захвата листа для устройства автоподачи документов;Z7Y64A;
http://rashodnika.net/hp-z7y65a.html;HP Ролик разделения заданий для устройства автоподачи документов;Z7Y65A;
http://rashodnika.net/hp-z7y70a.html;HP Блок проявки черный;Z7Y70A;
http://rashodnika.net/hp-z7y79a.html;HP Модуль переноса изображения;Z7Y79A;
http://rashodnika.net/hp-z7y81a.html;HP Блок очистки ремня переноса изображения;Z7Y81A;
http://rashodnika.net/hp-z7y82a.html;HP Блок проявки желтый;Z7Y82A;
http://rashodnika.net/hp-z7y83a.html;HP Комплект роликов подачи из лотка;Z7Y83A;
http://rashodnika.net/hp-z7y91a.html;HP Блок проявки голубой;Z7Y91A;
http://rashodnika.net/4_1_1_48.html;НР 822A Тонер-картридж черный;C8550A;822A
http://rashodnika.net/4_1_1_49.html;НР 822A Тонер-картридж голубой;C8551A;822C
http://rashodnika.net/4_1_1_50.html;НР 822A Тонер-картридж желтый;C8552A;822Y
http://rashodnika.net/4_1_1_51.html;НР 822A Тонер-картридж пурпурный;C8553A;822M
http://rashodnika.net/4_1_1_55.html;HP 822A Фотобарабан передачи изображения черный;C8560A;822Bk drum
http://rashodnika.net/4_1_1_56.html;HP 822A Фотобарабан передачи изображения голубой;C8561A;822C drum
http://rashodnika.net/4_1_1_57.html;HP 822A Фотобарабан передачи изображения желтый;C8562A;822Y drum
http://rashodnika.net/4_1_1_58.html;HP 822A Фотобарабан передачи изображения пурпурный;C8563A;822M drum
http://rashodnika.net/4_1_1_74.html;HP 823A Тонер-картридж черный;CB380A;823Bk
http://rashodnika.net/HP-CB381A.html;HP 824A Тонер-картридж голубой;CB381A;824C
http://rashodnika.net/HP-CB382A.html;HP 824A Тонер-картридж желтый;CB382A;824Y
http://rashodnika.net/HP-CB383A.html;HP 824A Тонер-картридж пурпурный;CB383A;824Y
http://rashodnika.net/4_1_1_78.html;HP 824A Блок фотобарабана черный;CB384A;824Bk drum
http://rashodnika.net/4_1_1_79.html;HP 824A Блок фотобарабана голубой;CB385A;824C drum
http://rashodnika.net/4_1_1_80.html;HP 824A Блок фотобарабана желтый;CB386A;824Y drum
http://rashodnika.net/4_1_1_81.html;HP 824A Блок фотобарабана пурпурный;CB387A;824M drum
http://rashodnika.net/4_1_1_82.html;HP 825A Тонер-картридж черный;CB390A;825Bk
http://rashodnika.net/HP-CF310A.html;HP 826A Тонер-картридж черный;CF310A;826Bk
http://rashodnika.net/HP-CF311A.html;HP 826A Тонер-картридж голубой;CF311A;826C
http://rashodnika.net/HP-CF312A.html;HP 826A Тонер-картридж желтый;CF312A;826Y
http://rashodnika.net/HP-CF313A.html;HP 826A Тонер-картридж пурпурный;CF313A;826M
http://rashodnika.net/HP-CF300A.html;HP 827A Тонер-картридж черный;CF300A;827Bk
http://rashodnika.net/HP-CF301A.html;HP 827A Тонер-картридж голубой;CF301A;827C
http://rashodnika.net/HP-CF302A.html;HP 827A Тонер-картридж желтый;CF302A;827Y
http://rashodnika.net/HP-CF303A.html;HP 827A Тонер-картридж пурпурный;CF303A;827M
http://rashodnika.net/HP-CF358A.html;HP 828A Блок фотобарабана черный;CF358A;828Bk
http://rashodnika.net/HP-CF359A.html;HP 828A Блок фотобарабана голубой;CF359A;828C
http://rashodnika.net/HP-CF364A.html;HP 828A Блок фотобарабана желтый;CF364A;828Y
http://rashodnika.net/HP-CF365A.html;HP 828A Блок фотобарабана пурпурный;CF365A;828M
http://rashodnika.net/4_1_1_152.html;HP Тонер-картридж черный (контрактный);CE830C;
http://rashodnika.net/hp-z9m02a.html;HP Блок проявки пурпурный;Z9M02A;
http://rashodnika.net/hp-z9m03a.html;HP Блок термозакрепления, фьюзер в сборе;Z9M03A;
http://rashodnika.net/hp-z9m04a.html;HP Ролик второго переноса;Z9M04A;
http://rashodnika.net/hp-z9m05a.html;HP Блок проявки;Z9M05A;
http://rashodnika.net/hp-z9m07a.html;HP Узел термозакрепления (Печка) 200 В.;Z9M07A;
http://rashodnika.net/hp-z9m08a.html;HP Ролик переноса изображения;Z9M08A;
http://rashodnika.net/4_1_1_153.html;HP Печь в сборе 220V;CE978A;
http://rashodnika.net/4_1_1_155.html;HP Сборник отработанного тонера;CE980A;
http://rashodnika.net/HP-C2087A.html;HP Комплект обслуживания с печкой 220v;C2087A;
http://rashodnika.net/HP-Q2430A.html;НР Набор техобслуживания 220v;Q2430A;
http://rashodnika.net/HP-Q2437A.html;НР Набор техобслуживания 220v;Q2437A;
http://rashodnika.net/4_1_1_8.html;HP Тонер голубой;C3102A;
http://rashodnika.net/4_1_1_9.html;HP Тонер желтый;C3103A;
http://rashodnika.net/4_1_1_10.html;HP Тонер пурпурный;C3104A;
http://rashodnika.net/4_1_1_11.html;HP Тонер черный;C3105A;
http://rashodnika.net/4_1_1_12.html;HP Комплект тонеров;C3120A;
http://rashodnika.net/HP-Q3216A.html;НР Картридж со скрепками;Q3216A;
http://rashodnika.net/HP-Q3656A.html;HP Сервисный комплект c печкой 220v;Q3656A;
http://rashodnika.net/HP-Q3658A.html;HP Комплект переноса;Q3658A;
http://rashodnika.net/4_1_1_69.html;(C9724A) HP Комплект переноса изображения;Q3675A;
http://rashodnika.net/HP-Q3677A.html;HP (C9726A) Комплект термического закрепления 220v;Q3677A;
http://rashodnika.net/4_1_1_176.html;НР Туба с черным тонером;Q3682C;
http://rashodnika.net/HP-C3915A.html;HP Ремкомплект с печкой 220v;C3915A;
http://rashodnika.net/4_1_1_18.html;(C3106A) HP Набор роликов для C3969A;C3964A;
http://rashodnika.net/4_1_1_19.html;(C3107A) HP Блок девелопера черный;C3965A;
http://rashodnika.net/HP-C3966A.html;HP Блок девелопера цветной CMY;C3966A;
http://rashodnika.net/HP-C3967A-drum.html;HP Блок фотобарабана;C3967A;
http://rashodnika.net/4_1_1_20.html;HP Ремень переноса;C3968A;
http://rashodnika.net/4_1_1_21.html;HP Печь в сборе;C3969A;
http://rashodnika.net/HP-C3972A.html;HP Ремкомплект с печкой 220v;C3972A;
http://rashodnika.net/HP-Q3985A.html;HP Печь в сборе 220V;Q3985A;
http://rashodnika.net/HP-C4118A.html;HP Ремкомплект с печкой 220v;C4118A;
http://rashodnika.net/4_1_1_27.html;HP Тонер-картридж черный;C4149A;
http://rashodnika.net/4_1_1_28.html;HP Тонер-картридж голубой;C4150A;
http://rashodnika.net/4_1_1_29.html;HP Тонер-картридж пурпурный;C4151A;
http://rashodnika.net/4_1_1_30.html;HP Тонер-картридж желтый;C4152A;
http://rashodnika.net/4_1_1_31.html;HP Блок фотобарабана;C4153A;
http://rashodnika.net/4_1_1_32.html;HP Комплект аппарата переноса;C4154A;
http://rashodnika.net/4_1_1_33.html;HP Комплект термозакрепления;C4156A;
http://rashodnika.net/4_1_1_35.html;HP Тонер-картридж черный;C4191A;
http://rashodnika.net/4_1_1_36.html;HP Тонер-картридж голубой;C4192A;
http://rashodnika.net/4_1_1_37.html;HP Тонер-картридж пурпурный;C4193A;
http://rashodnika.net/4_1_1_38.html;HP Тонер-картридж желтый;C4194A;
http://rashodnika.net/4_1_1_39.html;HP Блок фотобарабана;C4195A;
http://rashodnika.net/4_1_1_40.html;HP Комплект аппарата переноса;C4196A;
http://rashodnika.net/4_1_1_41.html;HP Печка в сборе;C4198A;
http://rashodnika.net/HP-Q5422A.html;HP Сервисный комплект с печкой 220V;Q5422A;
http://rashodnika.net/4_1_1_185.html;НР Туба с черным тонером;Q5702C;
http://rashodnika.net/4_1_1_186.html;HP Туба с черным тонером;Q5920C;
http://rashodnika.net/4_1_1_187.html;HP Туба с голубым тонером;Q5921C;
http://rashodnika.net/4_1_1_188.html;HP Туба с желтым тонером;Q5922C;
http://rashodnika.net/4_1_1_189.html;HP Туба с пурпурным тонером;Q5923C;
http://rashodnika.net/HP-Q5997A.html;HP Сервисный комплект для автоподатчика (ADF);Q5997A;
http://rashodnika.net/HP-Q5999A.html;HP Комплект для обслуживания 220V;Q5999A;
http://rashodnika.net/HP-Q7432A.html;HP Комплект картриджей со скрепками;Q7432A;
http://rashodnika.net/4_1_1_216.html;HP Комплект термозакрепления 220V;Q7503A;
http://rashodnika.net/4_1_1_217.html;HP Комплект аппарата переноса изображений;Q7504A;
http://rashodnika.net/HP-Q7833A.html;HP Комплект для обсуживания 220v;Q7833A;
http://rashodnika.net/HP-Q7842A.html;HP Комплект автоподатчика;Q7842A;
http://rashodnika.net/HP-C4110-67928.html;HP Сервисный комплект с печкой 220V;C7854A;
http://rashodnika.net/HP-C8058A.html;HP Комплект для обслуживания с печкой 220V;C8058A;
http://rashodnika.net/4_1_1_46.html;HP Картридж со скрепками;C8091A;
http://rashodnika.net/HP-C8092A.html;HP Картридж со скрепками;C8092A;
http://rashodnika.net/4_1_1_52.html;HP Комплект для очистки изображения;C8554A;
http://rashodnika.net/4_1_1_53.html;HP Комплект переноса;C8555A;
http://rashodnika.net/4_1_1_54.html;HP Комплект термозакрепления;C8556A;
http://rashodnika.net/hp-w9000mc.html;HP Тонер-картридж черный контрактный;W9000MC;
http://rashodnika.net/hp-w9001mc.html;HP Тонер-картридж голубой контрактный;W9001MC;
http://rashodnika.net/hp-w9002mc.html;HP Тонер-картридж желтый контрактный;W9002MC;
http://rashodnika.net/hp-w9003mc.html;HP Тонер-картридж пурпурный контрактный;W9003MC;
http://rashodnika.net/hp-w9004mc.html;HP Тонер-картридж черный контрактный;W9004MC;
http://rashodnika.net/hp-w9005mc.html;HP Тонер-картридж черный контрактный;W9005MC;
http://rashodnika.net/hp-w9006mc.html;HP Блок фотобарабана контрактный;W9006MC;
http://rashodnika.net/hp-w9007mc.html;HP Емкость отработанного тонера;W9007MC;
http://rashodnika.net/hp-w9014mc.html;HP Тонер-картридж черный контрактный;W9014MC;
http://rashodnika.net/hp-w9018mc.html;HP Драм-картридж (Фотобарабан) контрактный;W9018MC;
http://rashodnika.net/hp-w9020mc.html;HP Тонер-картридж черный контрактный;W9020MC;
http://rashodnika.net/hp-w9021mc_new.html;HP Тонер-картридж голубой контрактный;W9021MC;
http://rashodnika.net/hp-w9022mc.html;HP Тонер-картридж желтый контрактный;W9022MC;
http://rashodnika.net/hp-w9023mc.html;HP Тонер-картридж пурпурный контрактный;W9023MC;
http://rashodnika.net/hp-w9025mc.html;HP Тонер-картридж черный контрактный;W9025MC;
http://rashodnika.net/hp-w9030mc.html;HP Тонер-картридж черный контрактный ;W9030MC;
http://rashodnika.net/hp-w9031mc.html;HP Тонер-картридж голубой контрактный ;W9031MC;
http://rashodnika.net/hp-w9032mc.html;HP Тонер-картридж желтый контрактный ;W9032MC;
http://rashodnika.net/hp-w9033mc.html;HP Тонер-картридж пурпурный контрактный ;W9033MC;
http://rashodnika.net/hp-w9037mc.html;HP Тонер-картридж черный контрактный;W9037MC;
http://rashodnika.net/hp-w9040mc.html;HP Тонер-картридж черный контрактный;W9040MC;
http://rashodnika.net/hp-w9041mc.html;HP Тонер-картридж голубой контрактный;W9041MC;
http://rashodnika.net/hp-w9042mc.html;HP Тонер-картридж желтый контрактный;W9042MC;
http://rashodnika.net/hp-w9043mc.html;HP Тонер-картридж пурпурный контрактный;W9043MC;
http://rashodnika.net/hp-w9044mc.html;HP Драм-картридж (Фотобарабан) контрактный;W9044MC;
http://rashodnika.net/hp-w9048mc.html;HP Емкость для отработанного тонера;W9048MC;
http://rashodnika.net/hp-w9050mc.html;HP Тонер-картридж черный контрактный;W9050MC;
http://rashodnika.net/hp-w9051mc.html;HP Тонер-картридж голубой контрактный;W9051MC;
http://rashodnika.net/hp-w9052mc.html;HP Тонер-картридж пурпурный контрактный;W9052MC;
http://rashodnika.net/hp-w9053mc.html;HP Тонер-картридж желтый контрактный;W9053MC;
http://rashodnika.net/hp-w9054mc.html;HP Блок фотобарабана черный;W9054MC;
http://rashodnika.net/hp-w9055mc.html;HP Блок фотобарабана цветной;W9055MC;
http://rashodnika.net/hp-w9058mc.html;HP Бункер для отработанного тонера;W9058MC;
http://rashodnika.net/hp-w9060mc.html;HP Тонер-картридж черный контрактный;W9060MC;
http://rashodnika.net/hp-w9061mc.html;HP Тонер-картридж голубой контрактный;W9061MC;
http://rashodnika.net/hp-w9062mc.html;HP Тонер-картридж желтый контрактный;W9062MC;
http://rashodnika.net/hp-w9063mc.html;HP Тонер-картридж пурпурный контрактный;W9063MC;
http://rashodnika.net/hp-w9100mc.html;HP Тонер-картридж черный контрактный;W9100MC;
