http://rashodnika.net/Kn000K.html;Konica Minolta 000K Девелопер черный;950412;000K
http://rashodnika.net/Kn000W.html;Konica Minolta 000W Тонер черный;000W;
http://rashodnika.net/Kn000X.html;Konica Minolta 000X Тонер черный;30380;000X
http://rashodnika.net/Kn00FB.html;Konica Minolta 00FB Фотобарабан /Drum/;30266;00FB
http://rashodnika.net/Kn00FL.html;Konica Minolta 00FL Сервисный комплект /PM Parts Kit/;5853-PM00;00FL
http://rashodnika.net/Kn00FM.html;Konica Minolta 00FM Тонер черный /Toner Cartridge/;947109;00FM
http://rashodnika.net/Kn00FP.html;Konica Minolta 00FP Девелопер черный;947106;00FP
http://rashodnika.net/Kn00KL.html;Konica Minolta 00KL Фотобарабан /Drum/;947124;00KL
http://rashodnika.net/Kn00KU.html;Konica Minolta 00KU Девелопер черный;947123;00KU
http://rashodnika.net/Kn00KW.html;Konica Minolta 00KW Тонер черный /Toner Cartridge/;30347;00KW
http://rashodnika.net/Kn00SG.html;Konica Minolta 00SG Тонер черный /Toner K/;950757;00SG
http://rashodnika.net/Kn00SH.html;Konica Minolta 00SH Девелопер черный;950754;00SH
http://rashodnika.net/Kn00SJ.html;Konica Minolta 00SJ Фотобарабан /PC Drum/;950755;00SJ
http://rashodnika.net/Kn00WM.html;Konica Minolta 00WM Девелопер черный;947436;00WM
http://rashodnika.net/Kn00WP.html;Konica Minolta 00WP Фотобарабан /Drum/;30350;00WP
http://rashodnika.net/Kn00WW.html;Konica Minolta 00WN/00WW Тонер черный /Toner K/;947435;00WW
http://rashodnika.net/Kn8931602.html;Konica Minolta MT TONER II Тонер черный;8931602;MTII
http://rashodnika.net/konica-947228.html;Konica Minolta Тонер черный;947228;00NN
http://rashodnika.net/konica-947540.html;Konica Minolta 00VN Тонер черный;947540;00VN
http://rashodnika.net/konica-947541.html;Konica Minolta 00VP Девелопер черный;947541;00VP
http://rashodnika.net/konica-947542.html;Konica Minolta Фотобарабан;947542;00VQ
http://rashodnika.net/konica-947611.html;Konica Minolta 00LF Девелопер черный;947611;00LF
http://rashodnika.net/konica-947612.html;Konica Minolta 00LE Фотобарабан ;947612;00LE
http://rashodnika.net/Kn000J.html;Konica Minolta 000J Фотобарабан;950411;000J
http://rashodnika.net/konica-950414.html;Konica Minolta 000S Тонер черный;950414;000S
http://rashodnika.net/KnA0ATWY0.html;Konica Minolta Емкость отработанного тонера /Waste Toner Box/;A0ATWY0;
http://rashodnika.net/KnA0DE0DH.html;Konica Minolta Блок проявки пурпурный /Imaging Unit M/;A0DE0DH;
http://rashodnika.net/KnA0DE0JH.html;Konica Minolta Блок проявки голубой /Imaging Unit C/;A0DE0JH;
http://rashodnika.net/KnA0DT0YA.html;Konica Minolta Емкость отработанного тонера /Waste Toner Bottle/;A0DT0YA;
http://rashodnika.net/KnA0DTWY0.html;Konica Minolta Емкость отработанного тонера /Waste Toner Bottle/;A0DTWY0;
http://rashodnika.net/KnCB0J.html;Konica Minolta CB0J Copy Kit;CB0J;
http://rashodnika.net/Kn01GA.html;Konica Minolta 01GA Тонер черный /Toner K/;30379;01GA
http://rashodnika.net/Kn01GF.html;Konica Minolta 01KG Тонер черный /Toner Cartridge/;30381;01GF
http://rashodnika.net/Kn01HL.html;Konica Minolta 01HL Тонер черный /Toner Cartridge/;30394;01HL
http://rashodnika.net/Kn01KB.html;Konica Minolta 01KB Блок фотобарабана /Drum Unit/;947158;01KB
http://rashodnika.net/Kn01KG.html;Konica Minolta 01KG Тонер-картридж /Toner Cartridge/;947159;01KG
http://rashodnika.net/Kn01KH.html;Konica Minolta 01KH Блок девелопера /Developer Unit/;947157;01KH
http://rashodnika.net/Kn01KP.html;Konica Minolta 01KP Девелопер черный;30397;01KP
http://rashodnika.net/Kn01QJ.html;Konica Minolta 01QJ Тонер черный /Toner K/;950236;01QJ
http://rashodnika.net/Kn01QK.html;Konica Minolta 01QK Девелопер черный;950237;01QK
http://rashodnika.net/Kn01QQ.html;Konica Minolta 01QQ Сервисный комплект /PM Parts Kit/;26NA-PM10;01QQ
http://rashodnika.net/Kn01QU.html;Konica Minolta 01QU Фотобарабан /Drum/;950253;01QU
http://rashodnika.net/Kn01RG.html;Konica Minolta 01RG Тонер черный /Toner K/;950665;01RG
http://rashodnika.net/Kn01SJ.html;Konica Minolta 01SJ Тонер черный /Toner K/;950638;01SJ
http://rashodnika.net/Kn01SK.html;Konica Minolta 01SK Девелопер черный;950971;01SK
http://rashodnika.net/Kn01SL.html;Konica Minolta 01SL Фотобарабан /Drum/;950641;01SL
http://rashodnika.net/Kn01WK.html;Konica Minolta 01WK Тонер черный /Toner Cartridge/;950251;01WK
http://rashodnika.net/Kn4660453.html;Konica Minolta 01XL Блок проявки черный /Imaging Unit K/;4660453;01XL
http://rashodnika.net/Kn4660553.html;Konica Minolta 01XB Блок проявки желтый /Imaging Unit Y/;4660553;01XB
http://rashodnika.net/Kn4660653.html;Konica Minolta 01XN Блок проявки пурпурный /Imaging Unit M/;4660653;01XN
http://rashodnika.net/Kn4660753.html;Konica Minolta 01XP Блок проявки голубой /Imaging Unit C/;4660753;01XP
http://rashodnika.net/Kn01ZJ.html;Konica Minolta PM601/01ZJ Сервисный комплект /PM Parts Kit/;56AA-SMP;01ZJ
http://rashodnika.net/Kn8935123.html;Konica Minolta CF TONER K1 Тонер черный;8935123;K1
http://rashodnika.net/Kn8935124.html;Konica Minolta CF TONER Y1 Тонер желтый;8935124;Y1
http://rashodnika.net/Kn8935125.html;Konica Minolta CF TONER M1 Тонер пурпурный;8935125;M1
http://rashodnika.net/Kn8935126.html;Konica Minolta CF TONER C1 Тонер голубой;8935126;C1
http://rashodnika.net/Kn8937527.html;Konica Minolta 01YA Тонер черный /Toner K/;8937527;01YA
http://rashodnika.net/Kn8937528.html;Konica Minolta 01YB Тонер желтый  /Toner Y/;8937528;01YB
http://rashodnika.net/Kn8937529.html;Konica Minolta 01YE Тонер пурпурный /Toner M/;8937529;01YE
http://rashodnika.net/Kn8937530.html;Konica Minolta 01YF Тонер голубой /Toner C/;8937530;01YF
http://rashodnika.net/konica-947625.html;Konica Minolta 001G Тонер черный;947625;001G
http://rashodnika.net/Kn9960AIOF1.html;Konica Minolta IOF1 Тонер-картридж черный  /Toner Cartridge K/;9960AIOF1;IOF1
http://rashodnika.net/KnA0FM0Y1.html;Konica Minolta Сервисный комплект 220v /Maintenance Kit/;A0FM0Y1;
http://rashodnika.net/KnA0VU0Y1.html;Konica Minolta Блок формирования изображения /Imaging Unit/;A0VU0Y1;
http://rashodnika.net/KnA0XPWY1.html;Konica Minolta Емкость отработанного тонера /Waste Toner Box/;A0XPWY1;
http://rashodnika.net/KnA1DUSMP.html;Konica Minolta Сервисный комплект /Smart Maintenance Pack/;A1DU-SMP;
http://rashodnika.net/KnA32X021.html;Konica Minolta DRP01 Фотобарабан /Drum Cartridge/;A32X021;DR-P01
http://rashodnika.net/Kn8937123.html;Konica Minolta CF TONER K2 Тонер черный;8937123;K2
http://rashodnika.net/Kn8937124.html;Konica Minolta CF TONER Y2 Тонер желтый;8937124;Y2
http://rashodnika.net/Kn8937125.html;Konica Minolta CF TONER M2 Тонер пурпурный;8937125;M2
http://rashodnika.net/Kn8937126.html;Konica Minolta CF TONER C2 Тонер голубой;8937126;C2
http://rashodnika.net/Kn8937153.html;Konica Minolta CF STARTER K2 Девелопер черный;8937153;K2 Starter
http://rashodnika.net/Kn8937154.html;Konica Minolta CF STARTER Y2 Девелопер желтый;8937154;Y2 Starter
http://rashodnika.net/Kn8937155.html;Konica Minolta CF STARTER M2 Девелопер пурпурный;8937155;M2 Starter
http://rashodnika.net/Kn8937156.html;Konica Minolta CF STARTER C2 Девелопер голубой;8937156;C2 Starter
http://rashodnika.net/Kn9960AIOF2.html;Konica Minolta IOF2 Блок фотобарабана /Drum Cartridge/;9960AIOF2;IOF2
http://rashodnika.net/KnA0FM0Y2.html;Konica Minolta Сервисный набор 220v /Maintenance Kit/;A0FM0Y2;
http://rashodnika.net/KnA148021.html;Konica Minolta FUP02 Печка в сборе /Fuser Unit/;A148021;FU-P02
http://rashodnika.net/Konica-Minolta-DV012-A88J500.html;Konica Minolta DV-012 Девелопер /Developer/;A88J500;DV-02
http://rashodnika.net/Kn003H.html;Konica Minolta 003H/PK-450 Сервисный комплект;35EF-PM00;003H
http://rashodnika.net/Kn003J.html;Konica Minolta 003J Девелопер черный;947226;003J
http://rashodnika.net/Kn003K.html;Konica Minolta 003K Тонер черный /Toner Cartridge/;H91H;003K
http://rashodnika.net/Kn4660403.html;Konica Minolta IU-K3 Блок проявки черный /Imaging Unit K/;4660403;IU-K3
http://rashodnika.net/Kn4660503.html;KONICA-MINOLTA IU-Y3 Блок проявки желтый /Imaging Unit Y/;4660503;IU-Y3
http://rashodnika.net/Kn4660603.html;Konica Minolta IU-M3 Блок проявки пурпурный /Imaging Unit M/;4660603;IU-M3
http://rashodnika.net/Kn4660703.html;Konica Minolta IU-C3 Блок проявки голубой /Imaging Unit C/;4660703;IU-C3
http://rashodnika.net/Kn8935425.html;Konica Minolta KK3D Тонер черный;8935425;KK3D
http://rashodnika.net/Kn8937423.html;Konica Minolta CF TONER K3B Тонер черный;8937423;K3B
http://rashodnika.net/Kn8937424.html;Konica Minolta CF TONER Y3B Тонер желтый;8937424;Y3B
http://rashodnika.net/Kn8937425.html;Konica Minolta CF TONER M3B Тонер пурпурный;8937425;M3B
http://rashodnika.net/Kn8937426.html;Konica Minolta CF TONER C3B Тонер голубой;8937426;C3B
http://rashodnika.net/KnA03USMP.html;Konica Minolta Сервисный комплект /Smart Maintenance Pack/;A03U-SMP;
http://rashodnika.net/KnA0DE03H.html;Konica Minolta Блок проявки черный /Imaging Unit K/;A0DE03H;
http://rashodnika.net/KnA1AU0Y1.html;Konica Minolta WBP03 Емкость отработанного тонера /Waste Toner Bottle/;A1AU0Y1;WB-P03
http://rashodnika.net/Kn04BB.html;Konica Minolta 04BB Тонер черный /Toner K/;950028;04BB
http://rashodnika.net/Kn04BE.html;Konica Minolta 04BE Тонер желтый /Toner Y/;950029;04BE
http://rashodnika.net/Kn04BF.html;Konica Minolta 04BF Тонер пурпурный /Toner M/;950030;04BF
http://rashodnika.net/Kn04BG.html;Konica Minolta 04BG Тонер голубой /Toner C/;950031;04BG
http://rashodnika.net/Kn4587403.html;Konica Minolta IU-K4 Блок фотобарабана черный /Imaging Unit K/;4587403;IU-K4
http://rashodnika.net/Kn4587503.html;Konica Minolta IU-Y4 Блок фотобарабана желтый /Imaging Unit Y/;4587503;IU-Y4
http://rashodnika.net/Kn4587603.html;Konica Minolta IU-M4 Блок фотобарабана пурпурный /Imaging Unit M/;4587603;IU-M4
http://rashodnika.net/Kn4587703.html;Konica Minolta IU-C4 Блок фотобарабана голубой /Imaging Unit C/;4587703;IU-C4
http://rashodnika.net/Kn8935426.html;Konica Minolta KK4H Тонер желтый;8935426;KK4H
http://rashodnika.net/Kn8937909.html;Konica Minolta CF TONER K4B Тонер-картридж черный;8937909;K4B
http://rashodnika.net/Kn8937920.html;Konica Minolta CF TONER Y4B Тонер-картридж желтый;8937920;Y4B
http://rashodnika.net/Kn8937921.html;Konica Minolta CF TONER M4B Тонер-картридж пурпурный;8937921;M4B
http://rashodnika.net/Kn8937922.html;Konica Minolta CF TONER C4B Тонер-картридж голубой;8937922;C4B
http://rashodnika.net/KnA1480Y2.html;Konica Minolta TFP04 Ролик переноса изображения /Transfer Roller/;A1480Y2;TF-P04
http://rashodnika.net/KnA4EVSMP.html;Konica Minolta Сервисный комплект /Smart Maintance Pack/;A4EV-SMP;
http://rashodnika.net/KnA4EWSMP.html;Konica Minolta Сервисный комплект /PM Parts Kit/;A4EW-SMP;
http://rashodnika.net/Kn005J.html;Konica Minolta 005J Принт-картридж /Toner Cartridge/;950704;005J
http://rashodnika.net/Kn8935427.html;Konica Minolta KK5A Тонер пурпурный;8935427;KK5A
http://rashodnika.net/Kn8937837.html;Konica Minolta TN-501K/CF TONER K5A Тонер черный;8937837;K5A
http://rashodnika.net/Kn8937838.html;Konica Minolta TN-501Y/CF TONER Y5A Тонер желтый;8937838;Y5A
http://rashodnika.net/Kn8937839.html;Konica Minolta TN-501M/CF TONER M5A Тонер пурпурный;8937839;M5A
http://rashodnika.net/Kn8937840.html;Konica Minolta TN-501C/CF TONER C5A Тонер голубой;8937840;C5A
http://rashodnika.net/KnA1480Y1.html;Konica Minolta TFP05 Ремень переноса изображения /Transfer Belt Unit/;A1480Y1;TF-P05
http://rashodnika.net/KnA4Y5W21.html;Konica Minolta FUP05 Печка в сборе /Fuser Unit/;A4Y5W21;FU-P05
http://rashodnika.net/Kn006G.html;Konica Minolta 006G Тонер черный /Toner K/;950787;006G
http://rashodnika.net/Kn8935428.html;Konica Minolta KK6R Тонер голубой;8935428;KK6R
http://rashodnika.net/KnA0G6SMP.html;Konica Minolta Сервисный комплект /PM Parts Kit/;A0G6-SMP;
http://rashodnika.net/KnA148022.html;Konica Minolta FUP06 Печка в сборе /Fuser Unit/;A148022;FU-P06
http://rashodnika.net/KnA4Y5WY3.html;Konica Minolta TFP06 Ролик переноса /Transfer Roller/;A4Y5WY3;TF-P06
http://rashodnika.net/KnA0DE07H.html;Konica Minolta Блок проявки желтый /Imaging Unit Y/;A0DE07H;
http://rashodnika.net/KnA4Y5WY2.html;Konica Minolta TFP07 Блок ремня переноса /Transfer Belt Unit/;A4Y5WY2;TF-P07
http://rashodnika.net/Kn02UG.html;Konica Minolta DV010 Девелопер черный;02UG;DV-010
http://rashodnika.net/Kn02UH.html;Konica Minolta DR010 Фотобарабан /Drum/;02UH;DR-010
http://rashodnika.net/KnA0YT051.html;Konica Minolta TN010 Тонер-картридж черный /Toner Cartridge K/;A0YT051;TN-010
http://rashodnika.net/Kn1710490001.html;Konica Minolta TN11K Тонер-картридж черный;1710490-001;TN-11K
http://rashodnika.net/Kn1710490002.html;Konica Minolta TN11Y Тонер-картридж желтый;1710490-002;TN-11Y
http://rashodnika.net/Kn1710490003.html;Konica Minolta TN11M Тонер-картридж пурпурный;1710490-003;TN-11M
http://rashodnika.net/Kn1710490004.html;Konica Minolta TN11C Тонер-картридж голубой;1710490-004;TN-11C
http://rashodnika.net/KnA0TH050.html;Konica Minolta TN011 Тонер-картридж черный /Toner Cartridge K/;A0TH050;TN-011
http://rashodnika.net/KnA0TH500.html;Konica Minolta DV-011 Девелопер /Developer/;A0TH500;DV-011
http://rashodnika.net/KnA0THP10.html;Konica Minolta DR011 Фотобарабан /Drum/;A0THP10;DR-011
http://rashodnika.net/KnA00W012.html;Konica Minolta Комплект цветных тонер-картриджей;A00W012;
http://rashodnika.net/KnA0WG03H.html;Konica Minolta IUP12K Блок формирования изображения черный /Imaging Unit K/;A0WG03H;IUP-12K
http://rashodnika.net/KnA0WG08H.html;Konica Minolta IUP12Y Блок формирования изображения желтый /Imaging Unit Y/;A0WG08H;IUP-12Y
http://rashodnika.net/KnA0WG0EH.html;Konica Minolta IUP12M Блок формирования изображения пурпурный /Imaging Unit M/;A0WG0EH;IUP-12M
http://rashodnika.net/KnA0WG0KH.html;Konica Minolta IUP12C Блок формирования изображения голубой /Imaging Unit C/;A0WG0KH;IUP-12C
http://rashodnika.net/KnA3VVP00.html;Konica Minolta DR012 Фотобарабан /Drum/;A3VVP00;DR-012
http://rashodnika.net/KnA0WG03J.html;Konica Minolta IUP14K Блок формирования изображения черный /Imaging Unit Y/;A0WG03J;IUP-14K
http://rashodnika.net/KnA0WG08J.html;Konica Minolta IUP14Y Блок формирования изображения желтый /Imaging Unit Y/;A0WG08J;IUP-14Y
http://rashodnika.net/KnA0WG0EJ.html;Konica Minolta IUP14M Блок формирования изображения пурпурный /Imaging Unit M/;A0WG0EJ;IUP-14M
http://rashodnika.net/KnA0WG0KJ.html;Konica Minolta IUP14C Блок формирования изображения голубой /Imaging Unit C/;A0WG0KJ;IUP-14C
http://rashodnika.net/KnA3VV150.html;Konica Minolta TN014K Тонер-картридж черный /Toner Cartridge K/;A3VV150;TN-014K
http://rashodnika.net/KnA3VV151.html;Konica Minolta TN015 Тонер-картридж черный /Toner Cartridge K/;A3VV151;TN-015
http://rashodnika.net/KnA63X03V.html;Konica Minolta IUP16 Блок фотобарабана UAR /Imaging Unit UAR/;A63X03V;IUP-16
http://rashodnika.net/Konica-Minolta-A88J150.html;Konica Minolta TN-016 Тонер-картридж /Toner K/;A88J150;TN-016
http://rashodnika.net/KnA63X03W.html;Konica Minolta IUP17 Блок фотобарабана /Imaging Unit/;A63X03W;IUP-17
http://rashodnika.net/KnA0X5150.html;Konica Minolta TNP18M Тонер-картридж черный 6000 стр. /Toner Cartridge K/;A0X5150;TNP-18K
http://rashodnika.net/KnA0X5250.html;Konica Minolta TNP18M Тонер-картридж желтый 6000 стр. /Toner Cartridge Y/;A0X5250;TNP-18Y
http://rashodnika.net/KnA0X5350.html;Konica Minolta TNP18M Тонер-картридж пурпурный 6000 стр. /Toner Cartridge M/;A0X5350;TNP-18M
http://rashodnika.net/KnA0X5450.html;Konica Minolta TNP18C Тонер-картридж голубой 6000 стр. /Toner Cartridge C/;A0X5450;TNP-18C
http://rashodnika.net/KnA6W903V.html;Konica Minolta IUP18 Блок фотобарабана UAR /Imaging Unit UAR/;A6W903V;IUP-18
http://rashodnika.net/KnA0X5151.html;Konica Minolta TNP19K Тонер-картридж черный 4000 стр. /Toner Cartridge K/;A0X5151;TNP-19K
http://rashodnika.net/KnA0X5251.html;Konica Minolta TNP19Y Тонер-картридж желтый 4000 стр. /Toner Cartridge Y/;A0X5251;TNP-19Y
http://rashodnika.net/KnA0X5351.html;Konica Minolta TNP19M Тонер-картридж пурпурный 4000 стр. /Toner Cartridge M/;A0X5351;TNP-19M
http://rashodnika.net/KnA0X5451.html;Konica Minolta TNP19C Тонер-картридж голубой 4000 стр. /Toner Cartridge C/;A0X5451;TNP-19C
http://rashodnika.net/KnA6W903W.html;Konica Minolta IUP19 Блок фотобарабана /Imaging Unit/;A6W903W;IUP-19
http://rashodnika.net/KnA0WG02H.html;Konica Minolta TNP20K Тонер-картридж черный 5000 стр. /Toner Cartridge K/;A0WG02H;TNP-20K
http://rashodnika.net/KnA0WG07H.html;Konica Minolta TNP20Y Тонер-картридж желтый 5000 стр. /Toner Cartridge Y/;A0WG07H;TNP-20Y
http://rashodnika.net/KnA0WG0DH.html;Konica Minolta TNP20M Тонер-картридж пурпурный 5000 стр. /Toner Cartridge M/;A0WG0DH;TNP-20M
http://rashodnika.net/KnA0WG0JH.html;Konica Minolta TNP20C Тонер-картридж голубой 5000 стр. /Toner Cartridge C/;A0WG0JH;TNP-20C
http://rashodnika.net/KnA6VM03V.html;Konica Minolta IUP20 Блок фотобарабана UAR /Imaging Unit UAR/;A6VM03V;IUP-20
http://rashodnika.net/KnA0FN021.html;Konica Minolta Тонер-картридж черный 10000 стр. /Toner Cartridge K/;A0FN021;
http://rashodnika.net/KnA0FP021.html;Konica Minolta Тонер-картридж черный 11000 стр. /Toner Cartridge K/;A0FP021;
http://rashodnika.net/KnA0WG01H.html;Konica Minolta TNP21K Тонер-картридж черный 3000 стр. /Toner Cartridge K/;A0WG01H;TNP-21K
http://rashodnika.net/KnA0WG06H.html;Konica Minolta TNP21Y Тонер-картридж желтый 3000 стр. /Toner Cartridge Y/;A0WG06H;TNP-21Y
http://rashodnika.net/KnA0WG0CH.html;Konica Minolta TNP21M Тонер-картридж пурпурный 3000 стр. /Toner Cartridge M/;A0WG0CH;TNP-21M
http://rashodnika.net/KnA0WG0HH.html;Konica Minolta TNP21C Тонер-картридж голубой 3000 стр. /Toner Cartridge C/;A0WG0HH;TNP-21C
http://rashodnika.net/KnA6VM03W.html;Konica Minolta IUP21 Блок фотобарабана /Imaging Unit/;A6VM03W;IUP-21
http://rashodnika.net/KnA0FN022.html;Konica Minolta Тонер-картридж черный 18000 стр. /Toner Cartridge K/;A0FN022;
http://rashodnika.net/KnA0FP022.html;Konica Minolta Тонер-картридж черный 19000 стр. /Toner Cartridge K/;A0FP022;
http://rashodnika.net/KnA0X5152.html;Konica Minolta TNP22K Тонер-картридж черный /Toner Cartridge K/;A0X5152;TNP-22K
http://rashodnika.net/KnA0X5252.html;Konica Minolta TNP22Y Тонер-картридж желтый /Toner Cartridge Y/;A0X5252;TNP-22Y
http://rashodnika.net/KnA0X5352.html;Konica Minolta TNP22M Тонер-картридж пурпурный /Toner Cartridge M/;A0X5352;TNP-22M
http://rashodnika.net/KnA0X5452.html;Konica Minolta TNP22C Тонер-картридж голубой /Toner Cartridge С/;A0X5452;TNP-22C
http://rashodnika.net/KnA3GP01D.html;Konica Minolta IUP22K Блок проявки черный /Imaging Unit K/;A3GP01D;IUP-22K
http://rashodnika.net/KnA3GP06D.html;Konica Minolta IUP22Y Блок проявки желтый /Imaging Unit Y/;A3GP06D;IUP-22Y
http://rashodnika.net/KnA3GP0CD.html;Konica Minolta IUP22M Блок проявки пурпурный /Imaging Unit M/;A3GP0CD;IUP-22M
http://rashodnika.net/KnA3GP0HD.html;Konica Minolta IUP22C Блок проявки голубой /Imaging Unit C/;A3GP0HD;IUP-22C
http://rashodnika.net/KnA73303H.html;Konica Minolta IUP23K Блок проявки черный /Imaging Unit K/;A73303H;IUP-23K
http://rashodnika.net/KnA73308H.html;Konica Minolta IUP23Y Блок проявки желтый /Imaging Unit Y/;A73308H;IUP-23Y
http://rashodnika.net/KnA7330EH.html;Konica Minolta IUP23M Блок проявки пурпурный /Imaging Unit M/;A7330EH;IUP-23M
http://rashodnika.net/KnA7330KH.html;Konica Minolta IUP23C Блок проявки голубой /Imaging Unit C/;A7330KH;IUP-23C
http://rashodnika.net/KnA32W021.html;Konica Minolta TNP24K Тонер-картридж черный /Toner Cartridge K/;A32W021;TNP-24K
http://rashodnika.net/KnA0X5153.html;Konica Minolta TNP27K Тонер-картридж черный /Toner Cartridge K/;A0X5153;TNP-27K
http://rashodnika.net/KnA0X5253.html;Konica Minolta TNP27Y Тонер-картридж желтый /Toner Cartridge Y/;A0X5253;TNP-27Y
http://rashodnika.net/KnA0X5353.html;Konica Minolta TNP27M Тонер-картридж пурпурный /Toner Cartridge M/;A0X5353;TNP-27M
http://rashodnika.net/KnA0X5453.html;Konica Minolta TNP27C Тонер-картридж голубой /Toner Cartridge C/;A0X5453;TNP-27C
http://rashodnika.net/KnA0V30AH.html;Konica Minolta Тонер-картридж пурпурный 1500 стр. /Toner Cartridge M/;A0V30AH;
http://rashodnika.net/KnA0V30CH.html;Konica Minolta Тонер-картридж пурпурный 2500 стр. /Toner Cartridge M/;A0V30CH;
http://rashodnika.net/KnA0V30GH.html;Konica Minolta Тонер-картридж голубой 1500 стр. /Toner Cartridge C/;A0V30GH;
http://rashodnika.net/KnA0V30HH.html;Konica Minolta Тонер-картридж голубой 2500 стр. /Toner Cartridge C/;A0V30HH;
http://rashodnika.net/KnA0V30NH.html;Konica Minolta Компелкт цветных тонер-картриджей /Toner Value Pack (CMY)/;A0V30NH;
http://rashodnika.net/KnA63T01H.html;Konica Minolta TNP34 Тонер-картридж UAR /Toner Cartridge UAR/;A63T01H;TNP-34
http://rashodnika.net/KnA63W01H.html;Konica Minolta TNP35 Тонер-картридж UAR /Toner Cartridge UAR/;A63W01H;TNP-35
http://rashodnika.net/KnA63V00H.html;Konica Minolta TNP36 Тонер-картридж UAR /Toner Cartridge UAR/;A63V00H;TNP-36
http://rashodnika.net/KnA63T01W.html;Konica Minolta TNP37 Тонер-картридж /Toner Cartridge/;A63T01W;TNP-37
http://rashodnika.net/KnA63W01W.html;Konica Minolta TNP38 Тонер-картридж /Toner Cartridge/;A63W01W;TNP-38
http://rashodnika.net/KnA63V00W.html;Konica Minolta TNP39 Тонер-картридж /Toner Cartridge/;A63V00W;TNP-39
http://rashodnika.net/KnA6WN01H.html;Konica Minolta TNP40 Тонер-картридж UAR /Toner Cartridge UAR/;A6WN01H;TNP-40
http://rashodnika.net/KnA6WT00H.html;Konica Minolta TNP41 Тонер-картридж UAR /Toner Cartridge UAR/;A6WT00H;TNP-41
http://rashodnika.net/KnA6WN01W.html;Konica Minolta TNP42 Тонер-картридж /Toner Cartridge/;A6WN01W;TNP-42
http://rashodnika.net/Kn9967000909.html;Konica Minolta IC43 Тонер-картридж /Toner Cartridge/;9967000909;IC-43
http://rashodnika.net/KnA6WT00W.html;Konica Minolta TNP43 Тонер-картридж /Toner Cartridge/;A6WT00W;TNP-43
http://rashodnika.net/KnA6VK01H.html;Konica Minolta TNP44 Тонер-картридж UAR /Toner Cartridge UAR/;A6VK01H;TNP-44
http://rashodnika.net/KnA6VK01W.html;Konica Minolta TNP46 Тонер-картридж /Toner Cartridge/;A6VK01W;TNP-46
http://rashodnika.net/KnA5X0150.html;Konica Minolta TNP48K Тонер-картридж черный /Toner Cartridge K/;A5X0150;TNP-48K
http://rashodnika.net/KnA5X0250.html;Konica Minolta TNP48Y Тонер-картридж желтый /Toner Cartridge Y/;A5X0250;TNP-48Y
http://rashodnika.net/KnA5X0350.html;Konica Minolta TNP48M Тонер-картридж пурпурный /Toner Cartridge M/;A5X0350;TNP-48M
http://rashodnika.net/KnA5X0450.html;Konica Minolta TNP48C Тонер-картридж голубой /Toner Cartridge C/;A5X0450;TNP-48C
http://rashodnika.net/KnA0X5154.html;Konica Minolta TNP50K Тонер-картридж черный /Toner Cartridge K/;A0X5154;TNP-50K
http://rashodnika.net/KnA0X5254.html;Konica Minolta TNP50Y Тонер-картридж желтый /Toner Cartridge Y/;A0X5254;TNP-50Y
http://rashodnika.net/KnA0X5354.html;Konica Minolta TNP50M Тонер-картридж пурпурный /Toner Cartridge M/;A0X5354;TNP-50M
http://rashodnika.net/KnA0X5454.html;Konica Minolta TNP50C Тонер-картридж голубой /Toner Cartridge C/;A0X5454;TNP-50C
http://rashodnika.net/KnA0DKJ51.html;Konica Minolta Комплект цветных тонер-картриджей 4000 стр. /Toner Value Kit (CMY)/;A0DKJ51;
http://rashodnika.net/KnA0X5155.html;Konica Minolta TNP51K Тонер-картридж черный /Toner Cartridge K/;A0X5155;TNP-51K
http://rashodnika.net/KnA0X5255.html;Konica Minolta TNP51Y Тонер-картридж желтый /Toner Cartridge Y/;A0X5255;TNP-51Y
http://rashodnika.net/KnA0X5355.html;Konica Minolta TNP51M Тонер-картридж пурпурный /Toner Cartridge M/;A0X5355;TNP-51M
http://rashodnika.net/KnA0X5455.html;Konica Minolta TNP51C Тонер-картридж голубой /Toner Cartridge C/;A0X5455;TNP-51C
http://rashodnika.net/KnA0DKJ52.html;Konica Minolta Комплект цветных тонер-картриджей 8000 стр. /Toner Value Kit (CMY)/;A0DKJ52;
http://rashodnika.net/Kn56Q%D0%90SMP.html;Konica Minolta Сервисный комплект /PM Parts Kit/;56GA-SMP;
http://rashodnika.net/Kn56QASMP.html;Konica Minolta Сервисный комплект /PM Parts Kit/;56QA-SMP;
http://rashodnika.net/Kn57GAPMSMP.html;Konica Minolta Сервисный комплект /PM Parts Kit/;57GA-PM-SMP;
http://rashodnika.net/Kn65AFPMSMP.html;Konica Minolta Сервисный комплект /PM Parts Kit/;65AF-PM-SMP;
http://rashodnika.net/Kn11390292.html;Konica Minolta PHOTOCONDUCTOR 101 Фотобарабан;11390292;101 Drum
http://rashodnika.net/Kn20EH.html;Konica Minolta DU-101 Блок фотобарабана;20EH;DU-101
http://rashodnika.net/Kn4153104.html;Konica Minolta IC101B Тонер-картридж /Toner Cartridge/;4153104;IC-101B
http://rashodnika.net/Kn8932404.html;Konica Minolta MT TONER 101B Тонер черный;8932404;101B
http://rashodnika.net/Kn8937732.html;Konica Minolta TN101K Тонер черный /Toner K/;8937732;TN-101K
http://rashodnika.net/KnA162WY2.html;Konica Minolta WX101 Емкость отработанного тонера / Waste Toner Container/;A162WY2;WX-101
http://rashodnika.net/Kn4518892.html;Konica Minolta TN102K Тонер-картридж черный /Toner Cartridge K/;4518892;TN-102K
http://rashodnika.net/Kn8935204.html;Konica Minolta MT TONER 102B Тонер черный;8935204;102B
http://rashodnika.net/Kn8935215.html;Konica Minolta MT STARTER 102 Девелопер черный;8935215;102 Starter
http://rashodnika.net/KnA0400Y4.html;Konica Minolta DU102C Фотобарабан /Drum Unit/;A0400Y4;DU-102C
http://rashodnika.net/KnA2WYWY1.html;Konica Minolta WX-102 Емкость отработанного тонера /Waster Toner Box/;A2WYWY1;WX-102
http://rashodnika.net/Kn4601300.html;Konica Minolta IU103 Блок фотобарабана /Imaging Unit/;4601300;IU-103
http://rashodnika.net/Kn8935804.html;Konica Minolta MT TONER 103B Тонер черный;8935804;103B
http://rashodnika.net/Kn8935814.html;Konica Minolta MT STARTER 103B/103A Девелопер;8935814;103B Starter
http://rashodnika.net/KnA22C0Y1.html;Konica Minolta DU103 Блок фотобарабана /Drum Unit CMYK/;A22C0Y1;DU-103
http://rashodnika.net/KnA4NNWY1.html;Konica Minolta WX-103 Емкость отработанного тонера /Waste Toner Box/;A4NNWY3;WX-103
http://rashodnika.net/Kn4618200.html;Konica Minolta IU104 Блок фотобарабана /Imaging Unit/;4618200;IU-104
http://rashodnika.net/Kn8936214.html;Konica Minolta MT STARTER 104 Девелопер;8936214;104 Starter
http://rashodnika.net/Kn8936304.html;Konica Minolta MT TONER 104B Тонер черный;8936304;MT-104B
http://rashodnika.net/KnA2VG0Y0.html;Konica Minolta DU104 Блок фотобарабана /Drum Unit CMYK/;A2VG0Y0;DU-104
http://rashodnika.net/KnA7XWWY2.html;Konica Minolta WX-104 Емкость отработанного тонера /Waste Toner Box/;A7XWWY2;WX-104
http://rashodnika.net/Kn11770292.html;Konica Minolta PHOTOCONDUCTOR 105 Фотобарабан /PC Drum/;11770292;105 Drum
http://rashodnika.net/Kn8936604.html;Konica Minolta MT TONER 105B/105A Тонер черный;8936604;105B
http://rashodnika.net/Kn8936617.html;Konica Minolta MT STARTER 105 Девелопер;8936617;105 Starter
http://rashodnika.net/KnA5WH0Y0.html;Konica Minolta DU105 Блок фотобарабана /Drum Unit CMYK/;A5WH0Y0;DU-105
http://rashodnika.net/KnA8JJWY1.html;Konica Minolta WX-105 Бункер для отработанного тонера /Waste Toner Box/;A8JJWY1;WX-105
http://rashodnika.net/KnA5WJ0Y0.html;Konica Minolta DU106 Блок фотобарабана /Drum Unit/;A5WJ0Y0;DU-106
http://rashodnika.net/KnA6DY0Y1.html;Konica Minolta DU107 Фотобарабан /Drum/;A6DY0Y1;DU-107
http://rashodnika.net/konica-minolta-wx-107.html;Konica Minolta Бункер для отработанного тонера WX-107;AAVAWY1;WX-107
http://rashodnika.net/Kn9961000251.html;Konica Minolta TN109 Тонер-картридж /Toner Cartridge K/;9961000251;TN-109
http://rashodnika.net/Kn8936493.html;Konica Minolta DV110 Девелопер /Developer/;8936493;DV-110
http://rashodnika.net/Kn9967000420.html;Konica Minolta TN110 Тонер-картридж /Toner Cartridge/;9967000420;TN-110
http://rashodnika.net/Kn4518601.html;Konica Minolta TN113 Тонер-картридж /Toner Cartridge/;4518601;TN-113
http://rashodnika.net/Kn4519601.html;Konica Minolta DR113 Блок фотобарабана /Drum Cartridge/;4519601;DR-113
http://rashodnika.net/Kn4021029701.html;Konica Minolta DR114 Фотобарабан /Drum/;4021029701;DR-114
http://rashodnika.net/Kn8937784.html;Konica Minolta TN114 Тонер черный /Toner K/;8937784;TN-114
http://rashodnika.net/KnA1UC050.html;Konica Minolta TN116 Тонер-картридж (2 тубы) /Toner Cartridge/;A1UC050;TN-116
http://rashodnika.net/KnA1UC550.html;Konica Minolta DV116 Девелопер /Developer/;A1UC550;DV-116
http://rashodnika.net/KnA3VW050.html;Konica Minolta TN118 Тонер-картридж (2 тубы) ;A3VW050;TN-118
http://rashodnika.net/Kn9967000777.html;Konica Minolta TN120 Тонер-картридж /Toner Cartridge/;9967000777;TN-120
http://rashodnika.net/Kn9967000443.html;Konica Minolta DR110/120 Блок фотобарабана /Drum Cartridge/;9967000924;DR-120
http://rashodnika.net/KnA00W131.html;Konica Minolta Тонер-картридж желтый 1500 стр. /Toner Cartridge Y/;A00W131;
http://rashodnika.net/KnA00W132.html;Konica Minolta Тонер-картридж желтый 4500 стр. /Toner Cartridge Y/;A00W132;
http://rashodnika.net/KnA0DK151.html;Konica Minolta Тонер-картридж черный 4000 стр. /Toner cartridge K/;A0DK151;
http://rashodnika.net/KnA0DK152.html;Konica Minolta Тонер-картридж черный 8000 стр. /Toner cartridge K/;A0DK152;
http://rashodnika.net/Kn11360293.html;Konica Minolta Фотобарабан 201B;11360293;201 dr
http://rashodnika.net/Kn4163613.html;Konica Minolta IU201B Блок формирования изображения /Imaging Unit/;4163613;IU-201B
http://rashodnika.net/Kn8932304.html;Konica Minolta Тонер 201B черный;8932304;201 toner
http://rashodnika.net/Kn8932314.html;Konica Minolta Девелопер 201 черный;8932314;201 dv
http://rashodnika.net/Kn11490292.html;Konica Minolta PHOTOCONDUCTOR 202 Фотобарабан;11490292;202 Drum
http://rashodnika.net/Kn8935304.html;Konica Minolta MT TONER 202B Тонер черный;8935304;202B
http://rashodnika.net/Kn8936204.html;Konica Minolta MT TONER 204B Тонер черный;8936204;204B
http://rashodnika.net/Kn8937755.html;Konica Minolta MT TONER 205B/205A Тонер черный;8937755;205B
http://rashodnika.net/Kn4062203.html;Konica Minolta IU210K Блок проявки черный /Imaging Unit K/;4062203;IU-210K
http://rashodnika.net/Kn4062303.html;Konica Minolta IU210Y Блок проявки желтый /Imaging Unit Y/;4062303;IU-210Y
http://rashodnika.net/Kn4062403.html;Konica Minolta IU210M Блок проявки пурпурный /Imaging Unit M/;4062403;IU-210M
http://rashodnika.net/Kn4062503.html;Konica Minolta IU210C Блок проявки голубой /Imaging Unit C/;4062503;IU-210C
http://rashodnika.net/Kn8938509.html;Konica Minolta TN210K Тонер черный /Toner K/;8938509;TN-210K
http://rashodnika.net/Kn8938510.html;Konica Minolta TN210Y Тонер желтый /Toner Y/;8938510;TN-210Y
http://rashodnika.net/Kn8938511.html;Konica Minolta TN210M Тонер пурпурный /Toner M/;8938511;TN-210M
http://rashodnika.net/Kn8938512.html;Konica Minolta TN210C Тонер голубой TN210C /Toner C/;8938512;TN-210C
http://rashodnika.net/Kn8938415.html;Konica Minolta TN211 Тонер черный /Toner K/;8938415;TN-211
http://rashodnika.net/KnA0DE02F.html;Konica Minolta IU211K Блок проявки черный /Imaging Unit K/;A0DE02F;IU-211K
http://rashodnika.net/KnA0DE06F.html;Konica Minolta IU211Y Блок проявки желтый /Imaging Unit Y/;A0DE06F;IU-211Y
http://rashodnika.net/KnA0DE0CF.html;Konica Minolta IU211M Блок проявки пурпурный /Imaging Unit M/;A0DE0CF;IU-211M
http://rashodnika.net/KnA0DE0HF.html;Konica Minolta IU211C Блок проявки голубой /Imaging Unit C/;A0DE0HF;IU-211C
http://rashodnika.net/Kn9967002119.html;Konica Minolta DR212 Барабан-картридж /Drum Cartridge/;9967002119;DR-212
http://rashodnika.net/KnA00W172.html;Konica Minolta TN212Y Тонер-картридж желтый /Toner cartridge Y/;A00W172;TN-212Y
http://rashodnika.net/KnA00W272.html;Konica Minolta TN212M Тонер-картридж пурпурный /Toner cartridge M/;A00W272;TN-212M
http://rashodnika.net/KnA00W372.html;Konica Minolta TN212C Тонер-картридж голубой /Toner cartridge C/;A00W372;TN-212C
http://rashodnika.net/KnA00W472.html;Konica Minolta TN212K Тонер-картридж черный /Toner cartridge K/;A00W472;TN-212K
http://rashodnika.net/KnA0DE01F.html;Konica Minolta IU212K Блок проявки черный /Imaging Unit K/;A0DE01F;IU-212K
http://rashodnika.net/KnA0DE05F.html;Konica Minolta IU212Y Блок проявки желтый /Imaging Unit Y/;A0DE05F;IU-212Y
http://rashodnika.net/KnA0DE0AF.html;Konica Minolta IU212M Блок проявки пурпурный /Imaging Unit M/;A0DE0AF;IU-212M
http://rashodnika.net/KnA0DE0GF.html;Konica Minolta IU212C Блок проявки голубой /Imaging Unit C/;A0DE0GF;IU-212C
http://rashodnika.net/KnA0D7152.html;Konica Minolta TN213K Тонер-картридж черный /Toner Cartridge K/;A0D7152;TN-213K
http://rashodnika.net/KnA0D7252.html;Konica Minolta TN213Y Тонер-картридж желтый /Toner Cartridge Y/;A0D7252;TN-213Y
http://rashodnika.net/KnA0D7352.html;Konica Minolta TN213M Тонер-картридж пурпурный /Toner Cartridge M/;A0D7352;TN-213M
http://rashodnika.net/KnA0D7452.html;Konica Minolta TN213C Тонер-картридж голубой /Toner Cartridge C/;A0D7452;TN-213C
http://rashodnika.net/KnA0D7154.html;Konica Minolta TN214K Тонер-картридж черный /Toner Cartridge K/;A0D7154;TN-214K
http://rashodnika.net/KnA0D7254.html;Konica Minolta TN214Y Тонер-картридж желтый /Toner Cartridge Y/;A0D7254;TN-214Y
http://rashodnika.net/KnA0D7354.html;Konica Minolta TN214M Тонер-картридж пурпурный /Toner Cartridge M/;A0D7354;TN-214M
http://rashodnika.net/KnA0D7454.html;Konica Minolta TN214C Тонер-картридж голубой /Toner Cartridge C/;A0D7454;TN-214C
http://rashodnika.net/KnA85Y03D.html;Konica Minolta DV-214K Блок девелопера черный /Developing Unit K/;A85Y03D;DV-214K
http://rashodnika.net/KnA85Y08D.html;Konica Minolta IU-214Y Блок проявки желтый /Imaging Unit Y/;A85Y08D;IU-214Y
http://rashodnika.net/KnA85Y0ED.html;Konica Minolta IU-214M Блок проявки пурпурный /Imaging Unit M/;A85Y0ED;IU-214M
http://rashodnika.net/KnA85Y0KD.html;Konica Minolta IU-214C Блок проявки голубой /Imaging Unit C/;A85Y0KD;IU-214C
http://rashodnika.net/KnA85Y0RD.html;Konica Minolta DR-214K Блок фотобарабана черный /Drum Unit K/;A85Y0RD;DR-214K
http://rashodnika.net/KnA11G151.html;Konica Minolta TN216K Тонер-картридж черный /Toner Cartridge K/;A11G151;TN-216K
http://rashodnika.net/KnA11G251.html;Konica Minolta TN216Y Тонер-картридж желтый /Toner Cartridge Y/;A11G251;TN-216Y
http://rashodnika.net/KnA11G351.html;Konica Minolta TN216M Тонер-картридж пурпурный /Toner Cartridge M/;A11G351;TN-216M
http://rashodnika.net/KnA11G451.html;Konica Minolta TN216C Тонер-картридж голубой /Toner Cartridge C/;A11G451;TN-216C
http://rashodnika.net/KnA202051.html;Konica Minolta TN217 Тонер-картридж /Toner Cartridge/;A202051;TN-217
http://rashodnika.net/Kn9967002118.html;Konica Minolta TN219 Тонер-картридж /Toner Cartridge K/;9967002118;TN-219
http://rashodnika.net/KnA8K3150.html;Konica Minolta TN-221K Тонер-картридж черный /Toner K/;A8K3150;TN-221K
http://rashodnika.net/KnA8K3250.html;Konica Minolta TN-221Y Тонер-картридж желтый /Toner Y/;A8K3250;TN-221Y
http://rashodnika.net/KnA8K3350.html;Konica Minolta TN-221M Тонер-картридж пурпурный /Toner M/;A8K3350;TN-221M
http://rashodnika.net/KnA8K3450.html;Konica Minolta TN-221C Тонер-картридж голубой /Toner C/;A8K3450;TN-221C
http://rashodnika.net/Konica-Minolta-A98R050.html;Konica Minolta TN-222 Тонер-картридж черный;A98R050;TN-222
http://rashodnika.net/KnA00W231.html;Konica Minolta Тонер-картридж пурпурный 1500 стр. /Toner Cartridge M/;A00W231;
http://rashodnika.net/KnA00W232.html;Konica Minolta Тонер-картридж пурпурный 4500 стр. /Toner Cartridge M/;A00W232;
http://rashodnika.net/KnA0DK251.html;Konica Minolta Тонер-картридж желтый 4000 стр. /Toner cartridge Y/;A0DK251;
http://rashodnika.net/KnA0DK252.html;Konica Minolta Тонер-картридж желтый 8000 стр. /Toner cartridge Y/;A0DK252;
http://rashodnika.net/Kn017K.html;Konica Minolta DV301K Девелопер черный;017K;DV-301K
http://rashodnika.net/Kn017Q.html;Konica Minolta TN301K Тонер черный /Toner Cartridge/;017Q;TN-301K
http://rashodnika.net/Kn02TF.html;Konica Minolta DR301 Фотобарабан /Drum/;02TF;DR-301
http://rashodnika.net/Kn4163603.html;Konica Minolta IU301B Блок фотобарабана /Imaging Unit/;4163603;IU-301B
http://rashodnika.net/Kn4587453.html;Konica Minolta IU301K Блок проявки черный /Imaging Unit K/;4587453;IU-301K
http://rashodnika.net/Kn4587553.html;Konica Minolta IU301Y Блок проявки желтый /Imaging Unit Y/;4587553;IU-301Y
http://rashodnika.net/Kn4587653.html;Konica Minolta IU301M Блок проявки пурпурный /Imaging Unit M/;4587653;IU-301M
http://rashodnika.net/Kn4587753.html;Konica Minolta IU301C Блок проявки голубой /Imaging Unit C/;4587753;IU-301C
http://rashodnika.net/KnA0V301H.html;Konica Minolta Тонер-картридж черный 2500 стр. /Toner Cartridge K/;A0V301H;
http://rashodnika.net/Kn02TE.html;Konica Minolta DV302K Девелопер черный;02TE;DV-302K
http://rashodnika.net/Kn11350296.html;Konica Minolta PHOTOCONDUCTOR 302 Фотобарабан /Drum only/;11350296;302 Drum
http://rashodnika.net/Kn8936404.html;Konica Minolta MT TONER MT302B Тонер черный;8936404;MT-302B
http://rashodnika.net/Kn8937935.html;Konica Minolta TN302K Тонер черный /Toner K/;8937935;TN-302K
http://rashodnika.net/Kn8937936.html;Konica Minolta TN302Y Тонер желтый /Toner Y/;8937936;TN-302Y
http://rashodnika.net/Kn8937937.html;Konica Minolta TN302M Тонер пурпурный /Toner M/;8937937;TN-302M
http://rashodnika.net/Kn8937938.html;Konica Minolta TN302C Тонер голубой /Toner C/;8937938;TN-302C
http://rashodnika.net/Kn02BP.html;Konica Minolta TN303K Тонер-картридж /Toner Cartridge K/;02BP;TN-303K
http://rashodnika.net/Kn8937749.html;Konica Minolta MT TONER 303B Тонер черный;8937749;303B
http://rashodnika.net/Kn4515613.html;Konica Minolta PHOTOCONDUCTOR 305 Фотобарабан;4515613;IU-305
http://rashodnika.net/KnA0V305H.html;Konica Minolta Тонер-картридж желтый 1500 стр. /Toner Cartridge Y/;A0V305H;
http://rashodnika.net/KnA0V306H.html;Konica Minolta Тонер-картридж желтый 2500 стр. /Toner Cartridge Y/;A0V306H;
http://rashodnika.net/Kn4047403.html;Konica Minolta IU310K Блок формирования изображения черный /Imaging Unit K/;4047403;IU-310K
http://rashodnika.net/Kn4047503.html;Konica Minolta IU310Y Блок формирования изображения жёлтый /Imaging Unit Y/;4047503;IU-310Y
http://rashodnika.net/Kn4047603.html;Konica Minolta IU310M Блок формирования изображения пурпурный /Imaging Unit M/;4047603;IU-310M
http://rashodnika.net/Kn4047703.html;Konica Minolta IU310C Блок формирования изображения голубой /Imaging Unit C/;4047703;IU-310C
http://rashodnika.net/Kn4053403.html;Konica Minolta TN310K Тонер-картридж черный /Toner Cartridge K/;4053403;TN-310K
http://rashodnika.net/Kn4053503.html;Konica Minolta TN310Y Тонер-картридж желтый /Toner Cartridge Y/;4053503;TN-310Y
http://rashodnika.net/Kn4053603.html;Konica Minolta TN310M Тонер-картридж пурпурный /Toner Cartridge M/;4053603;TN-310M
http://rashodnika.net/Kn4053703.html;Konica Minolta TN310C Тонер-картридж голубой /Toner Cartridge C/;4053703;TN-310C
http://rashodnika.net/Kn4068613.html;Konica Minolta DR310 Блок фотобарабана /Drum Cartridge/;4068613;DR-310
http://rashodnika.net/Kn8938451.html;Konica Minolta DV310 Девелопер /Developer/;8938451;DV-310
http://rashodnika.net/KnA0310AH.html;Konica Minolta Блок формирования изображения пурпурный /Imaging Unit M/;A0310AH;
http://rashodnika.net/KnA0310GH.html;Konica Minolta Блок формирования изображения голубой  /Imaging Unit C/;A0310GH;
http://rashodnika.net/KnA0310NH.html;Konica Minolta Комплект цветных блоков формирования изображения /Print Unit Value Kit (CMY)/;A0310NH;
http://rashodnika.net/Kn4062223.html;Konica Minolta IU311K Блок проявки черный /Imaging Unit K/;4062223;IU-311K
http://rashodnika.net/Kn4062323.html;Konica Minolta IU311Y Блок проявки желтый /Imaging Unit Y/;4062323;IU-311Y
http://rashodnika.net/Kn4062423.html;Konica Minolta IU311M Блок проявки пурпурный /Imaging Unit M/;4062423;IU-311M
http://rashodnika.net/Kn4062523.html;Konica Minolta IU311C Блок проявки голубой /Imaging Unit C/;4062523;IU-311C
http://rashodnika.net/Kn8938404.html;Konica Minolta TN311 Тонер черный /Toner K/;8938404;TN-311
http://rashodnika.net/KnA0XV03D.html;Konica Minolta DV311K Блок девелопера черный;A0XV03D;DV-311K
http://rashodnika.net/KnA0XV08D.html;Konica Minolta DV311Y Блок девелопера желтый;A0XV08D;DV-311Y
http://rashodnika.net/KnA0XV0ED.html;Konica Minolta DV311M Блок девелопера пурпурный;A0XV0ED;DV-311M
http://rashodnika.net/KnA0XV0KD.html;Konica Minolta DV311C Блок девелопера голубой;A0XV0KD;DV-311C
http://rashodnika.net/KnA0XV0RD.html;Konica Minolta DR311K Блок фотобарабана черный;A0XV0RD;DR-311K
http://rashodnika.net/KnA0XV0TD.html;Konica Minolta DR311 Блок фотобарабана цветной;A0XV0TD;DR-311
http://rashodnika.net/Kn8938705.html;Konica Minolta TN312K Тонер черный  /Toner K/;8938705;TN-312K
http://rashodnika.net/Kn8938706.html;Konica Minolta TN312Y Тонер желтый /Toner Y/;8938706;TN-312Y
http://rashodnika.net/Kn8938707.html;Konica Minolta TN312M Тонер пурпурный /Toner M/;8938707;TN-312M
http://rashodnika.net/Kn8938708.html;Konica Minolta TN312C Тонер голубой /Toner C/;8938708;TN-312C
http://rashodnika.net/KnA03100J.html;Konica Minolta IU312K Блок формирования изображения черный /Imaging Unit K/;A03100J;IU-312K
http://rashodnika.net/KnA03105J.html;Konica Minolta IU312Y Блок формирования изображения желтый /Imaging Unit Y/;A03105J;IU-312Y
http://rashodnika.net/KnA0310AJ.html;Konica Minolta IU312M Блок формирования изображения пурпурный /Imaging Unit M/;A0310AJ;IU-312M
http://rashodnika.net/KnA0310GJ.html;Konica Minolta IU312C Блок формирования изображения голубой /Imaging Unit C/;A0310GJ;IU-312C
http://rashodnika.net/KnA7Y003D.html;Konica Minolta DV-312K Блок девелопера /Developing Unit K/;A7Y003D;DV-312K
http://rashodnika.net/KnA7Y00RD.html;Konica Minolta DR-312K Блок фотобарабана /Drum Unit K/;A7Y00RD;DR-312K
http://rashodnika.net/KnA06V154.html;Konica Minolta TN313K Тонер-картридж черный /Toner Cartridge K/;A06V154;TN-313K
http://rashodnika.net/KnA06V254.html;Konica Minolta TN313Y Тонер-картридж желтый /Toner Cartridge Y/;A06V254;TN-313Y
http://rashodnika.net/KnA06V354.html;Konica Minolta TN313M Тонер-картридж  пурпурный /Toner Cartridge M/;A06V354;TN-313M
http://rashodnika.net/KnA06V454.html;Konica Minolta TN313C Тонер-картридж голубой /Toner Cartridge C/;A06V454;TN-313C
http://rashodnika.net/KnA0DE03F.html;Konica Minolta IU313K Блок проявки черный /Imaging Unit K/;A0DE03F;IU-313K
http://rashodnika.net/KnA0DE07F.html;Konica Minolta IU313Y Блок проявки желтый /Imaging Unit Y/;A0DE07F;IU-313Y
http://rashodnika.net/KnA0DE0DF.html;Konica Minolta IU313M Блок проявки пурпурный /Imaging Unit M/;A0DE0DF;IU-313M
http://rashodnika.net/KnA0DE0JF.html;Konica Minolta IU313C Блок проявки голубой /Imaging Unit C/;A0DE0JF;IU-313C
http://rashodnika.net/KnA7U403D.html;Konica Minolta DV-313К Блок девелопера черный /Developing Unit K/;A7U403D;DV-313K
http://rashodnika.net/KnA7U408D.html;Konica Minolta DV-313Y Блок девелопера желтый /Developing Unit Y/;A7U408D;DV-313Y
http://rashodnika.net/KnA7U40ED.html;Konica Minolta DV-313M Блок девелопера пурпурный /Developing Unit M/;A7U40ED;DV-313M
http://rashodnika.net/KnA7U40KD.html;Konica Minolta DV-313C Блок девелопера голубой /Developing Unit C/;A7U40KD;DV-313C
http://rashodnika.net/KnA7U40RD.html;Konica Minolta DR-313K Блок фотобарабана черный /Drum Unit K/;A7U40RD;DR-313K
http://rashodnika.net/KnA7U40TD.html;Konica Minolta DR-313YMC Блок фотобарабана цветной /Drum Unit for CMY/;A7U40TD;DR-313YMC
http://rashodnika.net/KnA0D7151.html;Konica Minolta TN314K Тонер-картридж черный /Toner Cartridge K/;A0D7151;TN-314K
http://rashodnika.net/KnA0D7251.html;Konica Minolta TN314Y Тонер-картридж желтый /Toner Cartridge Y/;A0D7251;TN-314Y
http://rashodnika.net/KnA0D7351.html;Konica Minolta TN314M Тонер-картридж пурпурный /Toner Cartridge M/;A0D7351;TN-314M
http://rashodnika.net/KnA0D7451.html;Konica Minolta TN314C Тонер-картридж голубой /Toner Cartridge C/;A0D7451;TN-314C
http://rashodnika.net/konica-minolta-dv-315k.html;Konica Minolta блок девелопера DV-315K черный;AAV703D;DV-315K
http://rashodnika.net/konica-minolta-dv-315y.html;Konica Minolta блок девелопера DV-315Y желтый;AAV708D;DV-315Y
http://rashodnika.net/konica-minolta-dv-315m.html;Konica Minolta блок девелопера DV-315Y пурпурный;AAV70ED;DV-315M
http://rashodnika.net/konica-minolta-dv-315c.html;Konica Minolta блок девелопера DV-315Y голубой;AAV70KD;DV-315C
http://rashodnika.net/konica-minolta-dr-316k.html;Konica Minolta Блок фотобарабана черный DR-316K;AAV70RD;DR-316K
http://rashodnika.net/konica-minolta-dr-316ymc.html;Konica Minolta Блок фотобарабана цветной DR-316YMC;AAV70TD;DR-316YMC
http://rashodnika.net/KnA0DK153.html;Konica Minolta TN318K Тонер-картридж черный /Toner cartridge K/;A0DK153;TN-318K
http://rashodnika.net/KnA0DK253.html;Konica Minolta TN318Y Тонер-картридж желтый /Toner cartridge Y/;A0DK253;TN-318Y
http://rashodnika.net/KnA0DK353.html;Konica Minolta TN318M Тонер-картридж пурпурный /Toner cartridge M/;A0DK353;TN-318M
http://rashodnika.net/KnA0DK453.html;Konica Minolta TN318C Тонер-картридж голубой /Toner cartridge C/;A0DK453;TN-318C
http://rashodnika.net/KnA11G150.html;Konica Minolta TN319K Тонер-картридж черный /Toner Cartridge K/;A11G150;TN-319K
http://rashodnika.net/KnA11G250.html;Konica Minolta TN319Y Тонер-картридж желтый /Toner Cartridge Y/;A11G250;TN-319Y
http://rashodnika.net/KnA11G350.html;Konica Minolta TN319M Тонер-картридж пурпурный /Toner Cartridge M/;A11G350;TN-319M
http://rashodnika.net/KnA11G450.html;Konica Minolta TN319C Тонер-картридж голубой /Toner Cartridge C/;A11G450;TN-319C
http://rashodnika.net/KnA202053.html;Konica Minolta TN320 Тонер-картридж /Toner Cartridge/;A202053;TN-320
http://rashodnika.net/KnA33K150.html;Konica Minolta TN321K Тонер-картридж черный;A33K150;TN-321K
http://rashodnika.net/KnA33K250.html;Konica Minolta TN321Y Тонер-картридж желтый;A33K250;TN-321Y
http://rashodnika.net/KnA33K350.html;Konica Minolta TN321M Тонер-картридж пурпурный;A33K350;TN-321M
http://rashodnika.net/KnA33K450.html;Konica Minolta TN321C Тонер-картридж голубой;A33K450;TN-321C
http://rashodnika.net/KnA33K050.html;Konica Minolta TN322 Тонер-картридж черный;A33K050;TN-322
http://rashodnika.net/KnA87M050.html;Konica Minolta TN-323K Тонер-картридж /Toner K/;A87M050;TN-323K
http://rashodnika.net/KnA8DA150.html;Konica Minolta TN-324K Тонер-картридж черный /Toner K/;A8DA150;TN-324K
http://rashodnika.net/KnA8DA250.html;Konica Minolta TN-324Y Тонер-картридж желтый /Toner Y/;A8DA250;TN-324Y
http://rashodnika.net/KnA8DA350.html;Konica Minolta TN-324M Тонер-картридж пурпурный /Toner M/;A8DA350;TN-324M
http://rashodnika.net/KnA8DA450.html;Konica Minolta TN-324C Тонер-картридж голубой /Toner C/;A8DA450;TN-324C
http://rashodnika.net/konica-minolta-tn-328cmyk.html;Konica Minolta Комплект тонер-картриджей TN-328 (CMYK);A8DAX50;TN-328CMYK
http://rashodnika.net/konica-minolta-tn-328k.html;Konica Minolta TN-328K Тонер-картридж черный;AAV8150;TN-328K
http://rashodnika.net/konica-minolta-tn-328y.html;Konica Minolta TN-328Y Тонер-картридж желтый;AAV8250;TN-328Y
http://rashodnika.net/konica-minolta-tn-328m.html;Konica Minolta TN-328Y Тонер-картридж пурпурный;AAV8350;TN-328M
http://rashodnika.net/konica-minolta-tn-328c.html;Konica Minolta TN-328C Тонер-картридж голубой;AAV8450;TN-328C
http://rashodnika.net/KnA00W331.html;Konica Minolta Тонер-картридж голубой 1500 стр. /Toner Cartridge C/;A00W331;
http://rashodnika.net/KnA00W332.html;Konica Minolta Тонер-картридж голубой 4500 стр. /Toner Cartridge C/;A00W332;
http://rashodnika.net/KnA0DK351.html;Konica Minolta Тонер-картридж пурпурный 4000 стр. /Toner cartridge M/;A0DK351;
http://rashodnika.net/KnA0DK352.html;Konica Minolta Тонер-картридж пурпурный 8000 стр. /Toner cartridge M/;A0DK352;
http://rashodnika.net/Kn02AK.html;Konica Minolta DV401K Девелопер черный;02AK;DV-401K
http://rashodnika.net/Kn02AL.html;Konica Minolta DR401 Фотобарабан /Drum/;02AL;DR-401
http://rashodnika.net/Kn02AS.html;Konica Minolta TN401K Тонер-картридж /Toner Cartridge K/;02AS;TN-401K
http://rashodnika.net/Kn11340296.html;Konica Minolta PHOTOCONDUCTOR 401 Фотобарабан;11340296;401 Drum
http://rashodnika.net/Kn8932604.html;Konica Minolta MT TONER 401B Тонер черный 4шт.;8932604;401B
http://rashodnika.net/Kn8932614.html;Konica Minolta MT STARTER 401 Девелопер черный;8932614;401 Starter
http://rashodnika.net/Kn11570295.html;Konica Minolta PHOTOCONDUCTOR 402 Фотобарабан;11570295;402 Drum
http://rashodnika.net/KnA070151.html;Konica Minolta TN411K Тонер-картридж черный /Toner Cartridge K/;A070151;TN-411K
http://rashodnika.net/KnA202550.html;Konica Minolta DV411 Девелопер /Developer K/;A202550;DV-411
http://rashodnika.net/KnA2A103D.html;Konica Minolta DR411 Фотобарабан /Drum Unit/;A2A103D;DR-411
http://rashodnika.net/KnA0FP023.html;Konica Minolta TN412 Тонер-картридж черный /Toner Cartridge K/;A0FP023;TN-412
http://rashodnika.net/KnA0TM151.html;Konica Minolta TN413K Тонер-картридж черный /Toner Cartridge K/;A0TM151;TN-413K
http://rashodnika.net/KnA202050.html;Konica Minolta TN414 Тонер-картридж /Toner Cartridge/;A202050;TN-414
http://rashodnika.net/KnA202052.html;Konica Minolta TN415 Тонер-картридж /Toner Cartridge/;A202052;TN-415
http://rashodnika.net/KnA00W432.html;Konica Minolta Тонер-картридж черный 4500 стр. /Toner Cartridge K/;A00W432;
http://rashodnika.net/KnA0DK451.html;Konica Minolta Тонер-картридж голубой 4000 стр. /Toner cartridge C/;A0DK451;
http://rashodnika.net/KnA4Y5WY1.html;Konica Minolta Емкость отработанного тонера /Waste Toner Box/;A4Y5WY1;
http://rashodnika.net/KnA0DK452.html;Konica Minolta Тонер-картридж голубой 8000 стр. /Toner cartridge C/;A0DK452;
http://rashodnika.net/Kn11560295.html;Konica Minolta PHOTOCONDUCTOR 501 Фотобарабан /PC Drum/;11560295;501 Drum
http://rashodnika.net/Kn8935504.html;Konica Minolta MT TONER 501B Тонер черный;8935504;501B
http://rashodnika.net/Kn8937857.html;Konica Minolta DV-501K/CF STARTER K3 Девелопер черный;8937857;DV-501K
http://rashodnika.net/Kn8937858.html;Konica Minolta DV-501Y/CF STARTER Y3 Девелопер желтый;8937858;DV-501Y
http://rashodnika.net/Kn8937859.html;Konica Minolta DV-501M/CF STARTER M3 Девелопер пурпурный;8937858;DV-501M
http://rashodnika.net/Kn8937860.html;Konica Minolta DV-501C/CF STARTER C3 Девелопер голубой;8937860;DV-501C
http://rashodnika.net/Kn4002029201.html;Konica Minolta TYPE 502 Фотобарабан /Drum/;4002029201;502 Drum
http://rashodnika.net/Kn8936904.html;Konica Minolta MT TONER 502B Тонер черный;8936904;502B
http://rashodnika.net/Kn8936914.html;Konica Minolta MT STARTER 502 Девелопер;8936914;502 Starter
http://rashodnika.net/Kn020Q.html;Konica Minolta DV510K Девелопер черный;020Q;DV-510K
http://rashodnika.net/Kn020R.html;Konica Minolta DV510Y Девелопер желтый;020R;DV-510Y
http://rashodnika.net/Kn020S.html;Konica Minolta DV510M Девелопер пурпурный;020S;DV-510M
http://rashodnika.net/Kn020T.html;Konica Minolta DV510C Девелопер голубой;020T;DV-510C
http://rashodnika.net/Kn024K.html;Konica Minolta DR510 Фотобарабан /Drum Cartridge/;024K;DR-510
http://rashodnika.net/KnA0YM151.html;Konica Minolta TN510K Тонер-картридж черный /Toner Cartridge K/;A0YM151;TN-510K
http://rashodnika.net/KnA0YM251.html;Konica Minolta TN510Y Тонер-картридж желтый /Toner Cartridge Y/;A0YM251;TN-510Y
http://rashodnika.net/KnA0YM351.html;Konica Minolta TN510M Тонер-картридж пурпурный /Toner Cartridge M/;A0YM351;TN-510M
http://rashodnika.net/KnA0YM451.html;Konica Minolta TN510C Тонер-картридж голубой /Toner Cartridge C/;A0YM451;TN-510C
http://rashodnika.net/Kn024B.html;Konica Minolta TN511 Тонер-картридж /Toner Cartridge/;024B;TN-511
http://rashodnika.net/Kn024G.html;Konica Minolta DV511 Девелопер черный;024G;DV-511
http://rashodnika.net/KnA2XN03D.html;Konica Minolta DV512K Блок девелопера черный /Developer Unit K/;A2XN03D;DV-512K
http://rashodnika.net/KnA2XN08D.html;Konica Minolta DV512Y Блок девелопера желтый /Developer Unit Y/;A2XN08D;DV-512Y
http://rashodnika.net/KnA2XN0ED.html;Konica Minolta DV512M Блок девелопера пурпурный /Developer Unit M/;A2XN0ED;DV-512M
http://rashodnika.net/KnA2XN0KD.html;Konica Minolta DV512C Блок девелопера голубой /Developer Unit C/;A2XN0KD;DV-512C
http://rashodnika.net/KnA2XN0RD.html;Konica Minolta DR512K Блок фотобарабана черный /Drum Unit K/;A2XN0RD;DR-512K
http://rashodnika.net/KnA2XN0TD.html;Konica Minolta DR512 Блок фотобарабана цветной /Drum Unit CMY/;A2XN0TD;DR-512CMY
http://rashodnika.net/KnA33K152.html;Konica Minolta TN512K Тонер-картридж черный;A33K152;TN-512K
http://rashodnika.net/KnA33K252.html;Konica Minolta TN512Y Тонер-картридж желтый;A33K252;TN-512Y
http://rashodnika.net/KnA33K352.html;Konica Minolta TN512M Тонер-картридж пурпурный;A33K352;TN-512M
http://rashodnika.net/KnA33K452.html;Konica Minolta TN512C Тонер-картридж голубой;A33K452;TN-512C
http://rashodnika.net/Konica-Minolta-A9E8150-TN514K.html;Konica Minolta TN-514K Тонер-картридж черный;A9E8150;TN-514K
http://rashodnika.net/Konica-Minolta-A9E8250-TN514Y.html;Konica Minolta TN-514Y Тонер-картридж желтый;A9E8250;TN-514Y
http://rashodnika.net/Konica-Minolta-A9E8350-TN514M.html;Konica Minolta TN-514M Тонер-картридж пурпурный;A9E8350;TN-514M
http://rashodnika.net/Konica-Minolta-A9E8450-TN514C.html;Konica Minolta TN-514C Тонер-картридж голубой;A9E8450;TN-514C
http://rashodnika.net/KnA06X0Y0.html;Konica Minolta Бункер отработанного тонера /Waste Toner Bottle/;A06X0Y0;
http://rashodnika.net/KnA0XXPP6X00.html;Konica Minolta  Печь в сборе /Fuser Unit/;A0XXPP6X00;
http://rashodnika.net/Kn01ZK.html;Konica Minolta TN601K Тонер черный /Toner Cartridge K/;01ZK;TN-601K
http://rashodnika.net/Kn01ZL.html;Konica Minolta DV601K Девелопер черный;01ZL;DV-601K
http://rashodnika.net/Kn01ZM.html;Konica Minolta DR601 Фотобаран /Drum/;01ZM;DR-601
http://rashodnika.net/Kn8932704.html;Konica Minolta MT TONER 601B Тонер черный;8932704;601B
http://rashodnika.net/Kn8932714.html;Konica Minolta MT STARTER 601 Девелопер черный;8932714;601 Starter
http://rashodnika.net/KnA06X0Y1.html;Konica Minolta Блок ремня переноса /Transfer Belt Unit/;A06X0Y1;
http://rashodnika.net/Kn11610294.html;Konica Minolta PHOTOCONDUCTOR 602 Фотобарабан /PC Drum/;11610294;602 Drum
http://rashodnika.net/Kn8935604.html;Konica Minolta MT TONER 602B Тонер черный;8935604;602B
http://rashodnika.net/Kn11550292.html;Konica Minolta PHOTOCONDUCTOR 603 Фотобарабан;11550292;603 Drum
http://rashodnika.net/Kn8935904.html;Konica Minolta MT TONER 603B Тонер черный;8935904;603B
http://rashodnika.net/Kn8935914.html;Konica Minolta MT STARTER 603 Девелопер;8935914;603 Starter
http://rashodnika.net/Kn40240292.html;Konica Minolta PHOTOCONDUCTOR 604B Фотобарабан;40240292;604B Drum
http://rashodnika.net/Kn8937802.html;Konica Minolta MT TONER 604B Тонер черный;8937802;604B
http://rashodnika.net/Kn8937812.html;Konica Minolta MT STARTER 604 Девелопер черный;8937812;604B Starter
http://rashodnika.net/KnA06X0Y4.html;Konica Minolta Ролик переноса /Transfer Roller/;A06X0Y4;
http://rashodnika.net/KnA06X0Y7.html;Konica Minolta Блок фиксации изображения /Fuser Unit/ 220V;A06X0Y7;
http://rashodnika.net/KnA04P150.html;Konica Minolta TN610K Тонер черный /Toner K/;A04P150;TN-610K
http://rashodnika.net/KnA04P250.html;Konica Minolta TN610Y Тонер желтый /Toner Y/;A04P250;TN-610Y
http://rashodnika.net/KnA04P350.html;Konica Minolta TN610M Тонер пурпурный /Toner M/;A04P350;TN-610M
http://rashodnika.net/KnA04P450.html;Konica Minolta TN610C Тонер голубой /Toner C/;A04P450;TN-610C
http://rashodnika.net/KnA04P600.html;Konica Minolta DV610К Девелопер черный /Developer K/;A04P600;DV-610K
http://rashodnika.net/KnA04P700.html;Konica Minolta DV610Y Девелопер желтый /Developer Y/;A04P700;DV-610Y
http://rashodnika.net/KnA04P800.html;Konica Minolta DV610M Девелопер пурпурный /Developer M/;A04P800;DV-610M
http://rashodnika.net/KnA04P900.html;Konica Minolta DV610C Девелопер голубой /Developer C/;A04P900;DV-610C
http://rashodnika.net/KnA06003F.html;Konica Minolta IU610K Блок фотобарабана черный /Imaging Unit K/;A06003F;IU-610K
http://rashodnika.net/KnA06007F.html;Konica Minolta IU610Y Блок фотобарабана желтый /Imaging Unit Y/;A06007F;IU-610Y
http://rashodnika.net/KnA0600DF.html;Konica Minolta IU610M Блок фотобарабана пурпурный /Imaging Unit M/;A0600DF;IU-610M
http://rashodnika.net/KnA0600JF.html;Konica Minolta IU610C Блок фотобарабана голубой /Imaging Unit C/;A0600JF;IU-610C
http://rashodnika.net/KnA070150.html;Konica Minolta TN611K Тонер-картридж черный /Toner Cartridge K/;A070150;TN-611K
http://rashodnika.net/KnA070250.html;Konica Minolta TN611Y Тонер-картридж желтый /Toner Cartridge Y/;A070250;TN-611Y
http://rashodnika.net/KnA070350.html;Konica Minolta TN611M Тонер-картридж пурпурный /Toner Cartridge M/;A070350;TN-611M
http://rashodnika.net/KnA070450.html;Konica Minolta TN611C Тонер-картридж голубой /Toner Cartridge C/;A070450;TN-611C
http://rashodnika.net/Kn000K.html;Konica Minolta 000K Девелопер черный;950412;000K
http://rashodnika.net/Kn000W.html;Konica Minolta 000W Тонер черный;000W;
http://rashodnika.net/Kn000X.html;Konica Minolta 000X Тонер черный;30380;000X
http://rashodnika.net/Kn00FB.html;Konica Minolta 00FB Фотобарабан /Drum/;30266;00FB
http://rashodnika.net/Kn00FL.html;Konica Minolta 00FL Сервисный комплект /PM Parts Kit/;5853-PM00;00FL
http://rashodnika.net/Kn00FM.html;Konica Minolta 00FM Тонер черный /Toner Cartridge/;947109;00FM
http://rashodnika.net/Kn00FP.html;Konica Minolta 00FP Девелопер черный;947106;00FP
http://rashodnika.net/Kn00KL.html;Konica Minolta 00KL Фотобарабан /Drum/;947124;00KL
http://rashodnika.net/Kn00KU.html;Konica Minolta 00KU Девелопер черный;947123;00KU
http://rashodnika.net/Kn00KW.html;Konica Minolta 00KW Тонер черный /Toner Cartridge/;30347;
