http://rashodnika.net/KcSK-A.html;Kyocera Сервисный комплект 'A';SK-A
http://rashodnika.net/KcSK-B.html;Kyocera Сервисный комплект 'B';SK-B
http://rashodnika.net/KcSK-C.html;Kyocera Сервисный комплект 'C';SK-C
http://rashodnika.net/KcMK-1.html;Kyocera Сервисный комплект ;MK-1
http://rashodnika.net/KcDK-2.html;Kyocera Блок фотобарабана;DK-2
http://rashodnika.net/KcFK-2.html;Kyocera Узел термозакрепления (Печка);FK-2
http://rashodnika.net/KcMK-2.html;Kyocera Сервисный комплект ;MK-2
http://rashodnika.net/KcTK-2.html;Kyocera Тонер-картридж черный;TK-2
http://rashodnika.net/KcDK-3.html;Kyocera Блок фотобарабана;DK-3
http://rashodnika.net/KcDV-3.html;Kyocera Блок проявки;DV-3
http://rashodnika.net/KcMK-3.html;Kyocera Сервисный комплект ;MK-3
http://rashodnika.net/KcTK-3.html;Kyocera Тонер-картридж черный;TK-3
http://rashodnika.net/KcMK-4.html;Kyocera Сервисный комплект ;MK-4
http://rashodnika.net/KcTK-4.html;Kyocera Тонер-картридж черный;TK-4
http://rashodnika.net/KcDK-5.html;Kyocera Блок фотобарабана;DK-5
http://rashodnika.net/KcMK-5.html;Kyocera Сервисный комплект ;MK-5
http://rashodnika.net/KcDK-6.html;Kyocera Блок фотобарабана;DK-6
http://rashodnika.net/KcMK-6.html;Kyocera Сервисный комплект FS-6500+;MK-6
http://rashodnika.net/KcTK-6.html;Kyocera Тонер-картридж черный;TK-6
http://rashodnika.net/KcDK-7.html;Kyocera Блок фотобарабана;DK-7
http://rashodnika.net/KcFK-7.html;Kyocera Узел термозакрепления (печка);FK-7
http://rashodnika.net/KcTK-7.html;Kyocera Тонер-картридж черный;TK-7
http://rashodnika.net/KcFK-8.html;Kyocera Печка в сборе;FK-8
http://rashodnika.net/KcTK-8.html;Kyocera Тонер-картридж черный;TK-8
http://rashodnika.net/KcTK-9.html;Kyocera Тонер-картридж черный;TK-9
http://rashodnika.net/Kyocera-DV-10.html;Kyocera Блок проявки;DV-10
http://rashodnika.net/KcDV-11.html;Kyocera Блок проявки;DV-11
http://rashodnika.net/KcTK-11.html;Kyocera Тонер-картридж черный;TK-11
http://rashodnika.net/Kyocera-DV-12-Developer.html;Kyocera Блок проявки;DV-12
http://rashodnika.net/KcTK-12.html;Kyocera Тонер-картридж черный;TK-12
http://rashodnika.net/KcMK-15.html;Kyocera Сервисный комплект ;MK-15
http://rashodnika.net/10_1_1_52.html;Kyocera Тонер-картридж черный;TK-16H
http://rashodnika.net/10_1_1_53.html;Kyocera Тонер-картридж черный;TK-17
http://rashodnika.net/KcPU-18.html;Kyocera Блок печати;PU-18
http://rashodnika.net/10_1_1_55.html;Kyocera Тонер-картридж черный;TK-18
http://rashodnika.net/KcDK-20.html;Kyocera Блок фотобарабана;DK-20
http://rashodnika.net/KcDV-20.html;Kyocera Блок проявки;DV-20
http://rashodnika.net/KcFK-20.html;Kyocera Узел термозакрепления;FK-20
http://rashodnika.net/10_1_1_4.html;Kyocera Сервисный комплект ;MK-20
http://rashodnika.net/KcTK-20.html;Kyocera Тонер-картридж черный;TK-20
http://rashodnika.net/10_1_1_56.html;Kyocera Тонер-картридж черный;TK-20H
http://rashodnika.net/KcDK-21.html;Kyocera Блок фотобарабана;DK-21
http://rashodnika.net/KcFK-21E.html;Kyocera Узел термозакрепления;FK-21E
http://rashodnika.net/10_1_1_5.html;Kyocera Сервисный комплект ;MK-21
http://rashodnika.net/10_1_1_6.html;Kyocera Сервисный комплект ;MK-22
http://rashodnika.net/KcDK-23.html;Kyocera Блок фотобарабана;DK-23
http://rashodnika.net/10_1_1_7.html;Kyocera Сервисный комплект ;MK-23
http://rashodnika.net/KcDK-24.html;Kyocera Блок фотобарабана;DK-24
http://rashodnika.net/10_1_1_8.html;Kyocera Сервисный комплект ;MK-24
http://rashodnika.net/KcDK-25.html;Kyocera Блок фотобарабана;DK-25
http://rashodnika.net/KcDV-25.html;Kyocera Блок проявки;DV-25
http://rashodnika.net/KcFK-25.html;Kyocera Узел термозакрепления в сборе;FK-25
http://rashodnika.net/KcMK-25.html;Kyocera Сервисный комплект ;MK-25
http://rashodnika.net/KcTK-25.html;Kyocera Тонер-картридж черный;TK-25
http://rashodnika.net/KcFK-27E.html;Kyocera Узел термозакрепления 220v в сборе;FK-27E
http://rashodnika.net/KcMK-27.html;Kyocera Сервисный комплект ;MK-27
http://rashodnika.net/KcDK-28.html;Kyocera Блок фотобарабана;DK-28
http://rashodnika.net/KcDV-28.html;Kyocera Блок проявки;DV-28
http://rashodnika.net/KcMK-30.html;Kyocera Сервисный комплект ;MK-30
http://rashodnika.net/KcSK-30.html;Kyocera Сервисный комплект;SK-30
http://rashodnika.net/KcTK-30.html;Kyocera Тонер-картридж черный;TK-30
http://rashodnika.net/KcTK-30H.html;Kyocera Тонер-картридж черный;TK-30H
http://rashodnika.net/KcDK-33.html;Kyocera Блок фотобарабана;DK-33
http://rashodnika.net/KcMK-33.html;Kyocera Сервисный комплект ;MK-33
http://rashodnika.net/KcSK-33.html;Kyocera Сервисный комплект;SK-33
http://rashodnika.net/KcDK-35.html;Kyocera Блок фотобарабана;DK-35
http://rashodnika.net/KcFK-UNIT(35,30).html;Kyocera Узел термозакрепления. Правая часть.;FK-UNIT(35)
http://rashodnika.net/KcMK-35.html;Kyocera Сервисный комплект ;MK-35
http://rashodnika.net/KcSK-35.html;Kyocera Сервисный комплект;SK-35
http://rashodnika.net/KcFK-40E.html;Kyocera Узел термозакрепления 240v;FK-40E
http://rashodnika.net/KcFK-42E.html;Kyocera Узел термозакрепления 230v;FK-42E
http://rashodnika.net/KcPU-42.html;Kyocera Блок формирования изображения;PU-42
http://rashodnika.net/KcTK-50H.html;Kyocera Тонер-картридж черный;TK-50H
http://rashodnika.net/KcDK-51.html;Kyocera Блок фотобарабана;DK-51
http://rashodnika.net/KcDV-51.html;Kyocera Блок проявки;DV-51
http://rashodnika.net/KcFK-51.html;Kyocera Узел термозакрепления (печка);FK-51
http://rashodnika.net/KcFK-53.html;Kyocera Узел термозакрепления;FK-53
http://rashodnika.net/KcFK-UNIT(55,45).html;Kyocera Узел термозакрепления. Верхняя (правая) часть.;FK-UNIT(55)
http://rashodnika.net/10_1_1_70.html;Kyocera Тонер-картридж черный;TK-55
http://rashodnika.net/KcDK-60.html;Kyocera Блок фотобарабана;DK-60
http://rashodnika.net/KcFK-60.html;Kyocera Узел термозакрепления;FK-60
http://rashodnika.net/KcMC-60.html;Kyocera Главный коротрон;MC-60
http://rashodnika.net/10_1_1_21.html;Kyocera Сервисный комплект ;MK-60
http://rashodnika.net/10_1_1_83.html;Kyocera Тонер-картридж черный;TK-60
http://rashodnika.net/KcTK-60E.html;Kyocera Тонер-картридж черный;TK-60E
http://rashodnika.net/KcDK-61.html;Kyocera Блок фотобарабана;DK-61
http://rashodnika.net/KcFK-61.html;Kyocera Узел термозакрепления;FK-61
http://rashodnika.net/KcDV-62.html;Kyocera Блок проявки;DV-62
http://rashodnika.net/10_1_1_22.html;Kyocera Сервисный комплект ;MK-62
http://rashodnika.net/KcDK-63.html;Kyocera Блок фотобарабана;DK-63
http://rashodnika.net/10_1_1_23.html;Kyocera Сервисный комплект ;MK-63
http://rashodnika.net/10_1_1_84.html;Kyocera Тонер-картридж черный;TK-65
http://rashodnika.net/KcDK-67.html;Kyocera Блок фотобарабана;DK-67
http://rashodnika.net/KcDV-67.html;Kyocera Блок проявки;DV-67
http://rashodnika.net/KcFK-67E.html;Kyocera Узел термозакрепления в сборе 230v;FK-67E
http://rashodnika.net/10_1_1_26.html;Kyocera Сервисный комплект ;MK-67
http://rashodnika.net/KcFK-68E.html;Kyocera Узел термозакрепления в сборе 230v;FK-68E
http://rashodnika.net/10_1_1_29.html;Kyocera Сервисный комплект ;MK-68
http://rashodnika.net/KcTK-70.html;Kyocera Тонер-картридж черный;TK-70
http://rashodnika.net/KcIU-80.html;Kyocera Узел фотобарабана;IU-80
http://rashodnika.net/KcTK-80C.html;Kyocera (TK-80C) Тонер-картридж голубой;TD-80C
http://rashodnika.net/KcTD-80K.html;Kyocera (TK-80K) Тонер-картридж черный;TD-80K
http://rashodnika.net/KcTD-80M.html;Kyocera (TK-80M) Тонер-картридж пурпурный;TD-80M
http://rashodnika.net/KcTD-80Y.html;Kyocera (TK-80Y) Тонер-картридж желтый;TD-80Y
http://rashodnika.net/KcTD-81C.html;Kyocera (TK-81C) Тонер-картридж голубой;TD-81C
http://rashodnika.net/KcTD-81K.html;Kyocera (TK-81K) Тонер-картридж черный;TD-81K
http://rashodnika.net/KcTD-81M.html;Kyocera (TK-81M) Тонер-картридж пурпурный;TD-81M
http://rashodnika.net/KcTD-81Y.html;Kyocera (TK-81Y) Тонер-картридж желтый;TD-81Y
http://rashodnika.net/KcTD-82C.html;Kyocera Тонер-картридж голубой;TK-82C
http://rashodnika.net/KcTD-82K.html;Kyocera Тонер-картридж черный;TK-82K
http://rashodnika.net/KcTD-82M.html;Kyocera Тонер-картридж пурпурный;TK-82M
http://rashodnika.net/KcTD-82Y.html;Kyocera Тонер-картридж желтый;TK-82Y
http://rashodnika.net/KcFK-100E.html;Kyocera Узел термозакрепления 230v;FK-100E
http://rashodnika.net/KcPU-100.html;Kyocera Блок формирования изображения;PU-100
http://rashodnika.net/KcTK-100.html;Kyocera Тонер-картридж черный;TK-100
http://rashodnika.net/KcWT-100.html;Kyocera Сборник отработанного тонера;WT-100
http://rashodnika.net/KcFK-101E.html;Kyocera Узел термозакрепления 230v;FK-101E
http://rashodnika.net/KcPU-102.html;Kyocera Блок формирования изображения;PU-102
http://rashodnika.net/KcDK-110.html;Kyocera Блок фотобарабана;DK-110
http://rashodnika.net/KcDV-110.html;Kyocera Блок проявки;DV-110
http://rashodnika.net/KcFK-110E.html;Kyocera Узел термозакрепления 230v;FK-110E
http://rashodnika.net/10_1_1_42.html;Kyocera Тонер-картридж черный (6000 стр.);TK-110
http://rashodnika.net/KcTK-110E.html;Kyocera Тонер-картридж черный (2000 стр.);TK-110E
http://rashodnika.net/KcPU-120.html;Kyocera Блок формирования изображения;PU-120
http://rashodnika.net/10_1_1_44.html;Kyocera Тонер-картридж черный;TK-120
http://rashodnika.net/KcDK-130.html;Kyocera Блок фотобарабана;DK-130
http://rashodnika.net/KcDV-130.html;Kyocera Блок проявки;DV-130
http://rashodnika.net/KcFK-130E.html;Kyocera Узел термозакрепления 230v;FK-130E
http://rashodnika.net/KcMC-130.html;Kyocera Главный коротрон;MC-130
http://rashodnika.net/10_1_1_1.html;Kyocera Сервисный комплект ;MK-130
http://rashodnika.net/10_1_1_45.html;Kyocera Тонер-картридж черный;TK-130
http://rashodnika.net/KcDV-140.html;Kyocera Блок проявки;DV-140
http://rashodnika.net/10_1_1_46.html;Kyocera Тонер-картридж черный;TK-140
http://rashodnika.net/KcDK-150.html;Kyocera Блок фотобарабана;DK-150
http://rashodnika.net/KcFK-150E.html;Kyocera Узел термозакрепления 230v;FK-150E
http://rashodnika.net/10_1_1_47.html;Kyocera Тонер-картридж голубой;TK-150C
http://rashodnika.net/10_1_1_48.html;Kyocera Тонер-картридж черный;TK-150K
http://rashodnika.net/10_1_1_49.html;Kyocera Тонер-картридж пурпурный;TK-150M
http://rashodnika.net/10_1_1_50.html;Kyocera Тонер-картридж желтый;TK-150Y
http://rashodnika.net/KcDV-160.html;Kyocera Блок проявки;DV-160
http://rashodnika.net/10_1_1_2.html;Kyocera Сервисный комплект ;MK-160
http://rashodnika.net/10_1_1_51.html;Kyocera Тонер-картридж черный;TK-160
http://rashodnika.net/KcDK-170.html;Kyocera Блок фотобарабана;DK-170
http://rashodnika.net/KcDV-170.html;Kyocera Блок проявки;DV-170
http://rashodnika.net/KcFK-170E.html;Kyocera Узел термозакрепления 230v в сборе;FK-170E
http://rashodnika.net/10_1_1_3.html;Kyocera Сервисный комплект ;MK-170
http://rashodnika.net/10_1_1_54.html;Kyocera Тонер-картридж черный;TK-170
http://rashodnika.net/KcFK-171E.html;Kyocera Узел термозакрепления 220v в сборе;FK-171E
http://rashodnika.net/KcFK-200.html;Kyocera Узел термозакрепления. Нижняя (левая) часть.;FK-200
http://rashodnika.net/KcDK-310.html;Kyocera Блок фотобарабана;DK-310
http://rashodnika.net/KcFK-310E.html;Kyocera Узел термозакрепления 230v;FK-310E
http://rashodnika.net/KcMC-310.html;Kyocera Главный коротрон;MC-310
http://rashodnika.net/10_1_1_9.html;Kyocera Сервисный комплект ;MK-310
http://rashodnika.net/10_1_1_57.html;Kyocera Тонер-картридж черный 12k;TK-310
http://rashodnika.net/KcDK-320.html;Kyocera Блок фотобарабана;DK-320
http://rashodnika.net/KcDV-320.html;Kyocera Блок проявки;DV-320
http://rashodnika.net/KcFK-320.html;Kyocera Узел термозакрепления 230v;FK-320E
http://rashodnika.net/KcMC-320.html;Kyocera Главный коротрон;MC-320
http://rashodnika.net/10_1_1_10.html;Kyocera Сервисный комплект ;MK-320
http://rashodnika.net/10_1_1_58.html;Kyocera Тонер-картридж черный 15k;TK-320
http://rashodnika.net/10_1_1_59.html;Kyocera Тонер-картридж черный 20k;TK-330
http://rashodnika.net/KcDV-340.html;Kyocera Блок проявки;DV-340
http://rashodnika.net/KcFK-340E.html;Kyocera Узел термозакрепления 230v;FK-340E
http://rashodnika.net/10_1_1_11.html;Kyocera Сервисный комплект ;MK-340
http://rashodnika.net/10_1_1_60.html;Kyocera Тонер-картридж черный;TK-340
http://rashodnika.net/KcDV-350.html;Kyocera Блок проявки;DV-350
http://rashodnika.net/KcFK-350E.html;Kyocera Узел термозакрепления 230v;FK-350E
http://rashodnika.net/10_1_1_12.html;Kyocera Сервисный комплект ;MK-350
http://rashodnika.net/KcMK-350B.html;Kyocera Сервисный комплект ;MK-350B
http://rashodnika.net/10_1_1_61.html;Kyocera TK-350(B) Тонер-картридж черный;TK-350B
http://rashodnika.net/KcDV-360.html;Kyocera Блок проявки;DV-360
http://rashodnika.net/10_1_1_13.html;Kyocera Сервисный комплект ;MK-360
http://rashodnika.net/10_1_1_62.html;Kyocera Тонер-картридж черный;TK-360
http://rashodnika.net/10_1_1_14.html;Kyocera Сервисный комплект автоподатчика DP;MK-370B
http://rashodnika.net/KcFK-400E.html;Kyocera Узел термозакрепления 230v;FK-400E
http://rashodnika.net/KcTK-400.html;Kyocera Тонер-картридж черный;TK-400
http://rashodnika.net/KcPU-405.html;Kyocera Блок формирования изображения;PU-405
http://rashodnika.net/KcDV-410.html;Kyocera Блок проявки;DV-410
http://rashodnika.net/KcFK-410E.html;Kyocera Узел термозакрепления 230v;FK-410E
http://rashodnika.net/KcMK-410.html;Kyocera Сервисный комплект ;MK-410
http://rashodnika.net/KcTK-410.html;Kyocera Тонер-картридж черный;TK-410
http://rashodnika.net/KcMK-413.html;Kyocera Сервисный комплект ;MK-413
http://rashodnika.net/KcDK-420.html;Kyocera Блок фотобарабана;DK-420
http://rashodnika.net/KcDV-420.html;Kyocera Блок проявки;DV-420
http://rashodnika.net/KcFK-420E.html;Kyocera Узел термозакрепления 230v;FK-420E
http://rashodnika.net/KcMK-420.html;Kyocera Сервисный комплект ;MK-420
http://rashodnika.net/KcTK-420.html;Kyocera Тонер-картридж черный;TK-420
http://rashodnika.net/KcTR-420.html;Kyocera Узел переноса изображения;TR-420
http://rashodnika.net/10_1_1_63.html;Kyocera Тонер-картридж черный;TK-435
http://rashodnika.net/KcDK-440.html;Kyocera Блок фотобарабана;DK-440
http://rashodnika.net/KcDV-440.html;Kyocera Блок проявки;DV-440
http://rashodnika.net/KcFK-440E.html;Kyocera Узел термозакрепления 230v;FK-440E
http://rashodnika.net/KcLK-440.html;Kyocera Блок лазера;LK-440
http://rashodnika.net/KcMC-440.html;Kyocera Главный коротрон;MC-440
http://rashodnika.net/KcMK-440.html;Kyocera Сервисный комплект ;MK-440
http://rashodnika.net/KcTK-440.html;Kyocera Тонер-картридж черный;TK-440
http://rashodnika.net/KcDK-450.html;Kyocera Блок фотобарабана;DK-450
http://rashodnika.net/KcDV-450.html;Kyocera Блок проявки ;DV-450
http://rashodnika.net/KcFK-450E.html;Kyocera Узел термозакрепления 230v;FK-450E
http://rashodnika.net/KcMC-450.html;Kyocera Главный коротрон;MC-450
http://rashodnika.net/10_1_1_15.html;Kyocera Сервисный комплект ;MK-450
http://rashodnika.net/10_1_1_64.html;Kyocera Тонер-картридж черный;TK-450
http://rashodnika.net/KcDV-460.html;Kyocera Блок проявки;DV-460
http://rashodnika.net/KcFK-460E.html;Kyocera Узел термозакрепления 230v;FK-460E
http://rashodnika.net/KcLK-460.html;Kyocera Блок лазера (сканер);LK-460
http://rashodnika.net/KcMC-460.html;Kyocera Главный коротрон;MC-460
http://rashodnika.net/10_1_1_16.html;Kyocera Сервисный комплект ;MK-460
http://rashodnika.net/KcMK-470.html;Kyocera Сервисный комплект автоподатчика ;MK-470
http://rashodnika.net/KcDK-475.html;Kyocera Блок фотобарабана;DK-475
http://rashodnika.net/Kyocera-DR-475.html;Kyocera Блок подачи;DR-475
http://rashodnika.net/KcDV-475.html;Kyocera Блок проявки;DV-475
http://rashodnika.net/KcFK-475E.html;Kyocera Узел термозакрепления 230v;FK-475E
http://rashodnika.net/KcLK-475.html;Kyocera Блок лазера (сканер);LK-475
http://rashodnika.net/KcMK-475.html;Kyocera Сервисный комплект 230v;MK-475
http://rashodnika.net/KcTK-475.html;Kyocera Тонер-картридж черный;TK-475
http://rashodnika.net/KcTR-475.html;Kyocera Узел переноса изображения;TR-475
http://rashodnika.net/KcDK-500.html;Kyocera Блок фотобарабана;DK-500
http://rashodnika.net/KcDV-500C.html;Kyocera Блок проявки голубой;DV-500C
http://rashodnika.net/KcDV-500K.html;Kyocera Блок проявки черный;DV-500K
http://rashodnika.net/KcDV-500M.html;Kyocera Блок проявки пурпурный;DV-500M
http://rashodnika.net/KcDV-500Y.html;Kyocera Блок проявки желтый;DV-500Y
http://rashodnika.net/KcFK-500E.html;Kyocera Узел термозакрепления 230v;FK-500E
http://rashodnika.net/KcMK-500.html;Kyocera Сервисный комплект ;MK-500
http://rashodnika.net/KcTK-500C.html;Kyocera Тонер-картридж голубой;TK-500C
http://rashodnika.net/KcTK-500K.html;Kyocera Тонер-картридж черный;TK-500K
http://rashodnika.net/KcTK-500M.html;Kyocera Тонер-картридж пурпурный;TK-500M
http://rashodnika.net/KcTK-500Y.html;Kyocera Тонер-картридж желтый;TK-500Y
http://rashodnika.net/KcDK-510.html;Kyocera Блок фотобарабана;DK-510
http://rashodnika.net/KcDV-510C.html;Kyocera Блок проявки голубой;DV-510C
http://rashodnika.net/KcDV-510K.html;Kyocera Блок проявки черный;DV-510K
http://rashodnika.net/KcDV-510M.html;Kyocera Блок проявки пурпурный;DV-510M
http://rashodnika.net/KcDV-510Y.html;Kyocera Блок проявки желтый;DV-510Y
http://rashodnika.net/KcDV-520C.html;Kyocera Блок проявки голубой;DV-510C
http://rashodnika.net/KcDV-520K.html;Kyocera Блок проявки черный;DV-510K
http://rashodnika.net/KcFK-510E.html;Kyocera Узел термозакрепления 230v в сборе;FK-510E
http://rashodnika.net/KcMC-510.html;Kyocera Главный коротрон;MC-510
http://rashodnika.net/KcMK-510.html;Kyocera Сервисный комплект ;MK-510
http://rashodnika.net/KcTK-510C.html;Kyocera Тонер-картридж голубой;TK-510C
http://rashodnika.net/KcTK-510K.html;Kyocera Тонер-картридж черный;TK-510K
http://rashodnika.net/KcTK-510M.html;Kyocera Тонер-картридж пурпурный;TK-510M
http://rashodnika.net/KcTK-510Y.html;Kyocera Тонер-картридж желтый;TK-510Y
http://rashodnika.net/KcDK-511.html;Kyocera Блок фотобарабана;DK-511
http://rashodnika.net/KcDK-520.html;Kyocera Блок фотобарабана;DK-520
http://rashodnika.net/KcDV-520M.html;Kyocera Блок проявки пурпурный;DV-520M
http://rashodnika.net/KcDV-520Y.html;Kyocera Блок проявки желтый;DV-520Y
http://rashodnika.net/KcFK-520E.html;Kyocera Узел термозакрепления 230v в сборе;FK-520E
http://rashodnika.net/KcMK-520.html;Kyocera Сервисный комплект ;MK-520
http://rashodnika.net/KcTK-520C.html;Kyocera Тонер-картридж голубой.;TK-520C
http://rashodnika.net/KcTK-520K.html;Kyocera Тонер-картридж черный.;TK-520K
http://rashodnika.net/KcTK-520M.html;Kyocera Тонер-картридж пурпурный.;TK-520M
http://rashodnika.net/KcTK-520Y.html;Kyocera Тонер-картридж желтый.;TK-520Y
http://rashodnika.net/KcDK-521.html;Kyocera Блок фотобарабана;DK-521
http://rashodnika.net/KcFK-521E.html;Kyocera Узел термозакрепления 230v в сборе;FK-521E
http://rashodnika.net/KcDK-540.html;Kyocera Блок фотобарабана;DK-540
http://rashodnika.net/KcDV-540C.html;Kyocera Блок проявки голубой /Developer Unit C/;DV-540C
http://rashodnika.net/KcDV-540K.html;Kyocera Блок проявки черный /Developer Unit K/;DV-540K
http://rashodnika.net/KcDV-540M.html;Kyocera Блок проявки пурпурный /Developer Unit M/;DV-540M
http://rashodnika.net/KcDV-540Y.html;Kyocera Блок проявки желтый /Developer Unit Y/;DV-540Y
http://rashodnika.net/KcFK-540E.html;Kyocera Узел термозакрепления 230v;FK-540E
http://rashodnika.net/KcMK-540.html;Kyocera Сервисный комплект ;MK-540
http://rashodnika.net/10_1_1_66.html;Kyocera Тонер-картридж голубой.;TK-540C
http://rashodnika.net/10_1_1_67.html;Kyocera Тонер-картридж черный.;TK-540K
http://rashodnika.net/10_1_1_68.html;Kyocera Тонер-картридж пурпурный.;TK-540M
http://rashodnika.net/10_1_1_69.html;Kyocera Тонер-картридж желтый.;TK-540Y
http://rashodnika.net/KcDK-550.html;Kyocera Блок фотобарабана;DK-550
http://rashodnika.net/10_1_1_17.html;Kyocera Сервисный комплект;MK-550
http://rashodnika.net/10_1_1_71.html;Kyocera Тонер-картридж голубой.;TK-550C
http://rashodnika.net/10_1_1_72.html;Kyocera Тонер-картридж черный.;TK-550K
http://rashodnika.net/10_1_1_73.html;Kyocera Тонер-картридж пурпурный.;TK-550M
http://rashodnika.net/10_1_1_74.html;Kyocera Тонер-картридж желтый.;TK-550Y
http://rashodnika.net/KcDK-560.html;Kyocera Блок фотобарабана;DK-560
http://rashodnika.net/KcDV-560C.html;Kyocera Блок проявки голубой /Developer Unit C/;DV-560C
http://rashodnika.net/KcDV-560K.html;Kyocera Блок проявки черный /Developer Unit K/;DV-560K
http://rashodnika.net/KcDV-560M.html;Kyocera Блок проявки пурпурный /Developer Unit M/;DV-560M
http://rashodnika.net/KcDV-560Y.html;Kyocera Блок проявки желтый /Developer Unit Y/;DV-560Y
http://rashodnika.net/KcFK-560E.html;Kyocera Узел термозакрепления 230v;FK-560E
http://rashodnika.net/KcMC-560.html;Kyocera Главный коротрон;MC-560
http://rashodnika.net/10_1_1_18.html;Kyocera Сервисный комплект ;MK-560
http://rashodnika.net/10_1_1_75.html;Kyocera Тонер-картридж голубой.;TK-560C
http://rashodnika.net/10_1_1_76.html;Kyocera Тонер-картридж черный.;TK-560K
http://rashodnika.net/10_1_1_77.html;Kyocera Тонер-картридж пурпурный.;TK-560M
http://rashodnika.net/10_1_1_78.html;Kyocera Тонер-картридж желтый.;TK-560Y
http://rashodnika.net/KcDK-570.html;Kyocera Блок фотобарабана;DK-570
http://rashodnika.net/KcDV-570C.html;Kyocera Блок проявки голубой /Developer Unit C/;DV-570C
http://rashodnika.net/KcDV-570K.html;Kyocera Блок проявки черный /Developer Unit K/;DV-570K
http://rashodnika.net/KcDV-570M.html;Kyocera Блок проявки пурпурный /Developer Unit M/;DV-570M
http://rashodnika.net/KcDV-570Y.html;Kyocera Блок проявки желтый /Developer Unit Y/;DV-570Y
http://rashodnika.net/KcFK-570E.html;Kyocera Узел термозакрепления 230v;FK-570E
http://rashodnika.net/KcMC-570.html;Kyocera Главный коротрон;MC-570
http://rashodnika.net/10_1_1_19.html;Kyocera Сервисный комплект ;MK-570
http://rashodnika.net/10_1_1_79.html;Kyocera Тонер-картридж голубой;TK-570C
http://rashodnika.net/10_1_1_80.html;Kyocera Тонер-картридж черный;TK-570K
http://rashodnika.net/10_1_1_81.html;Kyocera Тонер-картридж пурпурный;TK-570M
http://rashodnika.net/10_1_1_82.html;Kyocera Тонер-картридж желтый;TK-570Y
http://rashodnika.net/KcTR-570.html;Kyocera Узел переноса изображения;TR-570
http://rashodnika.net/KcWT-570.html;Kyocera Сборник отработанного тонера;WT-570
http://rashodnika.net/KcDK-580.html;Kyocera Блок фотобарабана;DK-580
http://rashodnika.net/KcFK-580E.html;Kyocera Узел термозакрепления 230v;FK-580E
http://rashodnika.net/10_1_1_20.html;Kyocera Сервисный комплект ;MK-580
http://rashodnika.net/KcTK-580C.html;Kyocera Тонер-картридж голубой;TK-580C
http://rashodnika.net/KcTK-580K.html;Kyocera Тонер-картридж черный;TK-580K
http://rashodnika.net/KcTK-580M.html;Kyocera Тонер-картридж пурпурный;TK-580M
http://rashodnika.net/KcTK-580Y.html;Kyocera Тонер-картридж желтый;TK-580Y
http://rashodnika.net/KcDK-590.html;Kyocera Блок фотобарабана;DK-590
http://rashodnika.net/KcFK-590E.html;Kyocera Узел термозакрепления 230v;FK-590E
http://rashodnika.net/KcMK-590.html;Kyocera Сервисный комплект ;MK-590
http://rashodnika.net/KcTK-590C.html;Kyocera Тонер-картридж голубой;TK-590C
http://rashodnika.net/KcTK-590K.html;Kyocera Тонер-картридж черный;TK-590K
http://rashodnika.net/KcTK-590M.html;Kyocera Тонер-картридж пурпурный;TK-590M
http://rashodnika.net/KcTK-590Y.html;Kyocera Тонер-картридж желтый;TK-590Y
http://rashodnika.net/KcTR-590.html;Kyocera Узел переноса изображения;TR-590
http://rashodnika.net/KcWT-590.html;Kyocera Сборник отработанного тонера;WT-590
http://rashodnika.net/KcDK-591.html;Kyocera Блок фотобарабана;DK-591
http://rashodnika.net/KcMK-600.html;Kyocera Сервисный комплект ;MK-600
http://rashodnika.net/KcSK-600.html;Kyocera Сервисный комплект;SK-600
http://rashodnika.net/KcTK-603.html;Kyocera Тонер-картридж черный;TK-603
http://rashodnika.net/KcMK-610.html;Kyocera Сервисный комплект ;MK-610
http://rashodnika.net/KcSK-610.html;Kyocera Сервисный комплект;SK-610
http://rashodnika.net/KcMK-620.html;Kyocera Сервисный комплект ;MK-620
http://rashodnika.net/KcSK-620.html;Kyocera Сервисный комплект;SK-620
http://rashodnika.net/KcTK-631.html;Kyocera Тонер-картридж черный;TK-631
http://rashodnika.net/KcDV-650.html;Kyocera Блок проявки;DV-650
http://rashodnika.net/KcFK-650E.html;Kyocera Узел термозакрепления в сборе 230v;FK-650E
http://rashodnika.net/KcMK-650A.html;Kyocera Сервисный комплект ;MK-650A
http://rashodnika.net/KcMK-650B.html;Kyocera Сервисный комплект ;MK-650B
http://rashodnika.net/KcPM-650A.html;Kyocera Сервисный комплект;PM-650A
http://rashodnika.net/KcPM-650B.html;Kyocera Сервисный комплект;PM-650B
http://rashodnika.net/KcTK-655.html;Kyocera Тонер-картридж черный;TK-655
http://rashodnika.net/10_1_1_24.html;Kyocera Сервисный комплект ;MK-660A
http://rashodnika.net/10_1_1_25.html;Kyocera Сервисный комплект ;MK-660B
http://rashodnika.net/KcPM-660A.html;Kyocera Сервисный комплект;PM-660A
http://rashodnika.net/KcPM-660B.html;Kyocera Сервисный комплект ;PM-660B
http://rashodnika.net/10_1_1_85.html;Kyocera Тонер-картридж черный;TK-665
http://rashodnika.net/KcDK-670.html;Kyocera Блок фотобарабана;DK-670
http://rashodnika.net/10_1_1_27.html;Kyocera Сервисный комплект ;MK-670
http://rashodnika.net/KcFK-671E.html;Kyocera (FK-670) Узел термозакрепления в сборе 230v;FK-671E
http://rashodnika.net/10_1_1_28.html;(MK-670) Kyocera Сервисный комплект ;MK-671
http://rashodnika.net/10_1_1_86.html;Kyocera Тонер-картридж черный;TK-675
http://rashodnika.net/10_1_1_87.html;Kyocera Тонер-картридж черный;TK-685
http://rashodnika.net/KcDK-700.html;Kyocera Блок фотобарабана;DK-700
http://rashodnika.net/KcDV-700.html;Kyocera Блок проявки;DV-700
http://rashodnika.net/KcFK-700E.html;Kyocera Узел термозакрепления 220v;FK-700E
http://rashodnika.net/KcMK-700.html;Kyocera Сервисный комплект ;MK-700
http://rashodnika.net/KcSK-700.html;Kyocera Сервисный комплект;SK-700
http://rashodnika.net/KcDK-701.html;Kyocera Блок фотобарабана;DK-701
http://rashodnika.net/KcFK-701E.html;Kyocera Узел термозакрепления 230v;FK-701E
http://rashodnika.net/KcMK-701.html;Kyocera Сервисный комплект ;MK-701
http://rashodnika.net/KcFK-702E.html;Kyocera Узел термозакрепления 230v;FK-702E
http://rashodnika.net/KcMK-702.html;Kyocera Сервисный комплект ;MK-702
http://rashodnika.net/KcMK-703.html;Kyocera Сервисный комплект ;MK-703
http://rashodnika.net/KcMK-705.html;Kyocera Сервисный комплект ;MK-705
http://rashodnika.net/KcMK-706.html;Kyocera Сервисный комплект ;MK-706
http://rashodnika.net/KcMK-707.html;Kyocera Сервисный комплект ;MK-707
http://rashodnika.net/KcDK-710.html;Kyocera Блок фотобарабана;DK-710
http://rashodnika.net/KcDV-710.html;Kyocera Блок проявки;DV-710
http://rashodnika.net/KcFK-710E.html;Kyocera Узел термозакрепления 230v;FK-710E
http://rashodnika.net/10_1_1_30.html;Kyocera Сервисный комплект ;MK-710E
http://rashodnika.net/KcSK-710.html;Kyocera Сервисный комплект;SK-710
http://rashodnika.net/10_1_1_88.html;Kyocera Тонер-картридж черный;TK-710
http://rashodnika.net/KcDK-715.html;Kyocera Блок фотобарабана;DK-715
http://rashodnika.net/KcDV-715.html;Kyocera Блок проявки;DV-715
http://rashodnika.net/KcFK-715E.html;Kyocera Узел термозакрепления;FK-715E
http://rashodnika.net/KcMK-715.html;Kyocera Сервисный комплект ;MK-715
http://rashodnika.net/KcTK-715.html;Kyocera Тонер-картридж черный;TK-715
http://rashodnika.net/KcDK-716.html;Kyocera Блок фотобарабана;DK-716
http://rashodnika.net/KcMK-716.html;Kyocera Сервисный комплект ;MK-716
http://rashodnika.net/KcFK-720E.html;Kyocera Узел термозакрепления 230v;FK-720E
http://rashodnika.net/10_1_1_89.html;Kyocera Тонер-картридж черный;TK-725
http://rashodnika.net/10_1_1_31.html;Kyocera Сервисный комплект ;MK-726
http://rashodnika.net/Kyocera-DK-800-Drum.html;Kyocera Фотобарабан;DK-800
http://rashodnika.net/KcMK-800A.html;Kyocera Сервисный комплект ;MK-800A
http://rashodnika.net/KcMK-800C.html;Kyocera Сервисный комплект ;MK-800C
http://rashodnika.net/KcTK-800C.html;Kyocera Тонер-картридж голубой;TK-800C
http://rashodnika.net/KcTK-800K.html;Kyocera Тонер-картридж черный;TK-800K
http://rashodnika.net/KcTK-800M.html;Kyocera Тонер-картридж пурпурный;TK-800M
http://rashodnika.net/KcTK-800Y.html;Kyocera Тонер-картридж желтый;TK-800Y
http://rashodnika.net/KcMK-801B.html;Kyocera Сервисный комплект ;MK-801B
http://rashodnika.net/KcMK-803A.html;Kyocera Сервисный комплект ;MK-803A
http://rashodnika.net/KcMK-803B.html;Kyocera Сервисный комплект ;MK-803B
http://rashodnika.net/KcMK-803C.html;Kyocera Сервисный комплект ;MK-803C
http://rashodnika.net/KcMK-805A.html;Kyocera Сервисный комплект;MK-805A
http://rashodnika.net/KcMK-805C.html;Kyocera Сервисный комплект;MK-805C
http://rashodnika.net/KcTK-805C.html;Kyocera Тонер-картридж голубой;TK-805C
http://rashodnika.net/KcTK-805K.html;Kyocera Тонер-картридж черный;TK-805K
http://rashodnika.net/KcTK-805M.html;Kyocera Тонер-картридж пурпурный;TK-805M
http://rashodnika.net/KcTK-805Y.html;Kyocera Тонер-картридж желтый;TK-805Y
http://rashodnika.net/KcMK-806B.html;Kyocera Сервисный комплект;MK-806B
http://rashodnika.net/KcMK-808A.html;Kyocera Сервисный комплект;MK-808A
http://rashodnika.net/KcMK-808B.html;Kyocera Сервисный комплект;MK-808B
http://rashodnika.net/KcMK-808C.html;Kyocera Сервисный комплект ;MK-808C
http://rashodnika.net/KcMK-810A.html;Kyocera Сервисный комплект;MK-810A
http://rashodnika.net/KcMK-810B.html;Kyocera Сервисный комплект;MK-810B
http://rashodnika.net/KcMK-810C.html;Kyocera Сервисный комплект;MK-810C
http://rashodnika.net/KcTK-810C.html;Kyocera Тонер-картридж голубой;TK-810C
http://rashodnika.net/KcTK-810K.html;Kyocera Тонер-картридж черный;TK-810K
http://rashodnika.net/KcTK-810M.html;Kyocera Тонер-картридж пурпурный;TK-810M
http://rashodnika.net/KcTK-810Y.html;Kyocera Тонер-картридж желтый;TK-810Y
http://rashodnika.net/KcMK-815A.html;Kyocera Сервисный комплект;MK-815A
http://rashodnika.net/KcMK-815B.html;Kyocera Сервисный комплект ;MK-815B
http://rashodnika.net/KcMK-815C.html;Kyocera Сервисный комплект;MK-815C
http://rashodnika.net/KcTK-815C.html;Kyocera Тонер-картридж голубой;TK-815C
http://rashodnika.net/KcTK-815K.html;Kyocera Тонер-картридж черный;TK-815K
http://rashodnika.net/KcTK-815M.html;Kyocera Тонер-картридж пурпурный;TK-815M
http://rashodnika.net/KcTK-815Y.html;Kyocera Тонер-картридж желтый;TK-815Y
http://rashodnika.net/KcDK-820.html;Kyocera Блок фотобарабана;DK-820
http://rashodnika.net/KcDV-820C.html;Kyocera Блок проявки голубой;DV-820C
http://rashodnika.net/KcDV-820K.html;Kyocera Блок проявки черный;DV-820K
http://rashodnika.net/KcDV-820M.html;Kyocera Блок проявки пурпурный;DV-820M
http://rashodnika.net/KcDV-820Y.html;Kyocera Блок проявки желтый;DV-820Y
http://rashodnika.net/KcFK-820E.html;Kyocera Узел термозакрепления;FK-820E
http://rashodnika.net/KcMK-820A.html;Kyocera Сервисный комплект;MK-820A
http://rashodnika.net/KcMK-820B.html;Kyocera Сервисный комплект;MK-820B
http://rashodnika.net/KcTK-820C.html;Kyocera Тонер-картридж голубой;TK-820C
http://rashodnika.net/KcTK-820K.html;Kyocera Тонер-картридж черный;TK-820K
http://rashodnika.net/KcTK-820M.html;Kyocera Тонер-картридж пурпурный;TK-820M
http://rashodnika.net/KcTK-820Y.html;Kyocera Тонер-картридж желтый;TK-820Y
http://rashodnika.net/KcDK-821.html;Kyocera Блок фотобарабана;DK-821
http://rashodnika.net/KcDV-821C.html;Kyocera Блок проявки голубой;DV-821C
http://rashodnika.net/KcDV-821K.html;Kyocera Блок проявки черный;DV-821K
http://rashodnika.net/KcDV-821M.html;Kyocera Блок проявки пурпурный;DV-821M
http://rashodnika.net/KcDV-821Y.html;Kyocera Блок проявки желтый;DV-821Y
http://rashodnika.net/KcFK-821E.html;Kyocera Узел термозакрепления 230v;FK-821
http://rashodnika.net/Kyocera-DK-825-Drum.html;Kyocera Блок фотобарабана в сборе;DK-825
http://rashodnika.net/KcFK-825E.html;Kyocera Узел термозакрепления 230v;FK-825E
http://rashodnika.net/KcMK-825A.html;Kyocera Сервисный комплект;MK-825A
http://rashodnika.net/KcMK-825B.html;Kyocera Сервисный комплект;MK-825B
http://rashodnika.net/KcTK-825C.html;Kyocera Тонер-картридж голубой;TK-825C
http://rashodnika.net/KcTK-825K.html;Kyocera Тонер-картридж черный;TK-825K
http://rashodnika.net/KcTK-825M.html;Kyocera Тонер-картридж пурпурный;TK-825M
http://rashodnika.net/KcTK-825Y.html;Kyocera Тонер-картридж желтый;TK-825Y
http://rashodnika.net/KcMK-826A.html;Kyocera Сервисный комплект;MK-826A
http://rashodnika.net/KcDK-855.html;Kyocera Блок фотобарабана;DK-855
http://rashodnika.net/KcDV-855C.html;Kyocera Блок проявки голубой;DV-855C
http://rashodnika.net/KcDV-855K.html;Kyocera Блок проявки черный;DV-855K
http://rashodnika.net/KcDV-855M.html;Kyocera Блок проявки пурпурный;DV-855M
http://rashodnika.net/KcDV-855Y.html;Kyocera Блок проявки пурпурный;DV-855Y
http://rashodnika.net/10_1_1_32.html;Kyocera Сервисный комплект черный;MK-855A
http://rashodnika.net/10_1_1_33.html;Kyocera Сервисный комплект цветной;MK-855B
http://rashodnika.net/KcTK-855C.html;Kyocera Тонер-картридж голубой;TK-855C
http://rashodnika.net/10_1_1_90.html;Kyocera Тонер-картридж черный;TK-855K
http://rashodnika.net/KcTK-855M.html;Kyocera Тонер-картридж пурпурный;TK-855M
http://rashodnika.net/KcTK-855Y.html;Kyocera Тонер-картридж желтый;TK-855Y
http://rashodnika.net/KcDK-856.html;Kyocera Блок фотобарабана;DK-856
http://rashodnika.net/KcDV-856C.html;Kyocera Блок проявки голубой;DV-856C
http://rashodnika.net/KcDV-856K.html;Kyocera Блок проявки черный;DV-856K
http://rashodnika.net/KcDV-856M.html;Kyocera Блок проявки пурпурный;DV-856M
http://rashodnika.net/KcDV-856Y.html;Kyocera Блок проявки желтый;DV-856Y
http://rashodnika.net/KcMK-856A.html;Kyocera Сервисный комплект черный;MK-856A
http://rashodnika.net/KcMK-856B.html;Kyocera Сервисный комплект цветной;MK-856B
http://rashodnika.net/KcWT-860.html;Kyocera Контейнер для отработанного тонера;WT-860
http://rashodnika.net/KcWT-861.html;Kyocera Контейнер для отработанного тонера;WT-861
http://rashodnika.net/KcDK-865.html;Kyocera Блок фотобарабана;DK-865
http://rashodnika.net/KcDV-865C.html;Kyocera Блок проявки голубой;DV-865C
http://rashodnika.net/KcDV-865K.html;Kyocera Блок проявки черный;DV-865K
http://rashodnika.net/KcDV-865M.html;Kyocera Блок проявки пурпурный;DV-865M
http://rashodnika.net/KcDV-865Y.html;Kyocera Блок проявки желтый;DV-865Y
http://rashodnika.net/KcFK-865E.html;Kyocera Узел термозакрепления 230v;FK-865E
http://rashodnika.net/10_1_1_34.html;Kyocera Сервисный комплект черный;MK-865A
http://rashodnika.net/10_1_1_35.html;Kyocera Сервисный комплект цветной;MK-865B
http://rashodnika.net/10_1_1_91.html;Kyocera Тонер-картридж голубой;TK-865C
http://rashodnika.net/10_1_1_92.html;Kyocera Тонер-картридж черный;TK-865K
http://rashodnika.net/10_1_1_93.html;Kyocera Тонер-картридж пурпурный;TK-865M
http://rashodnika.net/10_1_1_94.html;Kyocera Тонер-картридж желтый;TK-865Y
http://rashodnika.net/KcTK-875C.html;Kyocera Тонер-картридж голубой;TK-875C
http://rashodnika.net/KcTK-875K.html;Kyocera Тонер-картридж черный;TK-875K
http://rashodnika.net/KcTK-875M.html;Kyocera Тонер-картридж пурпурный;TK-875M
http://rashodnika.net/KcTK-875Y.html;Kyocera Тонер-картридж желтый;TK-875Y
http://rashodnika.net/KcFK-880E.html;Kyocera Узел термозакрепления 230v;FK-880E
http://rashodnika.net/10_1_1_36.html;Kyocera Сервисный комплект черный;MK-880A
http://rashodnika.net/10_1_1_37.html;(MK-856B) Kyocera Сервисный комплект цветной;MK-880B
http://rashodnika.net/10_1_1_95.html;Kyocera Тонер-картридж голубой;TK-880C
http://rashodnika.net/10_1_1_96.html;Kyocera Тонер-картридж черный;TK-880K
http://rashodnika.net/10_1_1_97.html;Kyocera Тонер-картридж пурпурный;TK-880M
http://rashodnika.net/10_1_1_98.html;Kyocera Тонер-картридж желтый;TK-880Y
http://rashodnika.net/KcDK-895.html;Kyocera Блок фотобарабана;DK-895
http://rashodnika.net/KcDV-895C.html;Kyocera Блок проявки в сборе голубой;DV-895C
http://rashodnika.net/KcDV-895K.html;Kyocera Блок проявки в сборе черный;DV-895K
http://rashodnika.net/KcDV-895M.html;Kyocera Блок проявки в сборе пурпурный;DV-895M
http://rashodnika.net/KcDV-895Y.html;Kyocera Блок проявки в сборе желтый;DV-895Y
http://rashodnika.net/KcFK-895.html;Kyocera Узел термозакрепления.;FK-895
http://rashodnika.net/KcMK-895A.html;Kyocera Сервисный комплект черный;MK-895A
http://rashodnika.net/KcMK-895B.html;Kyocera Сервисный комплект цветной;MK-895B
http://rashodnika.net/KcTK-895C.html;Kyocera Тонер-картридж голубой;TK-895C
http://rashodnika.net/KcTK-895K.html;Kyocera Тонер-картридж черный;TK-895K
http://rashodnika.net/KcTK-895M.html;Kyocera Тонер-картридж пурпурный;TK-895M
http://rashodnika.net/KcTK-895Y.html;Kyocera Тонер-картридж желтый;TK-895Y
http://rashodnika.net/KcDK-896.html;Kyocera Блок фотобарабана;DK-896
http://rashodnika.net/KcDV-896C.html;Kyocera Блок проявки в сборе голубой /Developer Unit C/;DV-896C
http://rashodnika.net/KcDV-896K.html;Kyocera Блок проявки в сборе черный /Developer Unit K/;DV-896K
http://rashodnika.net/KcDV-896M.html;Kyocera Блок проявки в сборе пурпурный /Developer Unit M/;DV-896M
http://rashodnika.net/KcDV-896Y.html;Kyocera Блок проявки в сборе желтый /Developer Unit Y/;DV-896Y
http://rashodnika.net/KcFK-896.html;Kyocera Узел термозакрепления.;FK-896
http://rashodnika.net/KcMK-896A.html;Kyocera Сервисный комплект;MK-896A
http://rashodnika.net/KcMK-896B.html;Kyocera Сервисный комплект ;MK-896B
http://rashodnika.net/KcTK-897C.html;Kyocera Тонер-картридж голубой;TK-897C
http://rashodnika.net/KcTK-897K.html;Kyocera Тонер-картридж черный;TK-897K
http://rashodnika.net/KcTK-897M.html;Kyocera Тонер-картридж пурпурный;TK-897M
http://rashodnika.net/KcTK-897Y.html;Kyocera Тонер-картридж желтый;TK-897Y
http://rashodnika.net/KcDK-950.html;Kyocera Блок фотобарабана;DK-950
http://rashodnika.net/KcDV-950A.html;Kyocera Ремонтный комплект блока проявки 1;DV-950A
http://rashodnika.net/KcDV-950B.html;Kyocera Ремонтный комплект блока проявки 2;DV-950B
http://rashodnika.net/KcFK-950.html;Kyocera Ремонтный комплект печки;FK-950
http://rashodnika.net/10_1_1_99.html;Kyocera Тонер-картридж черный 2шт.;TK-950
http://rashodnika.net/10_1_1_100.html;Kyocera Тонер-картридж черный стартовый;TK-950S
http://rashodnika.net/KcDV-960.html;Kyocera Ремонтный комплект блока проявки;DV-960
http://rashodnika.net/KcFK-960.html;Kyocera Ремонтный комплект печки;FK-960
http://rashodnika.net/KcMC-960.html;Kyocera Kомплект нитей коротрона;MC-960
http://rashodnika.net/KcSK-960.html;Kyocera Комплект озоновых фильтров;SK-960
http://rashodnika.net/10_1_1_101.html;Kyocera Тонер-картридж черный 2шт.;TK-960
http://rashodnika.net/KcTK-980.html;Kyocera Тонер-картридж черный 2шт.;TK-980
http://rashodnika.net/KcDV-1100.html;Kyocera Блок проявки;DV-1100
http://rashodnika.net/KcMK-1100.html;Kyocera Сервисный комплект ;MK-1100
http://rashodnika.net/KcTK-1100.html;Kyocera Тонер-картридж черный;TK-1100
http://rashodnika.net/KcDK-1105.html;Kyocera Блок фотобарабана;DK-1105
http://rashodnika.net/KcDK-1110.html;Kyocera Блок фотобарабана;DK-1110
http://rashodnika.net/KcDV-1110.html;Kyocera Блок проявки;DV-1110
http://rashodnika.net/KcFK-1110E.html;Kyocera Узел термозакрепления;FK-1110E
