http://rashodnika.net/LX-50F0HA0.html;LEXMARK 500HA Тонер картридж черный (5000 стр.);50F0HA0;500HA
http://rashodnika.net/LX-50F0UA0.html;LEXMARK 500UA Тонер картридж черный  (20000 стр.);50F0UA0;500UA
http://rashodnika.net/LX-50F0XA0.html;LEXMARK 500XA Тонер картридж черный  (10000 стр.), возвратный;50F0XA0;500XA
http://rashodnika.net/LX-50F0Z00.html;LEXMARK 500Z Блок формирования изображения, возвратный;50F0Z00;500Z
http://rashodnika.net/LX-50F0ZA0.html;LEXMARK 500ZA Блок формирования изображения;50F0ZA0;500ZA
http://rashodnika.net/LX-50F5000.html;LEXMARK 505 Тонер картридж черный  (1500 стр.), возвратный;50F5000;505
http://rashodnika.net/LX-50F5H00.html;LEXMARK 505H Тонер картридж черный  (5000 стр.), возвратный;50F5H00;505H
http://rashodnika.net/LX-50F5U00.html;LEXMARK 505U Тонер картридж черный  (20000 стр.), возвратный;50F5U00;505U
http://rashodnika.net/LX-50F5X00.html;LEXMARK 505X Тонер картридж черный (10000 стр.), возвратный;50F5X00;505X
http://rashodnika.net/LX-51F0HA0.html;LEXMARK 510HA Тонер картридж черный (5000 стр.), возвратный;51F0HA0;510HA
http://rashodnika.net/LX-51F5H00.html;LEXMARK 515H Тонер картридж черный  (5000 стр.), возвратный;51F5H00;515H
http://rashodnika.net/LX-52D0HAL.html;LEXMARK 520HAL Тонер картридж черный  (25000 стр.);52D0HAL;520HAL
http://rashodnika.net/LX-52D0Z00.html;LEXMARK 520Z Блок формирования изображения, возвратный;52D0Z00;520Z
http://rashodnika.net/LX-52D0ZA0.html;LEXMARK 520ZA Блок формирования изображения;52D0ZA0;520ZA
http://rashodnika.net/LX-52D0XA0.html;LEXMARK 525XA Тонер картридж черный  (45000 стр.);52D0XA0;525XA
http://rashodnika.net/LX-52D0XAL.html;LEXMARK 525XAL Тонер картридж черный  (45000 стр.);52D0XAL;525XAL
http://rashodnika.net/LX-52D5000.html;LEXMARK 525 Тонер картридж черный  (6000 стр.), возвратный;52D5000;525
http://rashodnika.net/LX-52D5H00.html;LEXMARK 525H Тонер картридж черный  (25000 стр.), возвратный;52D5H00;525H
http://rashodnika.net/LX-52D5H0L.html;LEXMARK 525HL Тонер картридж черный  (25000 стр.), возвратный;52D5H0L;525HL
http://rashodnika.net/LX-52D5X00.html;LEXMARK 525X Тонер картридж черный  (45000 стр.), возвратный;52D5X00;525X
http://rashodnika.net/LX-52D5X0L.html;LEXMARK 525XL Тонер картридж черный  (45000 стр.), возвратный;52D5X0L;525XL
http://rashodnika.net/LX-54G0H00.html;LEXMARK 540H Тонер картридж черный;54G0H00;540H
http://rashodnika.net/LX-54G0P00.html;LEXMARK 540P Блок формирования изображения;54G0P00;540P
http://rashodnika.net/LX-54G0W00.html;LEXMARK 540W Контейнер для отработанного тонера;54G0W00;540W
http://rashodnika.net/LX-60F0HA0.html;LEXMARK 600HA Тонер картридж черный (10000 стр.);60F0HA0;600HA
http://rashodnika.net/LX-60F0XA0.html;LEXMARK 600XA Тонер картридж черный  (20000 стр.);60F0XA0;600XA
http://rashodnika.net/LX-60F5000.html;LEXMARK 605 Тонер картридж черный  (2500 стр.), возвратный;60F5000;605
http://rashodnika.net/LX-60F5H00.html;LEXMARK 605H Тонер картридж черный  (10000 стр.) Return Program;60F5H00;605H
http://rashodnika.net/LX-60F5X00.html;LEXMARK 605X Тонер картридж черный  (20000 стр.), возвратный;60F5X00;605X
http://rashodnika.net/LX-62D0HA0.html;LEXMARK 620HA Тонер картридж черный  (25000 стр.);62D0HA0;620HA
http://rashodnika.net/LX-62D0XA0.html;LEXMARK 620XA Тонер картридж черный  (45000 стр.);62D0XA0;620XA
http://rashodnika.net/LX-62D5000.html;LEXMARK 625 Тонер картридж черный  (6000 стр.) Return Program;62D5000;625
http://rashodnika.net/LX-62D5H00.html;LEXMARK 625H Тонер картридж черный  (25000 стр.), возвратный;62D5H00;625H
http://rashodnika.net/LX-62D5X00.html;LEXMARK 625X Тонер картридж черный  (45000 стр.), возвратный;62D5X00;625X
http://rashodnika.net/LX-64G0H00.html;LEXMARK 640H Тонер-картридж черный (32500 стр.);64G0H00;640H
http://rashodnika.net/LX-70C0P00.html;LEXMARK 700P Блок фотобарабана;70C0P00;700P
http://rashodnika.net/LX-70C80C0.html;LEXMARK 708C Тонер картридж голубой (1000 стр.), возвратный;70C80C0;708C
http://rashodnika.net/LX-70C80K0.html;LEXMARK 708K Тонер картридж черный (1000 стр.), возвратный;70C80K0;708K
http://rashodnika.net/LX-70C80M0.html;LEXMARK 708M Тонер картридж пурпурный (1000 стр.), возвратный;70C80M0;708M
http://rashodnika.net/LX-70C80Y0.html;LEXMARK 708Y Тонер картридж желтый (1000 стр.), возвратный;70C80Y0;708Y
http://rashodnika.net/LX-70C8HC0.html;LEXMARK 708HC Тонер картридж голубой (3000 стр.), возвратный;70C8HC0;708HC
http://rashodnika.net/LX-70C8HK0.html;LEXMARK 708HK Тонер картридж черный  (4000 стр.), возвратный;70C8HK0;708HK
http://rashodnika.net/LX-70C8HM0.html;LEXMARK 708HM Тонер картридж пурпурный (3000 стр.), возвратный;70C8HM0;708HM
http://rashodnika.net/LX-70C8HY0.html;LEXMARK 708HY Тонер картридж желтый (3000 стр.), возвратный;70C8HY0;708HY
http://rashodnika.net/Lexmark-74C0Z10.html;LEXMARK CS720 Блок фотобарабана черный;74C0Z10;CS720 IU K
http://rashodnika.net/Lexmark-74C0Z50.html;LEXMARK CS720 Блок фотобарабана цветной;74C0Z50;CS720 IU CMY
http://rashodnika.net/Lexmark-74C0ZK0.html;LEXMARK CS720 Блок фотобарабана черный, возвратный;74C0ZK0;CS720 IU K
http://rashodnika.net/Lexmark-74C0ZV0.html;LEXMARK CS720 Блок фотобарабана цветной, возвратный;74C0ZV0;CS720 IU CMY
http://rashodnika.net/Lexmark-74C5SC0.html;LEXMARK CS720 Тонер картридж голубой (7000 стр.), возвратный;74C5SC0;CS720 C
http://rashodnika.net/Lexmark-74C5SCE.html;LEXMARK CS720 Тонер картридж голубой (7000 стр.), для организаций;74C5SCE;CS720 C
http://rashodnika.net/Lexmark-74C5SK0.html;LEXMARK CS720 Тонер картридж черный (7000 стр.), возвратный;74C5SK0;CS720 K
http://rashodnika.net/Lexmark-74C5SKE.html;LEXMARK CS720 Тонер картридж черный (7000 стр.), для организаций;74C5SKE;CS720 K
http://rashodnika.net/Lexmark-74C5SM0.html;LEXMARK CS720 Тонер картридж пурпурный (7000 стр.), возвратный;74C5SM0;CS720 M
http://rashodnika.net/Lexmark-74C5SME.html;LEXMARK CS720 Тонер картридж пурпурный (7000 стр.), для организаций;74C5SME;CS720 M
http://rashodnika.net/Lexmark-74C5SY0.html;LEXMARK CS720 Тонер картридж желтый (7000 стр.), возвратный;74C5SY0;CS720 Y
http://rashodnika.net/Lexmark-74C5SYE.html;LEXMARK CS720 Тонер картридж желтый (7000 стр.), для организаций;74C5SYE;CS720 Y
http://rashodnika.net/Lexmark-74C0H10.html;LEXMARK CS725 Тонер картридж черный (20000 стр.);74C0H10;CS725 K
http://rashodnika.net/Lexmark-74C0H20.html;LEXMARK CS725 Тонер картридж голубой (12000 стр.);74C0H20;CS725 C
http://rashodnika.net/Lexmark-74C0H30.html;LEXMARK CS725 Тонер картридж пурпурный (12000 стр.);74C0H30;CS725 M
http://rashodnika.net/Lexmark-74C0H40.html;LEXMARK CS725 Тонер картридж желтый (12000 стр.);74C0H40;CS725 Y
http://rashodnika.net/Lexmark-74C50C0.html;LEXMARK CX725 Тонер картридж голубой (3000 стр.), возвратный;74C50C0;CX725 C
http://rashodnika.net/Lexmark-74C50CE.html;LEXMARK CX725 Тонер картридж голубой (3000 стр.), для организаций;74C50CE;CX725 C
http://rashodnika.net/Lexmark-74C50K0.html;LEXMARK CX725 Тонер картридж черный (3000 стр.), возвратный;74C50K0;CX725 K
http://rashodnika.net/Lexmark-74C50KE.html;LEXMARK CX725 Тонер картридж черный (3000 стр.), для организаций;74C50KE;CX725 K
http://rashodnika.net/Lexmark-74C50M0.html;LEXMARK CX725 Тонер картридж пурпурный (3000 стр.), возвратный;74C50M0;CX725 M
http://rashodnika.net/Lexmark-74C50ME.html;LEXMARK CX725 Тонер картридж пурпурный (3000 стр.), для организаций;74C50ME;CX725 M
http://rashodnika.net/Lexmark-74C50Y0.html;LEXMARK CX725 Тонер картридж желтый (3000 стр.), возвратный;74C50Y0;CX725 Y
http://rashodnika.net/Lexmark-74C50YE.html;LEXMARK CX725 Тонер картридж желтый (3000 стр.), для организаций;74C50YE;CX725 Y
http://rashodnika.net/Lexmark-74C5HC0.html;LEXMARK CS725 Тонер картридж голубой (12000 стр.), возвратный;74C5HC0;CS725 C
http://rashodnika.net/Lexmark-74C5HCE.html;LEXMARK CS725 Тонер картридж голубой (12000 стр.), для организаций;74C5HCE;CS725 C
http://rashodnika.net/Lexmark-74C5HK0.html;LEXMARK CS725 Тонер картридж черный (20000 стр.), возвратный;74C5HK0;CS725 K
http://rashodnika.net/Lexmark-74C5HKE.html;LEXMARK CS725 Тонер картридж черный (20000 стр.), для организаций;74C5HKE;CS725 K
http://rashodnika.net/Lexmark-74C5HM0.html;LEXMARK CS725 Тонер картридж пурпурный (12000 стр.), возвратный;74C5HM0;CS725 M
http://rashodnika.net/Lexmark-74C5HME.html;LEXMARK CS725 Тонер картридж пурпурный (12000 стр.), для организаций;74C5HME;CS725 M
http://rashodnika.net/Lexmark-74C5YM0.html;LEXMARK CS725 Тонер картридж желтый (12000 стр.), возвратный;74C5HY0;CS725 Y
http://rashodnika.net/Lexmark-74C5HYE.html;LEXMARK CS725 Тонер картридж желтый (12000 стр.), для организаций;74C5HYE;CS725 Y
http://rashodnika.net/LX-80C80C0.html;LEXMARK 808C Тонер картридж голубой (1000 стр.), возвратный;80C80C0;808C
http://rashodnika.net/LX-80C80K0.html;LEXMARK 808K Тонер картридж черный (1000 стр.), возвратный;80C80K0;808K
http://rashodnika.net/LX-80C80M0.html;LEXMARK 808M Тонер картридж пурпурный (1000 стр.), возвратный;80C80M0;808M
http://rashodnika.net/LX-80C80Y0.html;LEXMARK 808Y Тонер картридж желтый (1000 стр.), возвратный;80C80Y0;808Y
http://rashodnika.net/LX-80C8HC0.html;LEXMARK 808HC Тонер картридж голубой (3000 стр.), возвратный;80C8HC0;808HC
http://rashodnika.net/LX-80C8HK0.html;LEXMARK 808HK Тонер картридж черный (4000 стр.), возвратный;80C8HK0;808HK
http://rashodnika.net/LX-80C8HM0.html;LEXMARK 808HM Тонер картридж пурпурный (3000 стр.), возвратный;80C8HM0;808HM
http://rashodnika.net/LX-80C8HY0.html;LEXMARK 808HY Тонер картридж желтый (3000 стр.), возвратный;80C8HY0;808HY
http://rashodnika.net/LX-80C8SC0.html;LEXMARK 808SC Тонер картридж голубой (2000 стр.), возвратный;80C8SC0;808SC
http://rashodnika.net/LX-80C8SK0.html;LEXMARK 808SK Тонер картридж черный (2500 стр.), возвратный;80C8SK0;808SK
http://rashodnika.net/LX-80C8SM0.html;LEXMARK 808SM Тонер картридж пурпурный (2000 стр.), возвратный;80C8SM0;808SM
http://rashodnika.net/LX-80C8SY0.html;LEXMARK 808SY Тонер картридж желтый (2000 стр.), возвратный;80C8SY0;808SY
http://rashodnika.net/Lexmark-72K0D10.html;LEXMARK Блок проявителя черный;72K0D10;CS820 DU K
http://rashodnika.net/Lexmark-72K0D20.html;LEXMARK Блок проявителя голубой;72K0D20;CS820 DU C
http://rashodnika.net/Lexmark-72K0D30.html;LEXMARK Блок проявителя пурпурный;72K0D30;CS820 DU M
http://rashodnika.net/Lexmark-72K0D40.html;LEXMARK Блок проявителя желтый;72K0D40;CS820 DU Y
http://rashodnika.net/Lexmark-72K0D50.html;LEXMARK Блок проявителя цветной;72K0D50;CS820 DU CMY
http://rashodnika.net/Lexmark-72K0DC0.html;LEXMARK Блок проявителя голубой, возвратный;72K0DC0;CS820 DU C
http://rashodnika.net/Lexmark-72K0DM0.html;LEXMARK Блок проявителя пурпурный, возвратный;72K0DM0;CS820 DU M
http://rashodnika.net/Lexmark-72K0DV0.html;LEXMARK Блок проявителя цветной, возвратный;72K0DV0;CS820 DU CMY
http://rashodnika.net/Lexmark-72K0DY0.html;LEXMARK Блок проявителя желтый, возвратный;72K0DY0;CS820 DU Y
http://rashodnika.net/Lexmark-72K0F10.html;LEXMARK Блок проявителя черный и комплект фотобарабанов;72K0F10;CS820 K DU+
http://rashodnika.net/Lexmark-72K0F50.html;LEXMARK Блок проявителя цветной и комплект фотобарабанов;72K0F50;CS820 CMY DU+
http://rashodnika.net/Lexmark-72K0FK0.html;LEXMARK Блок проявителя черный и комплект фотобарабанов, возвратный;72K0FK0;CS820 K DU+
http://rashodnika.net/Lexmark-72K0FV0.html;LEXMARK Блок проявителя цветной и комплект фотобарабанов, возвратный;72K0FV0;CS820 CMY DU+
http://rashodnika.net/Lexmark-72K0P00.html;LEXMARK Блок фотобарабана;72K0P00;CS820 Ph
http://rashodnika.net/Lexmark-72K0Q00.html;LEXMARK Блок фотобарабана, тройная упаковка;72K0Q00;CS820 Ph
http://rashodnika.net/Lexmark-72K0X10.html;LEXMARK CS820 Тонер картридж черный (33000 стр.);72K0X10;CS820 K
http://rashodnika.net/Lexmark-72K0X20.html;LEXMARK CS820 Тонер картридж голубой (22000 стр.);72K0X20;CS820 C
http://rashodnika.net/Lexmark-72K0X30.html;LEXMARK CS820 Тонер картридж пурпурный (22000 стр.);72K0X30;CS820 M
http://rashodnika.net/Lexmark-72K0X40.html;LEXMARK CS820 Тонер картридж желтый (22000 стр.);72K0X40;CS820 Y
http://rashodnika.net/Lexmark-72K50C0.html;LEXMARK CS820 Тонер картридж голубой (8000 стр.), возвратный;72K50C0;CS820 C
http://rashodnika.net/Lexmark-72K50CE.html;LEXMARK CX820 Тонер картридж голубой (8000 стр.), для организаций;72K50CE;CX820 C
http://rashodnika.net/Lexmark-72K50K0.html;LEXMARK CS820 Тонер картридж черный (8000 стр.), возвратный;72K50K0;CS820 K
http://rashodnika.net/Lexmark-72K50KE.html;LEXMARK CX820 Тонер картридж черный (8000 стр.), для организаций;72K50KE;CX820 K
http://rashodnika.net/Lexmark-72K50M0.html;LEXMARK CS820 Тонер картридж пурпурный (8000 стр.), возвратный;72K50M0;CS820 M
http://rashodnika.net/Lexmark-72K50ME.html;LEXMARK CX820 Тонер картридж пурпурный (8000 стр.), для организаций;72K50ME;CX820 M
http://rashodnika.net/Lexmark-72K50Y0.html;LEXMARK CS820 Тонер картридж желтый (8000 стр.), возвратный;72K50Y0;CS820 Y
http://rashodnika.net/Lexmark-72K50YE.html;LEXMARK CX820 Тонер картридж желтый (8000 стр.), для организаций;72K50YE;CX820 Y
http://rashodnika.net/Lexmark-72K5XC0.html;LEXMARK CS820 Тонер картридж голубой (22000 стр.), возвратный;72K5XC0;CS820 C
http://rashodnika.net/Lexmark-72K5XCE.html;LEXMARK CS820 Тонер картридж голубой (22000 стр.), для организаций;72K5XCE;CS820 C
http://rashodnika.net/Lexmark-72K5XK0.html;LEXMARK CS820 Тонер картридж черный (33000 стр.), возвратный;72K5XK0;CS820 K
http://rashodnika.net/Lexmark-72K5XKE.html;LEXMARK CS820 Тонер картридж черный (33000 стр.), для организаций;72K5XKE;CS820 K
http://rashodnika.net/Lexmark-72K5XM0.html;LEXMARK CS820 Тонер картридж пурпурный (22000 стр.), возвратный;72K5XM0;CS820 M
http://rashodnika.net/Lexmark-72K5XME.html;LEXMARK CS820 Тонер картридж пурпурный (22000 стр.), для организаций;72K5XME;CS820 M
http://rashodnika.net/Lexmark-72K5XY0.html;LEXMARK CS820 Тонер картридж желтый (22000 стр.), возвратный;72K5XY0;CS820 Y
http://rashodnika.net/Lexmark-72K5XYE.html;LEXMARK CS820 Тонер картридж желтый (22000 стр.), для организаций;72K5XYE;CS820 Y
http://rashodnika.net/5_1_1_188.html;LEXMARK Тонер-картридж голубой (3K);C500H2CG;
http://rashodnika.net/5_1_1_189.html;LEXMARK Тонер-картридж черный (5K);C500H2KG;
http://rashodnika.net/5_1_1_190.html;LEXMARK Тонер-картридж пурпурный (3K);C500H2MG;
http://rashodnika.net/5_1_1_191.html;LEXMARK Тонер-картридж желтый (3K);C500H2YG;
http://rashodnika.net/5_1_1_192.html;LEXMARK Тонер-картридж голубой (1.5K);C500S2CG;
http://rashodnika.net/5_1_1_193.html;LEXMARK Тонер-картридж черный (2.5K);C500S2KG;
http://rashodnika.net/5_1_1_194.html;LEXMARK Тонер-картридж пурпурный (1.5K);C500S2MG;
http://rashodnika.net/5_1_1_195.html;LEXMARK Тонер-картридж желтый (1.5K);C500S2YG;
http://rashodnika.net/Lexmark-51B0HA0.html;LEXMARK Тонер картридж черный (8.5K);51B0HA0;
http://rashodnika.net/Lexmark-51B0XA0.html;LEXMARK Тонер картридж черный (20K);51B0XA0;
http://rashodnika.net/5_1_1_199.html;LEXMARK Тонер-картридж голубой (1.5K), Return;C5200CS;
http://rashodnika.net/5_1_1_200.html;LEXMARK Тонер-картридж черный (1.5K), Return;C5200KS;
http://rashodnika.net/5_1_1_201.html;LEXMARK Тонер-картридж пурпурный (1.5K), Return;C5200MS;
http://rashodnika.net/5_1_1_202.html;LEXMARK Тонер-картридж желтый (1.5K), Return;C5200YS;
http://rashodnika.net/5_1_1_204.html;LEXMARK Тонер-картридж голубой (1.5K);C5202CS;
http://rashodnika.net/5_1_1_205.html;LEXMARK Тонер-картридж черный (1.5K);C5202KS;
http://rashodnika.net/5_1_1_206.html;LEXMARK Тонер-картридж пурпурный (1.5K);C5202MS;
http://rashodnika.net/5_1_1_207.html;LEXMARK Тонер-картридж желтый (1.5K);C5202YS;
http://rashodnika.net/5_1_1_210.html;LEXMARK Тонер-картридж голубой (3K), Return;C5220CS;
http://rashodnika.net/5_1_1_211.html;LEXMARK Тонер-картридж черный (4K), Return;C5220KS;
http://rashodnika.net/5_1_1_212.html;LEXMARK Тонер-картридж пурпурный (3K), Return;C5220MS;
http://rashodnika.net/5_1_1_213.html;LEXMARK Тонер-картридж желтый (3K), Return;C5220YS;
http://rashodnika.net/5_1_1_214.html;LEXMARK Тонер-картридж голубой (3K);C5222CS;
http://rashodnika.net/5_1_1_215.html;LEXMARK Тонер-картридж черный (4K);C5222KS;
http://rashodnika.net/5_1_1_216.html;LEXMARK Тонер-картридж пурпурный (3K);C5222MS;
http://rashodnika.net/5_1_1_217.html;LEXMARK Тонер-картридж желтый (3K);C5222YS;
http://rashodnika.net/5_1_1_218.html;LEXMARK Тонер-картридж голубой (5K), Return;C5240CH;
http://rashodnika.net/5_1_1_219.html;LEXMARK Тонер-картридж черный (8K), Return;C5240KH;
http://rashodnika.net/5_1_1_220.html;LEXMARK Тонер-картридж пурпурный (5K), Return;C5240MH;
http://rashodnika.net/5_1_1_221.html;LEXMARK Тонер-картридж желтый (5K), Return;C5240YH;
http://rashodnika.net/5_1_1_222.html;LEXMARK Тонер-картридж голубой (5K);C5242CH;
http://rashodnika.net/5_1_1_223.html;LEXMARK Тонер-картридж черный (8K);C5242KH;
http://rashodnika.net/5_1_1_224.html;LEXMARK Тонер-картридж пурпурный (5K);C5242MH;
http://rashodnika.net/5_1_1_225.html;LEXMARK Тонер-картридж желтый (5K);C5242YH;
http://rashodnika.net/LX-53B0HA0.html;LEXMARK Тонер картридж черный (25K);53B0HA0;
http://rashodnika.net/LX-53B0XA0.html;LEXMARK Тонер картридж черный (45K);53B0XA0;
http://rashodnika.net/5_1_1_228.html;LEXMARK Тонер-картридж голубой (7K);C5342CX;
http://rashodnika.net/5_1_1_229.html;LEXMARK Тонер-картридж пурпурный (7K);C5342MX;
http://rashodnika.net/5_1_1_230.html;LEXMARK Тонер-картридж желтый (7K);C5342YX;
http://rashodnika.net/5_1_1_231.html;LEXMARK Тонер-картридж голубой (1K), Return;C540A1CG;
http://rashodnika.net/5_1_1_232.html;LEXMARK Тонер-картридж черный (1K), Return;C540A1KG;
http://rashodnika.net/5_1_1_233.html;LEXMARK Тонер-картридж пурпурный (1K), Return;C540A1MG;
http://rashodnika.net/5_1_1_234.html;LEXMARK Тонер-картридж голубой (1K), Return;C540A1YG;
http://rashodnika.net/5_1_1_235.html;LEXMARK Тонер-картридж голубой (2K), Return;C540H1CG;
http://rashodnika.net/5_1_1_236.html;LEXMARK Тонер-картридж черный (2.5K), Return;C540H1KG;
http://rashodnika.net/5_1_1_237.html;LEXMARK Тонер-картридж пурпурный (2K), Return;C540H1MG;
http://rashodnika.net/5_1_1_238.html;LEXMARK Тонер-картридж желтый (2K), Return;C540H1YG;
http://rashodnika.net/5_1_1_239.html;LEXMARK Тонер-картридж голубой (2K);C540H2CG;
http://rashodnika.net/5_1_1_240.html;LEXMARK Тонер-картридж черный (2,5K);C540H2KG;
http://rashodnika.net/5_1_1_241.html;LEXMARK Тонер-картридж пурпурный (2K);C540H2MG;
http://rashodnika.net/5_1_1_242.html;LEXMARK Тонер-картридж желтый (2K);C540H2YG;
http://rashodnika.net/5_1_1_246.html;LEXMARK Тонер-картридж голубой (4K), Return;C544X1CG;
http://rashodnika.net/5_1_1_248.html;LEXMARK Тонер-картридж черный (6K), Return;C544X1KG;
http://rashodnika.net/5_1_1_249.html;LEXMARK Тонер-картридж пурпурный (4K), Return;C544X1MG;
http://rashodnika.net/5_1_1_250.html;LEXMARK Тонер-картридж желтый (4K), Return;C544X1YG;
http://rashodnika.net/5_1_1_251.html;LEXMARK Тонер-картридж голубой (4K);C544X2CG;
http://rashodnika.net/5_1_1_252.html;LEXMARK Тонер-картридж черный (6K);C544X2KG;
http://rashodnika.net/5_1_1_253.html;LEXMARK Тонер-картридж пурпурный (4K);C544X2MG;
http://rashodnika.net/5_1_1_254.html;LEXMARK Тонер-картридж желтый (4K);C544X2YG;
http://rashodnika.net/5_1_1_255.html;LEXMARK Тонер-картридж черный (8K), Return;C546U1KG;
http://rashodnika.net/5_1_1_256.html;LEXMARK Тонер-картридж черный (8K);C546U2KG;
http://rashodnika.net/5_1_1_372.html;LEXMARK Тонер-картридж голубой (4K);X560A2CG;
http://rashodnika.net/5_1_1_373.html;LEXMARK Тонер-картридж пурпурный (4K);X560A2MG;
http://rashodnika.net/5_1_1_374.html;LEXMARK Тонер-картридж желтый (4K);X560A2YG;
http://rashodnika.net/5_1_1_375.html;LEXMARK Тонер-картридж голубой (10K);X560H2CG;
http://rashodnika.net/5_1_1_376.html;LEXMARK Тонер-картридж черный (10K);X560H2KG;
http://rashodnika.net/5_1_1_377.html;LEXMARK Тонер-картридж пурпурный (10K);X560H2MG;
http://rashodnika.net/5_1_1_378.html;LEXMARK Тонер-картридж желтый (10K);X560H2YG;
http://rashodnika.net/LX-70C0D10.html;LEXMARK 700D1 Блок проявки черный;70C0D10;700D1
http://rashodnika.net/LX-70C0H10.html;LEXMARK 700H1 Тонер картридж черный (4000 стр.);70C0H10;700H1
http://rashodnika.net/LX-70C0Z10.html;LEXMARK 700Z1 Блок формирования черного изображения;70C0Z10;700Z1
http://rashodnika.net/LX-70C0D20.html;LEXMARK 700D2 Блок проявки голубой;70C0D20;700D2
http://rashodnika.net/LX-70C0H20.html;LEXMARK 700H2 Тонер картридж голубой (3000 стр.);70C0H20;700H2
http://rashodnika.net/LX-70C0D30.html;LEXMARK 700D3 Блок проявки пурпурный;70C0D30;700D3
http://rashodnika.net/LX-70C0H30.html;LEXMARK 700H3 Тонер картридж пурпурный (3000 стр.);70C0H30;700H3
http://rashodnika.net/LX-70C0D40.html;LEXMARK 700D4 Блок проявки желтый;70C0D40;700D4
http://rashodnika.net/LX-70C0H40.html;LEXMARK 700H4 Тонер картридж желтый (3000 стр.);70C0H40;700H4
http://rashodnika.net/LX-70C0Z50.html;LEXMARK 700Z5 Блок формирования черного и цветного изображения;70C0Z50;700Z5
http://rashodnika.net/LX-71B1HC0.html;LEXMARK Тонер-картридж голубой, возвратный (3500 стр.);71B1HC0;
http://rashodnika.net/LX-71B1HK0.html;LEXMARK Тонер-картридж черный, возвратный (6000 стр.);71B1HK0;
http://rashodnika.net/LX-71B1HM0.html;LEXMARK Тонер-картридж пурпурный, возвратный (3500 стр.);71B1HM0;
http://rashodnika.net/LX-71B1HY0.html;LEXMARK Тонер-картридж желтый, возвратный (3500 стр.);71B1HY0;
http://rashodnika.net/LX-71B1XK0.html;LEXMARK Тонер-картридж черный, возвратный (8000 стр.);71B1XK0;
http://rashodnika.net/5_1_1_257.html;LEXMARK Тонер-картридж голубой (6K), Return;C734A1CG;
http://rashodnika.net/5_1_1_258.html;LEXMARK Тонер-картридж черный (8K), Return;C734A1KG;
http://rashodnika.net/5_1_1_259.html;LEXMARK Тонер-картридж пурпурный (6K), Return;C734A1MG;
http://rashodnika.net/5_1_1_260.html;LEXMARK Тонер-картридж желтый (6K), Return;C734A1YG;
http://rashodnika.net/5_1_1_261.html;LEXMARK Тонер-картридж голубой (6K);C734A2CG;
http://rashodnika.net/5_1_1_262.html;LEXMARK Тонер-картридж черный (8K);C734A2KG;
http://rashodnika.net/5_1_1_263.html;LEXMARK Тонер-картридж пурпурный (6K);C734A2MG;
http://rashodnika.net/5_1_1_264.html;LEXMARK Тонер-картридж желтый (6K);C734A2YG;
http://rashodnika.net/LX-C736H1CG.html;LEXMARK Тонер-картридж голубой (10K), Return;C736H1CG;
http://rashodnika.net/LX-C736H1KG.html;LEXMARK Тонер-картридж черный (12K), Return;C736H1KG;
http://rashodnika.net/LX-C736H1MG.html;LEXMARK Тонер-картридж пурпурный (10K), Return;C736H1MG;
http://rashodnika.net/LX-C736H1YG.html;LEXMARK Тонер-картридж желтый (10K), Return;C736H1YG;
http://rashodnika.net/LX-C736H2CG.html;LEXMARK Тонер-картридж голубой (10K);C736H2CG;
http://rashodnika.net/LX-C736H2KG.html;LEXMARK Тонер-картридж черный (12K);C736H2KG;
http://rashodnika.net/LX-C736H2MG.html;LEXMARK Тонер-картридж пурпурный (10K);C736H2MG;
http://rashodnika.net/LX-C736H2YG.html;LEXMARK Тонер-картридж желтый (10K);C736H2YG;
http://rashodnika.net/LX-C746A1CG.html;LEXMARK Тонер-картридж голубой (7K), Return;C746A1CG;
http://rashodnika.net/LX-C746A1MG.html;LEXMARK Тонер-картридж пурпурный (7K), Return;C746A1MG;
http://rashodnika.net/LX-C746A1YG.html;LEXMARK Тонер-картридж желтый (7K), Return;C746A1YG;
http://rashodnika.net/LX-C746H1KG.html;LEXMARK Тонер-картридж черный (12K), Return;C746H1KG;
http://rashodnika.net/LX-X746A1CG.html;LEXMARK Тонер-картридж голубой (7K), Return;X746A1CG;
http://rashodnika.net/LX-X746A1MG.html;LEXMARK Тонер-картридж пурпурный (7K), Return;X746A1MG;
http://rashodnika.net/LX-X746A1YG.html;LEXMARK Тонер-картридж желтый (7K), Return;X746A1YG;
http://rashodnika.net/LX-X746H1KG.html;LEXMARK Тонер-картридж черный (12K), Return;X746H1KG;
http://rashodnika.net/LX-C746A2CG.html;LEXMARK Тонер-картридж голубой (7K);C746A2CG;
http://rashodnika.net/LX-C746A2MG.html;LEXMARK Тонер-картридж пурпурный (7K);C746A2MG;
http://rashodnika.net/LX-C746A2YG.html;LEXMARK Тонер-картридж желтый (7K);C746A2YG;
http://rashodnika.net/LX-C746H2KG.html;LEXMARK Тонер-картридж черный (12K);C746H2KG;
http://rashodnika.net/LX-X746A2CG.html;LEXMARK Тонер-картридж голубой (7K);X746A2CG;
http://rashodnika.net/LX-X746A2MG.html;LEXMARK Тонер-картридж пурпурный (7K), Return;X746A2MG;
http://rashodnika.net/LX-X746A2YG.html;LEXMARK Тонер-картридж желтый (7K);X746A2YG;
http://rashodnika.net/LX-X746H2KG.html;LEXMARK Тонер-картридж черный (12K);X746H2KG;
http://rashodnika.net/LX-76C0HC0.html;LEXMARK Тонер картридж голубой (34K);76C0HC0;
http://rashodnika.net/LX-76C0HK0.html;LEXMARK Тонер картридж черный (34K);76C0HK0;
http://rashodnika.net/LX-76C0HM0.html;LEXMARK Тонер картридж пурпурный  (34K);76C0HM0;
http://rashodnika.net/LX-76C0HY0.html;LEXMARK Тонер картридж желтый (34K);76C0HY0;
http://rashodnika.net/Lexmark-76C0PK0.html;LEXMARK Блок фотобарабана черный;76C0PK0;
http://rashodnika.net/Lexmark-76C0PV0.html;LEXMARK Блок фотобарабана цветной;76C0PV0;
http://rashodnika.net/5_1_1_268.html;LEXMARK Тонер-картридж голубой (10K) Return;C7700CH;
http://rashodnika.net/5_1_1_269.html;LEXMARK Тонер-картридж голубой (6K) Return;C7700CS;
http://rashodnika.net/5_1_1_270.html;LEXMARK Тонер-картридж черный (10K) Return;C7700KH;
http://rashodnika.net/5_1_1_271.html;LEXMARK Тонер-картридж черный (6K) Return;C7700KS;
http://rashodnika.net/5_1_1_272.html;LEXMARK Тонер-картридж пурпурный (10K) Return;C7700MH;
http://rashodnika.net/5_1_1_273.html;LEXMARK Тонер-картридж пурпурный (6K) Return;C7700MS;
http://rashodnika.net/5_1_1_274.html;LEXMARK Тонер-картридж желтый (10K) Return;C7700YH;
http://rashodnika.net/5_1_1_275.html;LEXMARK Тонер-картридж желтый (6K) Return;C7700YS;
http://rashodnika.net/5_1_1_276.html;LEXMARK Тонер-картридж голубой (10K);C7702CH;
http://rashodnika.net/5_1_1_277.html;LEXMARK Тонер-картридж голубой (6K);C7702CS;
http://rashodnika.net/5_1_1_278.html;LEXMARK Тонер-картридж черный (10K);C7702KH;
http://rashodnika.net/5_1_1_279.html;LEXMARK Тонер-картридж черный (6K);C7702KS;
http://rashodnika.net/5_1_1_280.html;LEXMARK Тонер-картридж пурпурный (10K);C7702MH;
http://rashodnika.net/5_1_1_281.html;LEXMARK Тонер-картридж пурпурный (6K);C7702MS;
http://rashodnika.net/5_1_1_282.html;LEXMARK Тонер-картридж желтый (10K);C7702YH;
http://rashodnika.net/5_1_1_283.html;LEXMARK Тонер-картридж желтый (6K);C7702YS;
http://rashodnika.net/5_1_1_284.html;LEXMARK Тонер-картридж голубой (15K) Return;C7720CX;
http://rashodnika.net/5_1_1_285.html;LEXMARK Тонер-картридж черный (15K) Return;C7720KX;
http://rashodnika.net/5_1_1_286.html;LEXMARK Тонер-картридж пурпурный (15K) Return;C7720MX;
http://rashodnika.net/5_1_1_287.html;LEXMARK Тонер-картридж желтый (15K) Return;C7720YX;
http://rashodnika.net/5_1_1_288.html;LEXMARK Тонер-картридж голубой (15K);C7722CX;
http://rashodnika.net/5_1_1_289.html;LEXMARK Тонер-картридж черный (15K);C7722KX;
http://rashodnika.net/5_1_1_290.html;LEXMARK Тонер-картридж пурпурный (15K);C7722MX;
http://rashodnika.net/5_1_1_291.html;LEXMARK Тонер-картридж желтый (15K);C7722YX;
http://rashodnika.net/5_1_1_292.html;LEXMARK Тонер-картридж голубой (6K) Return;C780A1CG;
http://rashodnika.net/5_1_1_293.html;LEXMARK Тонер-картридж черный (6K) Return;C780A1KG;
http://rashodnika.net/5_1_1_294.html;LEXMARK Тонер-картридж пурпурный (6K) Return;C780A1MG;
http://rashodnika.net/5_1_1_295.html;LEXMARK Тонер-картридж желтый (6K) Return;C780A1YG;
http://rashodnika.net/5_1_1_300.html;LEXMARK Тонер-картридж голубой (10K) Return;C780H1CG;
http://rashodnika.net/5_1_1_301.html;LEXMARK Тонер-картридж черный (10K) Return;C780H1KG;
http://rashodnika.net/5_1_1_302.html;LEXMARK Тонер-картридж пурпурный (10K) Return;C780H1MG;
http://rashodnika.net/5_1_1_303.html;LEXMARK Тонер-картридж желтый (10K) Return;C780H1YG;
http://rashodnika.net/5_1_1_296.html;LEXMARK Тонер-картридж голубой (6K);C780A2CG;
http://rashodnika.net/5_1_1_297.html;LEXMARK Тонер-картридж черный (6K);C780A2KG;
http://rashodnika.net/5_1_1_298.html;LEXMARK Тонер-картридж пурпурный (6K);C780A2MG;
http://rashodnika.net/5_1_1_299.html;LEXMARK Тонер-картридж желтый (6K);C780A2YG;
http://rashodnika.net/5_1_1_304.html;LEXMARK Тонер-картридж голубой (10K);C780H2CG;
http://rashodnika.net/5_1_1_305.html;LEXMARK Тонер-картридж черный (10K);C780H2KG;
http://rashodnika.net/5_1_1_306.html;LEXMARK Тонер-картридж пурпурный (10K);C780H2MG;
http://rashodnika.net/5_1_1_307.html;LEXMARK Тонер-картридж желтый (10K);C780H2YG;
http://rashodnika.net/5_1_1_308.html;LEXMARK Тонер-картридж голубой (15K) Return;C782X1CG;
http://rashodnika.net/5_1_1_309.html;LEXMARK Тонер-картридж черный (15K) Return;C782X1KG;
http://rashodnika.net/5_1_1_310.html;LEXMARK Тонер-картридж пурпурный (15K) Return;C782X1MG;
http://rashodnika.net/5_1_1_311.html;LEXMARK Тонер-картридж желтый (15K) Return;C782X1YG;
http://rashodnika.net/5_1_1_312.html;LEXMARK Тонер-картридж голубой (15K);C782X2CG;
http://rashodnika.net/5_1_1_313.html;LEXMARK Тонер-картридж черный (15K);C782X2KG;
http://rashodnika.net/5_1_1_314.html;LEXMARK Тонер-картридж пурпурный (15K);C782X2MG;
http://rashodnika.net/5_1_1_315.html;LEXMARK Тонер-картридж желтый (15K);C782X2YG;
http://rashodnika.net/LX-C792A1CG.html;LEXMARK Тонер-картридж голубой (6K) Return;C792A1CG;
http://rashodnika.net/LX-C792A1KG.html;LEXMARK Тонер-картридж черный (6K) Return;C792A1KG;
http://rashodnika.net/LX-C792A1MG.html;LEXMARK Тонер-картридж пурпурный (6K) Return;C792A1MG;
http://rashodnika.net/LX-C792A1YG.html;LEXMARK Тонер-картридж желтый (6K) Return;C792A1YG;
http://rashodnika.net/LX-C792X1CG.html;LEXMARK Тонер-картридж голубой (20K) Return;C792X1CG;
http://rashodnika.net/LX-C792X1KG.html;LEXMARK Тонер-картридж черный (20K) Return;C792X1KG;
http://rashodnika.net/LX-C792X1MG.html;LEXMARK Тонер-картридж пурпурный (20K) Return;C792X1MG;
http://rashodnika.net/LX-C792X1YG.html;LEXMARK Тонер-картридж желтый (20K) Return;C792X1YG;
http://rashodnika.net/LX-X792X1CG.html;LEXMARK Тонер-картридж голубой (20K), Return;X792X1CG;
http://rashodnika.net/LX-X792X1KG.html;LEXMARK Тонер-картридж черный (20K), Return;X792X1KG;
http://rashodnika.net/LX-X792X1MG.html;LEXMARK Тонер-картридж пурпурный (20K), Return;X792X1MG;
http://rashodnika.net/LX-X792X1YG.html;LEXMARK Тонер-картридж желтый (20K), Return;X792X1YG;
http://rashodnika.net/LX-C792X2CG.html;LEXMARK Тонер-картридж голубой (20K);C792X2CG;
http://rashodnika.net/LX-C792X2KG.html;LEXMARK Тонер-картридж черный (20K);C792X2YG;
http://rashodnika.net/LX-C792X2MG.html;LEXMARK Тонер-картридж пурпурный (20K);C792X2MG;
http://rashodnika.net/LX-C792X2YG.html;LEXMARK Тонер-картридж желтый (20K);C792X2YG;
http://rashodnika.net/LX-X792X2CG.html;LEXMARK Тонер-картридж голубой (20K);X792X2CG;
http://rashodnika.net/LX-X792X2KG.html;LEXMARK Тонер-картридж черный (20K);X792X2KG;
http://rashodnika.net/LX-X792X2MG.html;LEXMARK Тонер-картридж пурпурный (20K);X792X2MG;
http://rashodnika.net/LX-X792X2YG.html;LEXMARK Тонер-картридж желтый (20K);X792X2YG;
http://rashodnika.net/LX-80C0H10.html;LEXMARK 800H1 Тонер картридж черный (4000 стр.);80C0H10;800H1
http://rashodnika.net/LX-80C0H20.html;LEXMARK 800H2 Тонер картридж голубой (3000 стр.);80C0H20;800H2
http://rashodnika.net/LX-80C0H30.html;LEXMARK 800H3 Тонер картридж пурпурный (3000 стр.);80C0H30;800H3
http://rashodnika.net/LX-80C0H40.html;LEXMARK 800H4 Тонер картридж черный (3000 стр.);80C0H40;800H4
http://rashodnika.net/5_1_1_390.html;LEXMARK Тонер-картридж черный;X8302KH;
http://rashodnika.net/LX-86C0HK0.html;LEXMARK Тонер картридж черный (34K);86C0HK0;
http://rashodnika.net/5_1_1_316.html;LEXMARK Тонер-картридж голубой;C9202CH;
http://rashodnika.net/5_1_1_317.html;LEXMARK Тонер-картридж черный;C9202KH;
http://rashodnika.net/5_1_1_318.html;LEXMARK Тонер-картридж пурпурный;C9202MH;
http://rashodnika.net/5_1_1_319.html;LEXMARK Тонер-картридж желтый;C9202YH;
http://rashodnika.net/LX-C925H2CG.html;LEXMARK Тонер-картридж голубой;C925H2CG;
http://rashodnika.net/LX-C925H2KG.html;LEXMARK Тонер-картридж черный;C925H2KG;
http://rashodnika.net/LX-C925H2MG.html;LEXMARK Тонер-картридж пурпурный;C925H2MG;
http://rashodnika.net/LX-C925H2YG.html;LEXMARK Тонер-картридж желтый;C925H2YG;
http://rashodnika.net/LX-X925H2CG.html;LEXMARK Тонер-картридж голубой;X925H2CG;
http://rashodnika.net/LX-X925H2KG.html;LEXMARK Тонер-картридж черный;X925H2KG;
http://rashodnika.net/LX-X925H2MG.html;LEXMARK Тонер-картридж пурпурный;X925H2MG;
http://rashodnika.net/LX-X925H2YG.html;LEXMARK Тонер-картридж желтый;X925H2YG;
http://rashodnika.net/5_1_1_320.html;LEXMARK Тонер-картридж голубой;C930H2CG;
http://rashodnika.net/5_1_1_321.html;LEXMARK Тонер-картридж черный;C930H2KG;
http://rashodnika.net/5_1_1_322.html;LEXMARK Тонер-картридж пурпурный;C930H2MG;
http://rashodnika.net/5_1_1_323.html;LEXMARK Тонер-картридж желтый;C930H2YG;
http://rashodnika.net/5_1_1_395.html;LEXMARK Тонер-картридж голубой;X945X2CG;
http://rashodnika.net/5_1_1_396.html;LEXMARK Тонер-картридж черный;X945X2KG;
http://rashodnika.net/5_1_1_397.html;LEXMARK Тонер-картридж пурпурный;X945X2MG;
http://rashodnika.net/5_1_1_398.html;LEXMARK Тонер-картридж желтый;X945X2YG;
http://rashodnika.net/LX-C950X2CG.html;LEXMARK Тонер-картридж голубой;C950X2CG;
http://rashodnika.net/LX-C950X2KG.html;LEXMARK Тонер-картридж черный;C950X2KG;
http://rashodnika.net/LX-C950X2MG.html;LEXMARK Тонер-картридж пурпурный;C950X2MG;
http://rashodnika.net/LX-C950X2YG.html;LEXMARK Тонер-картридж желтый;C950X2YG;
http://rashodnika.net/LX-X950X2CG.html;LEXMARK Тонер-картридж голубой;X950X2CG;
http://rashodnika.net/LX-X950X2KG.html;LEXMARK Тонер-картридж черный;X950X2KG;
http://rashodnika.net/LX-X950X2MG.html;LEXMARK Тонер-картридж пурпурный;X950X2MG;
http://rashodnika.net/LX-X950X2YG.html;LEXMARK Тонер-картридж желтый;X950X2YG;
http://rashodnika.net/5_1_1_5.html;LEXMARK Тонер-картридж голубой (6000 стр.);10B031C;
http://rashodnika.net/5_1_1_6.html;LEXMARK Тонер-картридж черный (6000 стр.);10B031K;
http://rashodnika.net/5_1_1_7.html;LEXMARK Тонер-картридж пурпурный (6000 стр.);10B031M;
http://rashodnika.net/5_1_1_8.html;LEXMARK Тонер-картридж желтый (6000 стр.);10B031Y;
http://rashodnika.net/5_1_1_9.html;LEXMARK Тонер-картридж голубой (15000 стр.);10B032C;
http://rashodnika.net/5_1_1_10.html;LEXMARK Тонер-картридж черный (15000 стр.);10B032K;
http://rashodnika.net/5_1_1_11.html;LEXMARK Тонер-картридж пурпурный (15000 стр.);10B032M;
http://rashodnika.net/5_1_1_12.html;LEXMARK Тонер-картридж желтый (15000 стр.);10B032Y;
http://rashodnika.net/5_1_1_13.html;LEXMARK Тонер-картридж голубой, возвратный (6000 стр.);10B041C;
http://rashodnika.net/5_1_1_14.html;LEXMARK Тонер-картридж черный, возвратный (6000 стр.);10B041K;
http://rashodnika.net/5_1_1_15.html;LEXMARK Тонер-картридж пурпурный, возвратный (6000 стр.);10B041M;
http://rashodnika.net/5_1_1_16.html;LEXMARK Тонер-картридж желтый, возвратный (6000 стр.);10B041Y;
http://rashodnika.net/5_1_1_17.html;LEXMARK Тонер-картридж голубой, возвратный (15000 стр.);10B042C;
http://rashodnika.net/5_1_1_18.html;LEXMARK Тонер-картридж черный, возвратный (15000 стр.);10B042K;
http://rashodnika.net/5_1_1_19.html;LEXMARK Тонер-картридж пурпурный, возвратный (15000 стр.);10B042M;
http://rashodnika.net/5_1_1_20.html;LEXMARK Тонер-картридж желтый, возвратный (15000 стр.);10B042Y;
http://rashodnika.net/5_1_1_30.html;LEXMARK Тонер-картридж черный, возвратный;12016SE;
http://rashodnika.net/5_1_1_31.html;LEXMARK Блок фотобарабана;12026XW;
http://rashodnika.net/5_1_1_32.html;LEXMARK Тонер-картридж черный;12036SE;
http://rashodnika.net/5_1_1_125.html;LEXMARK Тонер-картридж голубой (6K);15G031C;
http://rashodnika.net/5_1_1_126.html;LEXMARK Тонер-картридж черный (6K);15G031K;
http://rashodnika.net/5_1_1_127.html;LEXMARK Тонер-картридж пурпурный (6K);15G031M;
http://rashodnika.net/5_1_1_128.html;LEXMARK Тонер-картридж желтый (6K);15G031Y;
http://rashodnika.net/5_1_1_129.html;LEXMARK Тонер-картридж голубой (15K);15G032C;
http://rashodnika.net/5_1_1_130.html;LEXMARK Тонер-картридж черный (15K);15G032K;
http://rashodnika.net/5_1_1_131.html;LEXMARK Тонер-картридж пурпурный (15K);15G032M;
http://rashodnika.net/5_1_1_132.html;LEXMARK Тонер-картридж желтый (15K);15G032Y;
http://rashodnika.net/5_1_1_133.html;LEXMARK Тонер-картридж голубой (6K), Return;15G041C;
http://rashodnika.net/5_1_1_134.html;LEXMARK Тонер-картридж черный (6K), Return;15G041K;
http://rashodnika.net/5_1_1_135.html;LEXMARK Тонер-картридж пурпурный (6K), Return;15G041M;
http://rashodnika.net/5_1_1_136.html;LEXMARK Тонер-картридж желтый (6K), Return;15G041Y;
http://rashodnika.net/5_1_1_137.html;LEXMARK Тонер-картридж голубой (15K), Return;15G042C;
http://rashodnika.net/5_1_1_138.html;LEXMARK Тонер-картридж черный (15K), Return;15G042K;
http://rashodnika.net/5_1_1_139.html;LEXMARK Тонер-картридж пурпурный (15K), Return;15G042M;
http://rashodnika.net/5_1_1_140.html;LEXMARK Тонер-картридж желтый (15K), Return;15G042Y;
http://rashodnika.net/5_1_1_354.html;LEXMARK Тонер-картридж черный Return;X203A11G;
http://rashodnika.net/5_1_1_355.html;LEXMARK Тонер-картридж черный;X203A21G;
http://rashodnika.net/5_1_1_356.html;LEXMARK Блок фотобарабана;X203H22G;
http://rashodnika.net/5_1_1_163.html;LEXMARK Тонер-картридж черный, Return;24016SE;
http://rashodnika.net/5_1_1_164.html;LEXMARK Тонер-картридж черный;24036SE;
http://rashodnika.net/5_1_1_327.html;LEXMARK Тонер-картридж черный Return;E250A11E;
http://rashodnika.net/5_1_1_328.html;LEXMARK Тонер-картридж черный Regular;E250A21E;
http://rashodnika.net/5_1_1_329.html;LEXMARK Блок фотобарабана;E250X22G;
http://rashodnika.net/5_1_1_330.html;LEXMARK Тонер-картридж черный (3.5K), Return;E260A11E;
http://rashodnika.net/5_1_1_331.html;LEXMARK Тонер-картридж черный (3.5K);E260A21E;
http://rashodnika.net/5_1_1_332.html;LEXMARK Блок фотобарабана;E260X22G;
http://rashodnika.net/5_1_1_357.html;LEXMARK Тонер-картридж черный (3.5K), Return;X264A11G;
http://rashodnika.net/5_1_1_359.html;LEXMARK Тонер-картридж черный (9K) Return;X264H11G;
http://rashodnika.net/5_1_1_358.html;LEXMARK Тонер-картридж черный (3.5K);X264A21G;
http://rashodnika.net/5_1_1_360.html;LEXMARK Тонер-картридж черный (9K);X264H21G;
http://rashodnika.net/5_1_1_361.html;LEXMARK Тонер-картридж черный (2.5K) Return;X340A11G;
http://rashodnika.net/5_1_1_363.html;LEXMARK Тонер-картридж черный (6K), Return;X340H11G;
http://rashodnika.net/5_1_1_166.html;LEXMARK Тонер-картридж черный (6K), Return;34016HE;
http://rashodnika.net/5_1_1_362.html;LEXMARK Тонер-картридж черный (2.5K);X340A21G;
http://rashodnika.net/5_1_1_364.html;LEXMARK Тонер-картридж черный (6K);X340H21G;
http://rashodnika.net/5_1_1_365.html;LEXMARK Блок фотобарабана;X340H22G;
http://rashodnika.net/5_1_1_167.html;LEXMARK Тонер-картридж черный (6K);34036SE;
http://rashodnika.net/5_1_1_333.html;LEXMARK Тонер-картридж черный (9K) Return;E352H11E;
http://rashodnika.net/5_1_1_334.html;LEXMARK Тонер-картридж черный (9K);E352H21E;
http://rashodnika.net/5_1_1_335.html;LEXMARK Тонер-картридж черный (9K) Return ;E360H11E;
http://rashodnika.net/5_1_1_336.html;LEXMARK Тонер-картридж черный (9K);E360H21E;
http://rashodnika.net/5_1_1_337.html;LEXMARK Тонер-картридж черный (6K) Return;E450A11E;
http://rashodnika.net/5_1_1_338.html;LEXMARK Тонер-картридж черный (11K) Return;E450H11E;
http://rashodnika.net/5_1_1_339.html;LEXMARK Тонер-картридж черный (11K);E450H21E;
http://rashodnika.net/Lexmark-E460X11E.html;LEXMARK Тонер-картридж черный (15K) Return;E460X11E;
http://rashodnika.net/Lexmark-E460X21E.html;LEXMARK Тонер-картридж черный (15K);E460X11E;
http://rashodnika.net/5_1_1_340.html;LEXMARK Тонер-картридж черный (18K) Return;E462U11E;
http://rashodnika.net/5_1_1_341.html;LEXMARK Тонер-картридж черный (18K);E462U21G;
http://rashodnika.net/5_1_1_366.html;LEXMARK Тонер-картридж черный (3.5K) Return ;X463A11G;
http://rashodnika.net/5_1_1_368.html;LEXMARK Тонер-картридж черный (9K) Return;X463H11G;
http://rashodnika.net/5_1_1_370.html;LEXMARK Тонер-картридж черный (15K) Return;X463X11G;
http://rashodnika.net/5_1_1_367.html;LEXMARK Тонер-картридж черный (3.5K) ;X463A21G;
http://rashodnika.net/5_1_1_369.html;LEXMARK Тонер-картридж черный (9K);X463H21G;
http://rashodnika.net/5_1_1_371.html;LEXMARK Тонер-картридж черный (15K);X463X21G;
http://rashodnika.net/5_1_1_196.html;LEXMARK Блок проявки;C500X26G;
http://rashodnika.net/5_1_1_197.html;LEXMARK Емкость для использованного тонера;C500X27G;
http://rashodnika.net/5_1_1_198.html;LEXMARK Устройство закрепления тонера;C500X29G;
http://rashodnika.net/Lexmark-51B00A0.html;LEXMARK Тонер картридж черный (2.5K);51B00A0;
http://rashodnika.net/Lexmark-51B5H00.html;LEXMARK Тонер картридж черный (8.5K), возвратный;51B5H00;
http://rashodnika.net/Lexmark-51B5X00.html;LEXMARK Тонер картридж черный (20K), возвратный;51B5X00;
http://rashodnika.net/5_1_1_203.html;LEXMARK Емкость для использованного тонера;C52025X;
http://rashodnika.net/5_1_1_226.html;(C52030X) LEXMARK Блок фотобарабана;C53030X;
http://rashodnika.net/5_1_1_227.html;(C52034X) LEXMARK Набор черного и цветных фотобарабанов;C53034X;
http://rashodnika.net/LX-53B5H00.html;LEXMARK Тонер картридж черный (25K), возвратный;53B5H00;
http://rashodnika.net/LX-53B5X00.html;LEXMARK Тонер картридж черный (45K), возвратный;53B5X00;
http://rashodnika.net/LX-C540X31G.html;LEXMARK Девелопер-картридж черный;C540X31G;
http://rashodnika.net/LX-C540X32G.html;LEXMARK Девелопер-картридж голубой;C540X32G;
http://rashodnika.net/LX-C540X33G.html;LEXMARK Девелопер-картридж пурпурный;C540X33G;
http://rashodnika.net/LX-C540X34G.html;LEXMARK Девелопер-картридж желтый;C540X34G;
http://rashodnika.net/LX-C540X35G.html;LEXMARK Блок фотобарабанов;C540X35G;
http://rashodnika.net/5_1_1_243.html;LEXMARK Блок фотобарабанов и черный блок девелопера;C540X71G;
http://rashodnika.net/5_1_1_244.html;LEXMARK Блок фотобарабанов и комплект блоков девелопера;C540X74G;
http://rashodnika.net/5_1_1_245.html;LEXMARK Емкость для отработанного тонера;C540X75G;
http://rashodnika.net/LX-63B5H00.html;LEXMARK Тонер картридж черный (25K), возвратный;63B5H00;
http://rashodnika.net/LX-63B5X00.html;LEXMARK Тонер картридж черный (45K), возвратный;63B5X00;
http://rashodnika.net/5_1_1_179.html;LEXMARK Тонер-картридж черный (High Yield Labels), возвратный;64004HE;
http://rashodnika.net/LX-64016HE.html;LEXMARK Тонер-картридж черный, возвратный (21000 стр.);64016HE;
http://rashodnika.net/LX-64016SE.html;LEXMARK Тонер-картридж черный (6000 стр.), возвратный;64016SE;
http://rashodnika.net/LX-64036HE.html;LEXMARK Тонер-картридж черный (21000 стр.);64036HE;
http://rashodnika.net/LX-64036SE.html;LEXMARK Тонер-картридж черный (6000 стр.);64036SE;
http://rashodnika.net/5_1_1_379.html;LEXMARK Тонер-картридж черный (10K) Return ;X644A11E;
http://rashodnika.net/5_1_1_381.html;LEXMARK Тонер-картридж черный (21K) Return;X644H11E;
http://rashodnika.net/5_1_1_383.html;LEXMARK Тонер-картридж черный (32K) Return;X644X11E;
http://rashodnika.net/LX-64416XE.html;LEXMARK Тонер-картридж черный, возвратный (32000 стр.);64416XE;
http://rashodnika.net/5_1_1_380.html;LEXMARK Тонер-картридж черный (10K);X644A21E;
http://rashodnika.net/5_1_1_382.html;LEXMARK Тонер-картридж черный (21K);X644H21E;
http://rashodnika.net/5_1_1_384.html;LEXMARK Тонер-картридж черный (32K);X644X21E;
http://rashodnika.net/LX-64436XE.html;LEXMARK Тонер-картридж черный (32000 стр.);64436XE;
http://rashodnika.net/5_1_1_344.html;LEXMARK Тонер-картридж черный for Labels (25K) Return;T650H04E;
http://rashodnika.net/5_1_1_342.html;LEXMARK Тонер-картридж черный (7K) Return;T650A11E;
http://rashodnika.net/5_1_1_345.html;LEXMARK Тонер-картридж черный (25K) Return;T650H11E;
http://rashodnika.net/5_1_1_343.html;LEXMARK Тонер-картридж черный (7K);T650A21E;
http://rashodnika.net/5_1_1_346.html;LEXMARK Тонер-картридж черный (25K);T650H21E;
http://rashodnika.net/5_1_1_387.html;LEXMARK Тонер-картридж for Label (25K), Return ;X651H04E;
http://rashodnika.net/5_1_1_385.html;LEXMARK Тонер-картридж черный (7K) Return;X651A11E;
http://rashodnika.net/5_1_1_388.html;LEXMARK Тонер-картридж черный (25K) Return;X651H11E;
http://rashodnika.net/5_1_1_386.html;LEXMARK Тонер-картридж черный (7K);X651A21E;
http://rashodnika.net/5_1_1_389.html;LEXMARK Тонер-картридж черный (25K);X651H21E;
http://rashodnika.net/5_1_1_347.html;LEXMARK Тонер-картридж черный for Labels (36K) Return;T654X04E;
http://rashodnika.net/5_1_1_348.html;LEXMARK Тонер-картридж черный (36K) Return;T654X11E;
http://rashodnika.net/5_1_1_349.html;LEXMARK Тонер-картридж черный (36K);T654X21E;
http://rashodnika.net/LX-71B0H10.html;LEXMARK Тонер-картридж черный (6000 стр.);71B0H10;
http://rashodnika.net/LX-71B0X10.html;LEXMARK Тонер-картридж черный (8000 стр.);71B0X10;
http://rashodnika.net/LX-71B0H20.html;LEXMARK Тонер-картридж голубой (3500 стр.);71B0H20;
http://rashodnika.net/LX-71B0H30.html;LEXMARK Тонер-картридж пурпурный (3500 стр.);71B0H30;
http://rashodnika.net/LX-71B0H40.html;LEXMARK Тонер-картридж желтый (3500 стр.);71B0H40;
http://rashodnika.net/LX-71B10C0.html;LEXMARK Тонер-картридж голубой, возвратный;71B10C0;
http://rashodnika.net/LX-71B10K0.html;LEXMARK Тонер-картридж черный, возвратный;71B10K0;
http://rashodnika.net/LX-71B10M0.html;LEXMARK Тонер-картридж пурпурный, возвратный;71B10M0;
http://rashodnika.net/LX-71B10Y0.html;LEXMARK Тонер-картридж желтый, возвратный;71B10Y0;
http://rashodnika.net/Lexmark-72K0W00.html;LEXMARK Контейнер для отработанного тонера;72K0W00;
http://rashodnika.net/5_1_1_265.html;LEXMARK Блок фотобарабана;C734X20G;
http://rashodnika.net/5_1_1_266.html;LEXMARK Блок фотобарабана, упаковка 4 шт.;C734X24G;
http://rashodnika.net/5_1_1_267.html;LEXMARK Емкость для отработанного тонера;C734X77G;
http://rashodnika.net/Lexmark-73B50C0.html;LEXMARK Тонер картридж голубой, возвратный;73B50C0;
http://rashodnika.net/Lexmark-73B50K0.html;LEXMARK Тонер картридж черный, возвратный;73B50K0;
http://rashodnika.net/Lexmark-73B50M0.html;LEXMARK Тонер картридж пурпурный, возвратный;73B50M0;
http://rashodnika.net/Lexmark-73B50Y0.html;LEXMARK Тонер картридж желтый, возвратный;73B50Y0;
http://rashodnika.net/Lexmark-74C0W00.html;LEXMARK Контейнер для отработанного тонера;74C0W00;
http://rashodnika.net/Lexmark-75B50C0.html;LEXMARK Тонер картридж голубой, возвратный;75B50C0;
http://rashodnika.net/Lexmark-75B50K0.html;LEXMARK Тонер картридж черный, возвратный;75B50K0;
http://rashodnika.net/Lexmark-75B50M0.html;LEXMARK Тонер картридж пурпурный, возвратный;75B50M0;
http://rashodnika.net/Lexmark-75B50Y0.html;LEXMARK Тонер картридж желтый, возвратный;75B50Y0;
http://rashodnika.net/LX-76C00C0.html;LEXMARK Тонер картридж голубой (11.5K);76C00C0;
http://rashodnika.net/LX-76C00K0.html;LEXMARK Тонер картридж черный (18.5K);76C00K0;
http://rashodnika.net/LX-76C00M0.html;LEXMARK Тонер картридж пурпурный (11.5K);76C00M0;
http://rashodnika.net/LX-76C00Y0.html;LEXMARK Тонер картридж желтый (11.5K);76C00Y0;
http://rashodnika.net/LX-C792X77G.html;LEXMARK Контейнер для отработанного тонера;C792X77G;
http://rashodnika.net/5_1_1_1.html;LEXMARK Тонер-картридж черный (3000 стр.);08A0475;
http://rashodnika.net/5_1_1_2.html;LEXMARK Тонер картридж черный, возвратный (3000 стр.);08A0476;
http://rashodnika.net/5_1_1_3.html;LEXMARK Картридж черный (6000 стр.);08A0477;
http://rashodnika.net/5_1_1_4.html;LEXMARK Тонер-картридж черный, возвратный (6000 стр.);08A0478;
http://rashodnika.net/5_1_1_350.html;LEXMARK Тонер-картридж черный (30K);W84020H;
http://rashodnika.net/5_1_1_351.html;LEXMARK Блок фотобарабана;W84030H;
http://rashodnika.net/5_1_1_352.html;LEXMARK Тонер-картридж черный (35K);W850H21G;
http://rashodnika.net/5_1_1_391.html;LEXMARK Тонер-картридж черный;X850H21G;
http://rashodnika.net/5_1_1_353.html;LEXMARK Блок фотобарабана;W850H22G;
http://rashodnika.net/5_1_1_392.html;LEXMARK Блок фотобарабана;X850H22G;
http://rashodnika.net/5_1_1_393.html;LEXMARK Тонер-картридж черный;X860H21G;
http://rashodnika.net/5_1_1_394.html;LEXMARK Блок фотобарабана;X860H22G;
http://rashodnika.net/LX-C925X72G.html;LEXMARK Блок фотобарабана черный;C925X72G;
http://rashodnika.net/LX-C925X73G.html;LEXMARK Блок фотобарабана голубой;C925X73G;
http://rashodnika.net/LX-C925X74G.html;LEXMARK Блок фотобарабана пурпурный;C925X74G;
http://rashodnika.net/LX-C925X75G.html;LEXMARK Блок фотобарабана желтый;C925X75G;
http://rashodnika.net/LX-C925X76G.html;LEXMARK Контейнер для отработанного тонера;C925X76G;
http://rashodnika.net/5_1_1_324.html;LEXMARK Фотобарабан черный;C930X72G;
http://rashodnika.net/5_1_1_325.html;LEXMARK Цветные фотобарабаны (3шт.);C930X73G;
http://rashodnika.net/5_1_1_326.html;LEXMARK Емкость для отработанного тонера;C930X76G;
