http://rashodnika.net/5_1_3_62.html;LEXMARK №1 Картридж цветной;18C0781;1
http://rashodnika.net/5_1_3_110.html;LEXMARK Картридж цветной №1 + 20 листов фотобумаги 10*15;80D2179;1+
http://rashodnika.net/5_1_3_74.html;LEXMARK №4A Картридж черный;018C1954E;4A
http://rashodnika.net/5_1_3_77.html;LEXMARK №4 Картридж черный Return Program;018C1974E;4
http://rashodnika.net/5_1_3_75.html;LEXMARK №5 Картридж цветной  Return Program;018C1960E;5
http://rashodnika.net/5_1_3_76.html;LEXMARK №5A Картридж цветной;018C1970E;5A
http://rashodnika.net/5_1_3_114.html;LEXMARK (80D2131) Картридж цветной №1 двойная упаковка;80D2955;1+1
http://rashodnika.net/5_1_3_78.html;LEXMARK №14A Картридж черный;018C2080E;14A
http://rashodnika.net/5_1_3_79.html;LEXMARK №14 Картридж черный Return Program;018C2090E;14
http://rashodnika.net/5_1_3_80.html;LEXMARK №15A Картридж цветной;018C2100E;15A
http://rashodnika.net/5_1_3_81.html;LEXMARK №15 Картридж цветной Return Program;018C2110E;15
http://rashodnika.net/5_1_3_1.html;LEXMARK №16 Картридж черный;10N0016;16
http://rashodnika.net/5_1_3_3.html;LEXMARK №17 Картридж черный;10N0217;17
http://rashodnika.net/5_1_3_49.html;LEXMARK №19 Картридж цветной малой емкости;15M2619;19
http://rashodnika.net/5_1_3_45.html;LEXMARK №20 Картридж цветной;15M0120;20
http://rashodnika.net/5_1_3_51.html;LEXMARK №20 Картридж цветной (новый);15MX120E;20
http://rashodnika.net/5_1_3_68.html;LEXMARK №23 Картридж черный Return Program;18C1523E;23
http://rashodnika.net/5_1_3_72.html;LEXMARK №23A Картридж черный;18C1623E;23A
http://rashodnika.net/5_1_3_69.html;LEXMARK №24 Картридж цветной Return Program;18C1524E;24
http://rashodnika.net/5_1_3_73.html;LEXMARK 37XLA Картридж цветной;18C1624E;24A
http://rashodnika.net/5_1_3_46.html;LEXMARK №25 Картридж цветной большой емкости;15M0125;25
http://rashodnika.net/5_1_3_2.html;LEXMARK №26 Картридж цветной;10N0026;26
http://rashodnika.net/5_1_3_4.html;LEXMARK №27 Картридж цветной;10N0227;27
http://rashodnika.net/5_1_3_105.html;LEXMARK Картридж цветной  №27 + 20 листов фотобумаги 10*15;80D2038;27+
http://rashodnika.net/5_1_3_64.html;LEXMARK №28 Картридж черный Return Program;018C1428E;28
http://rashodnika.net/5_1_3_70.html;LEXMARK №28A Картридж черный;018C1528E;28A
http://rashodnika.net/5_1_3_65.html;LEXMARK №29 Картридж цветной Return Program;018C1429E;29
http://rashodnika.net/5_1_3_71.html;LEXMARK №29A Картридж цветной;018C1529E;29A
http://rashodnika.net/5_1_3_57.html;LEXMARK №31 Фотокартридж цветной;18C0031E;31
http://rashodnika.net/5_1_3_58.html;LEXMARK №32 Картридж черный;18C0032E;32
http://rashodnika.net/5_1_3_90.html;LEXMARK №32 Картридж черный Return Program;18CX032E;32
http://rashodnika.net/5_1_3_59.html;LEXMARK №33 Картридж цветной;18C0033E;33
http://rashodnika.net/5_1_3_91.html;LEXMARK №33 Картридж цветной №33 (Return Program);18CX033E;33
http://rashodnika.net/5_1_3_117.html;LEXMARK (80D2039) Картридж цветной №33 + 20 листов фотобумаги 10*15;80D2959;33+
http://rashodnika.net/5_1_3_60.html;LEXMARK №34 Картридж черный большой емкости;18C0034E;34
http://rashodnika.net/5_1_3_61.html;LEXMARK №35 Картридж цветной большой емкости;18C0035E;35
http://rashodnika.net/5_1_3_82.html;LEXMARK №36 Картридж черный Return Program;018C2130E;36
http://rashodnika.net/5_1_3_84.html;LEXMARK №36A Картридж черный;018C2150E;36A
http://rashodnika.net/5_1_3_86.html;LEXMARK №36XLКартридж черный большой емкости Return Program;018C2170E;36XL
http://rashodnika.net/5_1_3_88.html;LEXMARK №36XLA Картридж черный большой емкости;018C2190E;36XLA
http://rashodnika.net/5_1_3_83.html;LEXMARK №37 Картридж цветной Return Program;018C2140E;37
http://rashodnika.net/5_1_3_85.html;LEXMARK №37A Картридж цветной;018C2160E;37A
http://rashodnika.net/5_1_3_87.html;LEXMARK №37XL Картридж цветной большой емкости Return Program;018C2180E;37XL
http://rashodnika.net/5_1_3_89.html;LEXMARK №37XLA Картридж цветной большой емкости;018C2220E;37XLA
http://rashodnika.net/5_1_3_100.html;LEXMARK №40 Фоткартридж цветной;018Y0340E;40
http://rashodnika.net/5_1_3_95.html;LEXMARK №41 Картридж цветной Return Program;018Y0141E;41
http://rashodnika.net/5_1_3_101.html;LEXMARK №41A Картридж цветной;018Y0341E;41A
http://rashodnika.net/5_1_3_96.html;LEXMARK №42 Картридж черный Return Program;018Y0142E;42
http://rashodnika.net/5_1_3_102.html;LEXMARK №42A Картридж черный;018Y0342E;42A
http://rashodnika.net/5_1_3_97.html;LEXMARK №43 Картридж цветной;018Y0143E;43
http://rashodnika.net/5_1_3_99.html;LEXMARK Картридж №43 и 100 листов фотобумаги 10*15;018Y0146E;43+
http://rashodnika.net/5_1_3_104.html;LEXMARK №43XL Картридж цветной Return Program;018YX143E;43XL
http://rashodnika.net/5_1_3_98.html;LEXMARK №44XL Картридж черный большой емкости;018Y0144E;44XL
http://rashodnika.net/5_1_3_56.html;LEXMARK №48 Картридж черный малой емкости;017G0648E;48
http://rashodnika.net/5_1_3_52.html;LEXMARK №50 Картридж черный;17G0050;50
http://rashodnika.net/5_1_3_53.html;LEXMARK №55 Картридж черный большой емкости;17G0055;55
http://rashodnika.net/5_1_3_54.html;LEXMARK №60 Картридж цветной;17G0060;60
http://rashodnika.net/5_1_3_55.html;LEXMARK №65 Картридж цветной большой емкости;17G0065;65
http://rashodnika.net/5_1_3_12.html;LEXMARK №70 Картридж черный;12A1970;70
http://rashodnika.net/5_1_3_50.html;LEXMARK №71 Картридж черный малой емкости;15M3670E;71
http://rashodnika.net/5_1_3_13.html;LEXMARK №75 Картридж черный большой емкости;12A1975;75
http://rashodnika.net/5_1_3_14.html;LEXMARK №80 Картридж цветной;12A1980;80
http://rashodnika.net/5_1_3_93.html;LEXMARK №82 Картридж черный;18L0032;82
http://rashodnika.net/5_1_3_94.html;LEXMARK №83 Картридж цветной;18L0042;83
http://rashodnika.net/5_1_3_15.html;LEXMARK №85 Картридж цветной большой емкости;12A1985;85
http://rashodnika.net/5_1_3_92.html;LEXMARK №88 Картридж цветной большой емкости;18L0000;88
http://rashodnika.net/5_1_3_16.html;LEXMARK №90 Фотокартридж цветной;12A1990;90
http://rashodnika.net/5_1_3_24.html;LEXMARK №100 Картридж черный Return Program;14N0820E;100
http://rashodnika.net/5_1_3_28.html;LEXMARK №100 (CMY) Набор цверных картриджей;14N0849;100mp
http://rashodnika.net/5_1_3_29.html;LEXMARK №100XL (CMY) Набор цверных картриджей повышенного объема;14N0850;100XLmp
http://rashodnika.net/5_1_3_30.html;LEXMARK №100 Картридж голубой Return Program;14N0900E;100
http://rashodnika.net/5_1_3_31.html;LEXMARK №100 Картридж пурпурный Return Program;14N0901E;100
http://rashodnika.net/5_1_3_32.html;LEXMARK №100 Картридж желтый Return Program;14N0902E;100
http://rashodnika.net/5_1_3_33.html;LEXMARK №100A Картридж черный;14N0918;100A
http://rashodnika.net/5_1_3_34.html;LEXMARK №100A Картридж голубой;14N0920;100A
http://rashodnika.net/5_1_3_35.html;LEXMARK №100A Картридж пурпурный;14N0921;100A
http://rashodnika.net/5_1_3_36.html;LEXMARK №100A Картридж желтый;14N0922;100A
http://rashodnika.net/5_1_3_37.html;LEXMARK №100XL Картридж черный повышенной емкости Return Program;14N1068E;100XL
http://rashodnika.net/5_1_3_38.html;LEXMARK №100XL Картридж голубой повышенной емкости Return Program;14N1069E;100XL
http://rashodnika.net/5_1_3_39.html;LEXMARK №100XL Картридж пурпурный повышенной емкости Return Program;14N1070E;100XL
http://rashodnika.net/5_1_3_40.html;LEXMARK №100XL Картридж желтый повышенной емкости Return Program;14N1071E;100XL
http://rashodnika.net/5_1_3_41.html;LEXMARK №100XLA Картридж черный повышенной емкости;14N1092;100XLA
http://rashodnika.net/5_1_3_42.html;LEXMARK №100XLA Картридж голубой повышенной емкости;14N1093;100XLA
http://rashodnika.net/5_1_3_43.html;LEXMARK №100XLA Картридж пурпурный повышенной емкости;14N1094;100XLA
http://rashodnika.net/5_1_3_44.html;LEXMARK №100XLA Картридж желтый повышенной емкости;14N1095;100XLA
http://rashodnika.net/5_1_3_25.html;LEXMARK №105XL Картридж черный повышенной емкости Return Program;14N0822E;105XL
http://rashodnika.net/LX-14L0086A.html;LEXMARK №220 Картридж голубой Return Program;14L0086A;220C
http://rashodnika.net/LX-14L0087A.html;LEXMARK №220 Картридж пурпурный Return Program;14L0087A;220M
http://rashodnika.net/LX-14L0088A.html;LEXMARK №220 Картридж желтый Return Program;14L0088A;220Y
http://rashodnika.net/LX-14L0173A.html;LEXMARK №220 Картридж черный Return Program;14L0173A;220Bk
http://rashodnika.net/LX-14L0174A.html;LEXMARK №220XL Картридж черный увеличенной емкости Return Program;14L0174A;220XLBk
http://rashodnika.net/LX-14L0175A.html;LEXMARK №220XL Картридж голубой увеличенной емкости Return Program;14L0175A;220XLC
http://rashodnika.net/LX-14L0176A.html;LEXMARK №220XL Картридж пурпурный увеличенной емкости Return Program;14L0176A;220XLM
http://rashodnika.net/LX-14L0177A.html;LEXMARK №220XL Картридж желтый увеличенной емкости Return Program;14L0177A;220XLY
http://rashodnika.net/LX-14L0197.html;LEXMARK №220XLA Картридж черный увеличенной емкости;14L0197;220XLABk
http://rashodnika.net/LX-14L0198.html;LEXMARK №220XLA Картридж голубой увеличенной емкости;14L0198;220XLAC
http://rashodnika.net/LX-14L0199.html;LEXMARK №220XLA Картридж пурпурный увеличенной емкости;14L0199;220XLAM
http://rashodnika.net/LX-14L0200.html;LEXMARK №220XLA Картридж желтый увеличенной емкости;14L0200;220XLAY
http://rashodnika.net/LX-14L0268A.html;LEXMARK №220 Набор цветных картридж;14L0268A;220MP
http://rashodnika.net/LX-14L0269A.html;LEXMARK №220XL Набор цветных картридж;14L0269A;220XLMP
http://rashodnika.net/5_1_3_27.html;LEXMARK 2 картриджа №105XL черных повышенной емкости Return Program;14N0848;105XL 2x
http://rashodnika.net/5_1_3_26.html;LEXMARK 4 картриджа №105XL черный повышенной емкости Return Program;14N0845;105XL 4x
http://rashodnika.net/5_1_3_119.html;LEXMARK Двойная упаковка. Картридж черный №14 и цветной №15 Return Program;0080D2979;14+15
http://rashodnika.net/5_1_3_106.html;LEXMARK Картридж черный №16 + цветной №26;80D2126;16+26
http://rashodnika.net/5_1_3_113.html;LEXMARK (80D2124) Картридж черный двойная упаковка №17;80D2954;17+17
http://rashodnika.net/5_1_3_112.html;LEXMARK (80D2125) Картридж черный №17 + цветной №27;80D2952;17+27
http://rashodnika.net/5_1_3_63.html;LEXMARK Картридж черный №23 и цветной №24 Return Program;18C1419E;23+24
http://rashodnika.net/5_1_3_66.html;LEXMARK Комплект. Картридж черный №28 и цветной №29. Return Program.;018C1520BA;28+29 BA
http://rashodnika.net/5_1_3_67.html;LEXMARK Комплект. Картридж черный №28 и цветной №29;018C1520E;28+29
http://rashodnika.net/5_1_3_108.html;LEXMARK Картридж черный №32 двойная упаковка;80D2177;32+32
http://rashodnika.net/5_1_3_115.html;LEXMARK Двойная упаковка картриджа 18C0032E;80D2956;32+32
http://rashodnika.net/5_1_3_111.html;LEXMARK Комплект картриджей №32 и №33;80D2951;32+33
http://rashodnika.net/5_1_3_109.html;LEXMARK Картридж цветной №33 + фотокартридж №31;80D2178;33+31
http://rashodnika.net/5_1_3_103.html;LEXMARK Комплект картриджей №43 и №44;018Y0372;43+44
http://rashodnika.net/5_1_3_118.html;LEXMARK Картридж черный №43 и цветной №44;80D2966;43+44
http://rashodnika.net/5_1_3_107.html;LEXMARK (80D2953) Картридж черный №70 + цветной №20;80D2127;70+20
http://rashodnika.net/5_1_3_116.html;LEXMARK (80D2123) Картридж черный двойная упаковка №70;80D2957;70+70
http://rashodnika.net/5_1_3_17.html;LEXMARK Картридж черный;13400HC;
http://rashodnika.net/5_1_3_20.html;LEXMARK Картридж цветной;13619HC;
http://rashodnika.net/5_1_3_5.html;LEXMARK Печатающая головка черная;11J3000;
http://rashodnika.net/5_1_3_6.html;LEXMARK Печатающая головка цветная;11J3001;
http://rashodnika.net/5_1_3_7.html;LEXMARK Картридж черный;11J3020;
http://rashodnika.net/5_1_3_8.html;LEXMARK Картридж голубой;11J3021;
http://rashodnika.net/5_1_3_9.html;LEXMARK Картридж пурпурный;11J3022;
http://rashodnika.net/5_1_3_10.html;LEXMARK Картридж желтый;11J3023;
http://rashodnika.net/5_1_3_11.html;LEXMARK Картридж PerfectFinish;11J3050;
http://rashodnika.net/5_1_3_48.html;LEXMARK Картридж черный;15M0640;
http://rashodnika.net/5_1_3_18.html;LEXMARK Картридж черный большой емкости;1361400;
http://rashodnika.net/5_1_3_19.html;LEXMARK Фотокартридж цветной;1361760;
http://rashodnika.net/5_1_3_21.html;LEXMARK Картридж черный большой емкости;1380620;
http://rashodnika.net/5_1_3_22.html;LEXMARK Картридж черный;1382050;
http://rashodnika.net/5_1_3_23.html;LEXMARK Картридж цветной;1382060;
