http://rashodnika.net/6_1_2_4.html;OKI Картридж матричный черный 5500-ser;01126301;01126302
http://rashodnika.net/6_1_2_5.html;OKI Картридж матричный черный;01126302;
http://rashodnika.net/6_1_2_1.html;OKI RIB-100/320 Картридж матричный черный;01108002;09002303
http://rashodnika.net/6_1_2_6.html;OKI Картридж матричный черный;09002308;
http://rashodnika.net/6_1_2_7.html;OKI Картридж матричный черный;09002309;
http://rashodnika.net/6_1_2_8.html;OKI Картридж матричный черный;09002310;
http://rashodnika.net/6_1_2_9.html;OKI Картридж матричный черный;09002311;
http://rashodnika.net/6_1_2_10.html;OKI Картридж матричный цветной;09002312;
http://rashodnika.net/6_1_2_2.html;OKI RIB-520B Картридж матричный черный;01108603;09002315
http://rashodnika.net/6_1_2_3.html;OKI RIB-590B Картридж матричный черный;01108802;09002316
http://rashodnika.net/6_1_2_11.html;OKI Стандартная лента (60 ярдов);09002629;
http://rashodnika.net/6_1_2_12.html;OKI Лента для печати штрих-кодов (60 ярдов);09002630;
http://rashodnika.net/6_1_2_13.html;OKI Стандартная лента (100 ярдов);09002631;
http://rashodnika.net/6_1_2_14.html;OKI Лента для печати штрих-кодов (100 ярдов);09002632;
http://rashodnika.net/6_1_2_15.html;OKI Высокоресурсная лента;09004294;
http://rashodnika.net/6_1_2_16.html;OKI Лента для печати этикеток;09004295;
http://rashodnika.net/OKI-09005591.html;OKI Картридж с красящей лентой;09005591;
http://rashodnika.net/OKI-09005592.html;OKI Картридж с красящей лентой увеличенного ресурса;09005592;
http://rashodnika.net/OKI-09005722.html;OKI Комплект из 4-х картриджей некрасящих лент для скрытой печати;09005722;
http://rashodnika.net/6_1_2_17.html;OKI Картридж матричный цветной;40107101;
http://rashodnika.net/6_1_2_18.html;OKI Картридж матричный черный;40629303;
http://rashodnika.net/6_1_2_19.html;OKI Картридж матричный черный;41001201;
http://rashodnika.net/6_1_2_20.html;OKI Картридж матричный черный;41787503;
http://rashodnika.net/6_1_2_21.html;OKI Картридж матричный черный;43503601;
http://rashodnika.net/6_1_2_22.html;OKI Картридж матричный черный;43571803;
http://rashodnika.net/6_1_2_23.html;OKI Картридж матричный черный;43821103;
http://rashodnika.net/OKI-44173405.html;OKI Картридж матричный черный;44173405;
http://rashodnika.net/OKI-44173406.html;OKI Картридж матричный черный;44173406;
