http://rashodnika.net/6_1_3_7.html;OKI OJ300C Струйный картридж цветной;09001308;OJ300C-M-HD
http://rashodnika.net/6_1_3_8.html;OKI OJ300C Струйный картридж черный;09001309;OJ300C-С-HD
http://rashodnika.net/6_1_3_14.html;OKI OJ910C Струйный картридж черный;09700015;OJ910C-M-HD
http://rashodnika.net/6_1_3_15.html;OKI OJ910C Струйный картридж цветной;09700016;OJ910C-С-HD
http://rashodnika.net/6_1_3_1.html;OKI OJ2020 Чернильница черная;09001275;OJ2020-BT
http://rashodnika.net/6_1_3_3.html;OKI OJ2020 Чернильница голубая;09001277;OJ2020-СT
http://rashodnika.net/6_1_3_4.html;OKI OJ2020 Моноблочный черный картридж;09001278;OJ2020-M-HCC
http://rashodnika.net/6_1_3_5.html;OKI OJ2020 Чернильница пурпурная;09001279;OJ2020-MT
http://rashodnika.net/6_1_3_6.html;OKI OJ2020 Чернильница желтая;09001307;OJ2020-YT
http://rashodnika.net/6_1_3_2.html;OKI OJ2500 Печатающая головка цветная с комплектом чернильниц;09001276;OJ2500-C-HD
http://rashodnika.net/6_1_3_11.html;OKI OJ3035 Струйный фото картридж;09300140;OJ3035-P-HD
http://rashodnika.net/6_1_3_12.html;OKI OJ3035C Струйный картридж цветной;09420032;OJ3035C-С-HD
http://rashodnika.net/6_1_3_13.html;OKI OJ3035 Струйный картридж черный;09420037;OJ3035-M-HD
http://rashodnika.net/6_1_3_9.html;OKI Струйный картридж черный большой емкости;09002794;
http://rashodnika.net/6_1_3_10.html;OKI Струйный картридж черный;09002838;
