http://rashodnika.net/oki-lp-761.html;OKI Тонер-картридж LP-761;30790-0034-01;LP-761
http://rashodnika.net/oki-lp-860.html;OKI Коротрон заряда в сборе LP-860;U00120943100;LP-860
http://rashodnika.net/oki-lp-872.html;OKI Блок фотобарабана LP-872;U00128294800;LP-872
http://rashodnika.net/6_1_1_8.html;(00079801) OKI Тонер-туба TYPE-6;01107201;00079801
http://rashodnika.net/6_1_1_1.html;OKI Драм-картридж TYPE-5(F);01008201;
http://rashodnika.net/6_1_1_2.html;OKI Тонер-картридж TYPE-5H;01074705;
http://rashodnika.net/6_1_1_3.html;OKI Скрепки для финишера;01078301;
http://rashodnika.net/6_1_1_4.html;OKI Комплект тонер-картриджей (CMYK);01101001;
http://rashodnika.net/6_1_1_5.html;OKI Комплект тонер-картриджей (CMYK);01101101;
http://rashodnika.net/OKI-01101213.html;OKI Тонер-картридж TYPE-9;01101213;01101202
http://rashodnika.net/6_1_1_6.html;(01103402) OKI Тонер-картридж TYPE-9;01103409;01103402
http://rashodnika.net/6_1_1_7.html;OKI Тонер-картридж TYPE-8;01107001;
http://rashodnika.net/6_1_1_9.html;(01107301) OKI Тонер-картридж TYPE-5;40433203;01107301
http://rashodnika.net/OKI-01116517.html;OKI Блок фотобарабана желтый;01116517;
http://rashodnika.net/OKI-01116518.html;OKI Блок фотобарабана пурпурный;01116518;
http://rashodnika.net/OKI-01116519.html;OKI Блок фотобарабана голубой;01116519;
http://rashodnika.net/OKI-01116520.html;OKI Блок фотобарабана черный;01116520;
http://rashodnika.net/OKI-01173001.html;OKI Узел термозакрепления (печка);01173001;
http://rashodnika.net/OKI-01173101.html;OKI Ремень переноса изображения;01173101;
http://rashodnika.net/OKI-01173201.html;OKI Емкость отработанного тонера;01173201;
http://rashodnika.net/OKI-01186201.html;OKI Блок термозакрепления (печка);01186201;
http://rashodnika.net/OKI-01186301.html;OKI Ремень переноса изображения;01186301;
http://rashodnika.net/OKI-01186901.html;OKI Блок фотобарабана желтый;01186901;
http://rashodnika.net/OKI-01186902.html;OKI Блок фотобарабана пурпурный;01186902;
http://rashodnika.net/OKI-01186903.html;OKI Блок фотобарабана голубой;01186903;
http://rashodnika.net/OKI-01186904.html;OKI Блок фотобарабана черный;01186904;
http://rashodnika.net/6_1_1_12.html;OKI Тонер-картридж черный;01221601;
http://rashodnika.net/6_1_1_13.html;OKI Блок фотобарабана;01221701;
http://rashodnika.net/6_1_1_14.html;OKI Тонер-картридж черный (6000 стр.);01225401;
http://rashodnika.net/OKI-01226701.html;OKI Ремкомплект;01226701;
http://rashodnika.net/OKI-01228801.html;OKI Блок фотобарабана желтый;01228801;
http://rashodnika.net/OKI-01228802.html;OKI Блок фотобарабана пурпурный;01228802;
http://rashodnika.net/OKI-01228803.html;OKI Блок фотобарабана голубой;01228803;
http://rashodnika.net/OKI-01228804.html;OKI Блок фотобарабана черный;01228804;
http://rashodnika.net/OKI-01229201.html;OKI Блок термозакрепления (печка);01229201;
http://rashodnika.net/OKI-01229401.html;OKI Блок термозакрепления (печка);01229401;
http://rashodnika.net/6_1_1_15.html;OKI Тонер-картридж черный (3K);01239901;
http://rashodnika.net/6_1_1_16.html;OKI Тонер-картридж черный (5.5K);01240001;
http://rashodnika.net/OKI-01275101.html;OKI Блок фотобарабана желтый;01275101;
http://rashodnika.net/OKI-01275102.html;OKI Блок фотобарабана пурпурный;01275102;
http://rashodnika.net/OKI-01275103.html;OKI Блок фотобарабана голубой;01275103;
http://rashodnika.net/OKI-01275104.html;OKI Блок фотобарабана черный;01275104;
http://rashodnika.net/OKI-01275105.html;OKI Блок фотобарабана белый;01275105;
http://rashodnika.net/OKI-01279001.html;OKI Тонер-картридж черный (15000 стр.);01279001;
http://rashodnika.net/OKI-01279101.html;OKI Тонер-картридж черный (20000 стр.);01279101;
http://rashodnika.net/OKI-01279301.html;OKI Тонер-картридж черный;01279301;
http://rashodnika.net/OKI-01283601.html;OKI Блок фотобарабана черный;01283601;
http://rashodnika.net/6_1_1_17.html;OKI Блок фотобарабана TYPE-3;09001038;
http://rashodnika.net/6_1_1_18.html;OKI Блок фотобарабана TYPE-1;09001039;
http://rashodnika.net/6_1_1_19.html;OKI Блок фотобарабана TYPE-2;09001042;
http://rashodnika.net/6_1_1_20.html;OKI Блок фотобарабана TYPE-4;09001045;
http://rashodnika.net/6_1_1_21.html;OKI Тонер черный TYPE-4;09002386;
http://rashodnika.net/6_1_1_11.html;OKI (01179801) Тонер-картридж TYPE-3;09002390;
http://rashodnika.net/6_1_1_22.html;OKI Тонер-туба TYPE-1;09002392;
http://rashodnika.net/6_1_1_10.html;OKI (01107401) Тонер-картридж TYPE-2;09002395;
http://rashodnika.net/6_1_1_23.html;OKI Тонер-картридж черный;09002989;
http://rashodnika.net/6_1_1_24.html;OKI Блок фотобарабана;09002990;
http://rashodnika.net/6_1_1_27.html;OKI Картридж со скрепками для стантартного финишера;09004021;
http://rashodnika.net/6_1_1_28.html;OKI Картридж со скрепками для финишера;09004022;
http://rashodnika.net/6_1_1_29.html;OKI Тонер-картридж черный;09004058;
http://rashodnika.net/oki-09004168-toner.html;OKI Тонер-картридж черный (6k);09004168;
http://rashodnika.net/oki-09004169.html;OKI Тонер-картридж черный (12k);09004169;
http://rashodnika.net/oki-09004170.html;OKI Драм-картридж;09004170;
http://rashodnika.net/6_1_1_33.html;OKI Тонер-картридж черный (2.2K);09004447;
http://rashodnika.net/6_1_1_34.html;OKI Тонер-картридж черный (13K);09004461;
http://rashodnika.net/6_1_1_35.html;OKI Тонер-картридж черный (22K);09004462;
http://rashodnika.net/6_1_1_36.html;OKI Фотобарабан TYPE-5;40433303;
http://rashodnika.net/oki-40468801.html;OKI Тонер-картридж черный ;40468801;
http://rashodnika.net/6_1_1_37.html;OKI Ремень переноса;40490802;40490801
http://rashodnika.net/6_1_1_38.html;OKI Термоблок (печка);40490902;
http://rashodnika.net/6_1_1_39.html;OKI Масляный ролик;40645302;40645301
http://rashodnika.net/6_1_1_40.html;OKI Сборник отработанного тонера;40645402;40645401
http://rashodnika.net/6_1_1_41.html;OKI Фотобарабан TYPE-6;40709902;
http://rashodnika.net/6_1_1_42.html;OKI Тонер-туба TYPE-5(F);40815604;
http://rashodnika.net/6_1_1_43.html;OKI Тонер-картридж черный TYPE-C1;41012305;41012301
http://rashodnika.net/6_1_1_44.html;OKI Тонер-картридж желтый TYPE-C1;41012306;41012302
http://rashodnika.net/6_1_1_45.html;OKI Тонер-картридж пурпурный TYPE-C1;41012307;41012303
http://rashodnika.net/6_1_1_46.html;OKI Тонер-картридж голубой TYPE-C1;41012308;41012304
http://rashodnika.net/6_1_1_47.html;OKI Фотобарабан TYPE-7;41019502;
http://rashodnika.net/6_1_1_48.html;OKI Тонер-картридж черный TYPE-7;01171402;41022502
http://rashodnika.net/6_1_1_49.html;OKI Фотобарабан черный TYPE-C1;41070205;
http://rashodnika.net/6_1_1_50.html;OKI Фотобарабан желтый TYPE-C1;41070206;
http://rashodnika.net/6_1_1_51.html;OKI Фотобарабан пурпурный TYPE-C1;41070207;
http://rashodnika.net/6_1_1_52.html;OKI Фотобарабан голубой TYPE-C1;41070208;
http://rashodnika.net/6_1_1_53.html;OKI Ремень переноса;41303903;41303901
http://rashodnika.net/6_1_1_54.html;OKI Термоблок (печка);41304003;41304001
http://rashodnika.net/6_1_1_55.html;OKI Блок фотобарабана желтый TYPE-C2;41304109;41304105
http://rashodnika.net/6_1_1_56.html;OKI Блок фотобарабана пурпурный TYPE-C2;41304110;41304106
http://rashodnika.net/6_1_1_57.html;OKI Блок фотобарабана голубой TYPE-C2;41304111;41304107
http://rashodnika.net/6_1_1_58.html;OKI Блок фотобарабана черный TYPE-C2;41304112;41304108
http://rashodnika.net/6_1_1_59.html;OKI (41304209) Тонер-картридж желтый TYPE-C2;41304285;41304209
http://rashodnika.net/6_1_1_60.html;OKI (41304210) Тонер-картридж пурпурный TYPE-C2;41304286;41304210
http://rashodnika.net/6_1_1_62.html;OKI (41304212) Тонер-картридж черный TYPE-C2;41304288;41304212
http://rashodnika.net/6_1_1_61.html;OKI (41304211) Тонер-картридж голубой TYPE-C2;41304287;
http://rashodnika.net/6_1_1_63.html;OKI Блок фотобарабана TYPE-8;41331602;
http://rashodnika.net/6_1_1_64.html;OKI Тонер-картридж TYPE-8;41331702;
http://rashodnika.net/6_1_1_65.html;OKI Блок фотобарабана желтый TYPE-C3;41514709;
http://rashodnika.net/6_1_1_66.html;OKI Блок фотобарабана пурпурный TYPE-C3;41514710;
http://rashodnika.net/6_1_1_67.html;OKI Блок фотобарабана голубой TYPE-C3;41514711;
http://rashodnika.net/6_1_1_68.html;OKI Блок фотобарабана черный TYPE-C3;41514712;
http://rashodnika.net/6_1_1_72.html;OKI (41515209) Тонер-картридж желтый TYPE-C3;41515289;41515209
http://rashodnika.net/6_1_1_73.html;OKI (41515210) Тонер-картридж пурпурный TYPE-C3;41515290;41515210
http://rashodnika.net/6_1_1_74.html;OKI (41515211) Тонер-картридж голубой TYPE-C3;41515291;41515211
http://rashodnika.net/6_1_1_75.html;OKI (41515212) Тонер-картридж черный TYPE-C3;41515292;41515212
http://rashodnika.net/6_1_1_76.html;OKI Термоблок (печка);41531405;
http://rashodnika.net/6_1_1_77.html;OKI Ремень переноса;41531503;
http://rashodnika.net/6_1_1_78.html;OKI Ремень переноса;41945503;
http://rashodnika.net/6_1_1_79.html;OKI Термоблок (печка);41945603;
http://rashodnika.net/6_1_1_80.html;OKI Ремень переноса;41946003;
http://rashodnika.net/6_1_1_81.html;OKI Термоблок (печка);41946105;
http://rashodnika.net/6_1_1_82.html;OKI Блок фотобарабана желтый TYPE-C4;41962805;
http://rashodnika.net/6_1_1_83.html;OKI Блок фотобарабана пурпурный TYPE-C4;41962806;
http://rashodnika.net/6_1_1_84.html;OKI Блок фотобарабана голубой TYPE-C4;41962807;
http://rashodnika.net/6_1_1_85.html;OKI Блок фотобарабана черный TYPE-C4;41962808;
http://rashodnika.net/6_1_1_86.html;OKI (41963005) Тонер-картридж желтый TYPE-C4;41963083;41963005
http://rashodnika.net/6_1_1_87.html;OKI (41963006) Тонер-картридж пурпурный TYPE-C4;41963084;41963006
http://rashodnika.net/6_1_1_88.html;OKI (41963007) Тонер-картридж голубой TYPE-C4;41963085;41963007
http://rashodnika.net/6_1_1_89.html;OKI (41963008) Тонер-картридж черный TYPE-C4;41963086;41963008
http://rashodnika.net/6_1_1_90.html;OKI Блок фотобарабана желтый TYPE-C5;41963405;
http://rashodnika.net/6_1_1_91.html;OKI Блок фотобарабана пурпурный TYPE-C5;41963406;
http://rashodnika.net/6_1_1_92.html;OKI Блок фотобарабана голубой TYPE-C5;41963407;
http://rashodnika.net/6_1_1_93.html;OKI Блок фотобарабана черный TYPE-C5;41963408;
http://rashodnika.net/6_1_1_94.html;OKI (41963605) Тонер-картридж желтый TYPE-C5;41963675;41963605
http://rashodnika.net/6_1_1_95.html;OKI (41963606) Тонер-картридж пурпурный TYPE-C5;41963676;41963606
http://rashodnika.net/6_1_1_96.html;OKI (41963607) Тонер-картридж голубой TYPE-C5;41963677;41963607
http://rashodnika.net/6_1_1_97.html;OKI (41963608) Тонер-картридж черный TYPE-C5;41963678;41963608
http://rashodnika.net/6_1_1_98.html;OKI Блок фотобарабана черный TYPE-9;42102802;
http://rashodnika.net/6_1_1_99.html;OKI Блок фотобарабана желтый TYPE-C6;42126605;
http://rashodnika.net/6_1_1_100.html;OKI Блок фотобарабана пурпурный TYPE-C6;42126606;
http://rashodnika.net/6_1_1_101.html;OKI Блок фотобарабана голубой TYPE-C6;42126607;
http://rashodnika.net/6_1_1_102.html;OKI Блок фотобарабана черный TYPE-C6;42126608;
http://rashodnika.net/6_1_1_103.html;OKI Блок фотобарабана желтый TYPE-C6L;42126641;
http://rashodnika.net/6_1_1_104.html;OKI Блок фотобарабана пурпурный TYPE-C6L;42126642;
http://rashodnika.net/6_1_1_105.html;OKI Блок фотобарабана голубой TYPE-C6L;42126643;
http://rashodnika.net/6_1_1_106.html;OKI Блок фотобарабана черный TYPE-C6L;42126644;
http://rashodnika.net/6_1_1_107.html;OKI Блок фотобарабана желтый;42126662;
http://rashodnika.net/6_1_1_108.html;OKI Блок фотобарабана пурпурный;42126663;
http://rashodnika.net/6_1_1_109.html;OKI Блок фотобарабана голубой;42126664;
http://rashodnika.net/6_1_1_110.html;OKI Блок фотобарабана черный;42126665;
http://rashodnika.net/6_1_1_111.html;OKI Блок фотобарабана желтый;42126670;
http://rashodnika.net/6_1_1_112.html;OKI Блок фотобарабана пурпурный;42126671;
http://rashodnika.net/6_1_1_113.html;OKI Блок фотобарабана голубой;42126672;
http://rashodnika.net/6_1_1_114.html;OKI Блок фотобарабана черный;42126673;
http://rashodnika.net/6_1_1_115.html;OKI (42127405) Тонер-картридж желтый большой емкости TYPE-C6;42127488;42127405
http://rashodnika.net/6_1_1_116.html;OKI (42127406) Тонер-картридж пурпурный большой емкости TYPE-C6;42127489;42127406
http://rashodnika.net/6_1_1_117.html;OKI (42127407) Тонер-картридж голубой большой емкости TYPE-C6;42127490;42127407
http://rashodnika.net/6_1_1_118.html;OKI (42127408) Тонер-картридж черный большой емкости TYPE-C6;42127491;42127408
http://rashodnika.net/6_1_1_119.html;OKI (42127454) Тонер-картридж желтый большой емкости;42127492;42127454
http://rashodnika.net/6_1_1_120.html;OKI (42127455) Тонер-картридж пурпурный большой емкости;42127493;42127455
http://rashodnika.net/6_1_1_121.html;OKI (42127456) Тонер-картридж голубой большой емкости;42127494;42127456
http://rashodnika.net/6_1_1_122.html;OKI (42127457) Тонер-картридж черный большой емкости;42127495;42127457
http://rashodnika.net/OKI-42127474.html;OKI Тонер-картридж желтый;42127474;
http://rashodnika.net/OKI-42127475.html;OKI Тонер-картридж пурпурный ;42127475;
http://rashodnika.net/OKI-42127476.html;OKI Тонер-картридж голубой;42127476;
http://rashodnika.net/OKI-42127477.html;OKI Тонер-картридж черный;42127477;
http://rashodnika.net/6_1_1_123.html;OKI Термоблок (печка) 220V;42158603;
http://rashodnika.net/6_1_1_124.html;OKI Ремень переноса ;42158712;
http://rashodnika.net/6_1_1_125.html;OKI Комплект тонер-картриджей TYPE C6 (CMYK);42403002;
http://rashodnika.net/6_1_1_126.html;OKI Комплект тонер-картриджей (CMYK);42403006;
http://rashodnika.net/6_1_1_127.html;OKI Термоблок (печка);42625503;
http://rashodnika.net/6_1_1_133.html;OKI (42804505) Тонер-картридж желтый TYPE-C6;42804566;42804505
http://rashodnika.net/6_1_1_134.html;OKI (42804506) Тонер-картридж пурпурный TYPE-C6;42804567;42804506
http://rashodnika.net/6_1_1_135.html;OKI (42804507) Тонер-картридж голубой TYPE-C6;42804568;42804507
http://rashodnika.net/6_1_1_136.html;OKI (42804508) Тонер-картридж черный TYPE-C6;42804569;42804508
http://rashodnika.net/6_1_1_128.html;(42804513) OKI Тонер-картридж желтый;42804574;42804513
http://rashodnika.net/6_1_1_129.html;(42804514) OKI Тонер-картридж пурпурный;42804575;42804514
http://rashodnika.net/6_1_1_130.html;(42804515) OKI Тонер-картридж голубой;42804576;42804515
http://rashodnika.net/6_1_1_131.html;(42804516) OKI Тонер-картридж черный;42804577;42804516
http://rashodnika.net/6_1_1_141.html;OKI Тонер-картридж желтый (3K);42804578;42804537
http://rashodnika.net/6_1_1_142.html;OKI Тонер-картридж пурпурный (3K);42804579;42804538
http://rashodnika.net/6_1_1_143.html;OKI Тонер-картридж голубой (3K);42804580;42804539
http://rashodnika.net/6_1_1_144.html;OKI Тонер-картридж черный (3K);42804581;42804540
http://rashodnika.net/6_1_1_137.html;OKI (42804545) Тонер-картридж желтый;42804570;42804545
http://rashodnika.net/6_1_1_138.html;OKI (42804546) Тонер-картридж пурпурный;42804571;42804546
http://rashodnika.net/6_1_1_139.html;OKI (42804547) Тонер-картридж голубой;42804572;42804547
http://rashodnika.net/6_1_1_140.html;OKI (42804548) Тонер-картридж черный;42804573;42804548
http://rashodnika.net/6_1_1_145.html;OKI Сборник отработанного тонера ;42869403;
http://rashodnika.net/6_1_1_146.html;OKI Блок фотобарабана желтый;42918105;
http://rashodnika.net/6_1_1_147.html;OKI Блок фотобарабана пурпурный;42918106;
http://rashodnika.net/6_1_1_148.html;OKI Блок фотобарабана голубой;42918107;
http://rashodnika.net/6_1_1_149.html;OKI Блок фотобарабана черный;42918108;
http://rashodnika.net/6_1_1_150.html;OKI (42918913) Тонер-картридж желтый;42918961;42918913
http://rashodnika.net/6_1_1_151.html;OKI (42918914) Тонер-картридж пурпурный;42918962;42918914
http://rashodnika.net/6_1_1_152.html;OKI (42918915) Тонер-картридж голубой;42918963;42918915
http://rashodnika.net/6_1_1_153.html;OKI (42918916) Тонер-картридж черный;42918964;42918916
http://rashodnika.net/OKI-42918925.html;OKI Тонер-картридж желтый;42918925;
http://rashodnika.net/OKI-42918926.html;OKI Тонер-картридж пурпурный;42918926;
http://rashodnika.net/OKI-42918927.html;OKI Тонер-картридж голубой;42918927;
http://rashodnika.net/OKI-42918928.html;OKI Тонер-картридж черный;42918928;
http://rashodnika.net/6_1_1_154.html;OKI Ремень переноса изображения;42931603;42931601
http://rashodnika.net/OKI-42931616.html;OKI Ремень переноса изображения;42931616;
http://rashodnika.net/6_1_1_155.html;OKI Печка 220V ;42931703;
http://rashodnika.net/OKI-42931723.html;OKI Блок термозакрепления (печка);42931723;
http://rashodnika.net/OKI-42937603.html;OKI Скрепки для финишера в картриджах;42937603;
http://rashodnika.net/6_1_1_157.html;(43034805) OKI Тонер-картридж желтый (1.5K);43034813;43034805
http://rashodnika.net/6_1_1_158.html;(43034806) OKI Тонер-картридж пурпурный (1.5K);43034814;43034806
http://rashodnika.net/6_1_1_159.html;(43034807) OKI Тонер-картридж голубой (1.5K);43034815;43034807
http://rashodnika.net/6_1_1_160.html;(43034808) OKI Тонер-картридж черный (1.5K);43034816;43034808
http://rashodnika.net/6_1_1_161.html;OKI Комплект тонер-картриджей;43112702;
http://rashodnika.net/6_1_1_162.html;OKI (43324408) Тонер-картридж черный;43324440;43324408
http://rashodnika.net/6_1_1_163.html;OKI (43324421) Тонер-картридж желтый;43324441;43324421
http://rashodnika.net/6_1_1_164.html;OKI (43324422) Тонер-картридж пурпурный;43324442;43324422
http://rashodnika.net/6_1_1_165.html;OKI (43324423) Тонер-картридж голубой;43324443;43324423
http://rashodnika.net/6_1_1_166.html;OKI (43324424) Тонер-картридж черный;43324444;43324424
http://rashodnika.net/OKI-43324429.html;OKI Тонер-картридж желтый (5000 стр.);43324429;
http://rashodnika.net/OKI-43324430.html;OKI Тонер-картридж пурпурный (5000 стр.);43324430;
http://rashodnika.net/OKI-43324431.html;OKI Тонер-картридж голубой (5000 стр.);43324431;
http://rashodnika.net/OKI-43324432.html;OKI Тонер-картридж черный (6000 стр.);43324432;
http://rashodnika.net/6_1_1_167.html;OKI Блок термозакрепления (Печка);43363203;
http://rashodnika.net/6_1_1_168.html;OKI (43363402) Ремень переноса;43363412;
http://rashodnika.net/6_1_1_169.html;OKI Термоблок (печка) 220V;43377003;
http://rashodnika.net/6_1_1_170.html;OKI Термоблок (печка) 220V;43377103;
http://rashodnika.net/6_1_1_171.html;OKI Транспортный ремень;43378002;
http://rashodnika.net/6_1_1_172.html;OKI Фотобарабан желтый;43381705;
http://rashodnika.net/6_1_1_173.html;OKI Фотобарабан пурпурный;43381706;
http://rashodnika.net/6_1_1_174.html;OKI Фотобарабан голубой;43381707;
http://rashodnika.net/6_1_1_175.html;OKI Фотобарабан черный;43381708;
http://rashodnika.net/6_1_1_176.html;OKI Блок фотобарабана желтый;43381721;
http://rashodnika.net/6_1_1_177.html;OKI Блок фотобарабана пурпурный;43381722;
http://rashodnika.net/6_1_1_178.html;OKI Блок фотобарабана голубой;43381723;
http://rashodnika.net/6_1_1_179.html;OKI Блок фотобарабана черный;43381724;
http://rashodnika.net/6_1_1_180.html;OKI (43381905) Тонер-картридж желтый;43381921;
http://rashodnika.net/6_1_1_181.html;OKI (43381906) Тонер-картридж пурпурный;43381922;
http://rashodnika.net/6_1_1_182.html;OKI (43381907) Тонер-картридж голубой;43381923;
http://rashodnika.net/6_1_1_183.html;OKI Блок фотобарабана желтый;43449013;
http://rashodnika.net/6_1_1_184.html;OKI Блок фотобарабана пурпурный;43449014;
http://rashodnika.net/6_1_1_185.html;OKI Блок фотобарабана голубой;43449015;
http://rashodnika.net/6_1_1_186.html;OKI Блок фотобарабана черный;43449016;
http://rashodnika.net/6_1_1_187.html;OKI Ремень переноса изображения;43449705;
http://rashodnika.net/6_1_1_193.html;OKI (43459321) Тонер-картридж желтый большой емкости;43459333;43459321
http://rashodnika.net/6_1_1_194.html;OKI (43459322) Тонер-картридж пурпурный большой емкости;43459334;43459322
http://rashodnika.net/6_1_1_195.html;OKI (43459323) Тонер-картридж голубой большой емкости;43459335;43459323
http://rashodnika.net/6_1_1_196.html;OKI (43459324) Тонер-картридж черный;43459336;43459324
http://rashodnika.net/6_1_1_189.html;OKI (43459329) Тонер-картридж желтый повышенной емкости;43459345;
http://rashodnika.net/6_1_1_190.html;OKI (43459330) Тонер-картридж пурпурный повышенной емкости;43459346;
http://rashodnika.net/6_1_1_191.html;OKI (43459331) Тонер-картридж голубой повышенной емкости;43459347;
http://rashodnika.net/6_1_1_192.html;OKI (43459332) Тонер-картридж черный повышенной емкости;43459348;
http://rashodnika.net/6_1_1_197.html;OKI (43459369) Тонер-картридж желтый;43459373;43459369
http://rashodnika.net/6_1_1_198.html;OKI (43459370) Тонер-картридж пурпурный;43459374;43459370
http://rashodnika.net/6_1_1_199.html;OKI (43459371) Тонер-картридж голубой;43459375;43459371
http://rashodnika.net/6_1_1_204.html;OKI Тонер-картридж желтый;43459437;
http://rashodnika.net/6_1_1_205.html;OKI Тонер-картридж пурпурный;43459438;
http://rashodnika.net/6_1_1_206.html;OKI Тонер-картридж черный;43459440;
http://rashodnika.net/6_1_1_200.html;OKI (43459433) Тонер-картридж желтый;43459441;
http://rashodnika.net/6_1_1_201.html;OKI (43459434) Тонер-картридж пурпурный;43459442;
http://rashodnika.net/6_1_1_202.html;OKI (43459435) Тонер-картридж голубой;43459443;
http://rashodnika.net/6_1_1_203.html;OKI (43459436) Тонер-картридж черный;43459444;
http://rashodnika.net/6_1_1_207.html;OKI Фотобарабан желтый;43460205;
http://rashodnika.net/6_1_1_208.html;OKI Фотобарабан пурпурный;43460206;
http://rashodnika.net/6_1_1_209.html;OKI Фотобарабан голубой;43460207;
http://rashodnika.net/6_1_1_210.html;OKI Фотобарабан черный;43460208;
http://rashodnika.net/6_1_1_211.html;OKI Блок фотобарабана желтый;43460221;
http://rashodnika.net/6_1_1_212.html;OKI Блок фотобарабана пурпурный;43460222;
http://rashodnika.net/6_1_1_213.html;OKI Блок фотобарабана голубой;43460223;
http://rashodnika.net/6_1_1_214.html;OKI Блок фотобарабана  черный;43460224;
http://rashodnika.net/6_1_1_215.html;OKI (43487709) Тонер-картридж желтый;43487721;
http://rashodnika.net/6_1_1_216.html;OKI (43487710) Тонер-картридж пурпурный;43487722;
http://rashodnika.net/6_1_1_217.html;OKI (43487711) Тонер-картридж голубой;43487723;
http://rashodnika.net/6_1_1_218.html;OKI (43487712) Тонер-картридж черный;43487724;
http://rashodnika.net/6_1_1_219.html;OKI Блок фотобарабана ;43501902;
http://rashodnika.net/oki-43502002-toner.html;OKI Тонер-картридж черный (7K);43502002;
http://rashodnika.net/6_1_1_220.html;OKI (43502302) Тонер-картридж черный (3K);43502306;
http://rashodnika.net/6_1_1_221.html;OKI Термоблок (печка);43529405;
http://rashodnika.net/6_1_1_222.html;OKI Тонер-картридж черный;43640302;
http://rashodnika.net/6_1_1_223.html;OKI Блок фотобарабана черный;43650302;
http://rashodnika.net/OKI-43837133.html;OKI (43837129) Тонер-картридж желтый;43837133;
http://rashodnika.net/OKI-43837134.html;OKI (43837130) Тонер-картридж пурпурный;43837134;
http://rashodnika.net/OKI-43837135.html;OKI (43837131) Тонер-картридж голубой;43837135;
http://rashodnika.net/OKI-43837136.html;OKI (43837132) Тонер-картридж черный;43837136;
http://rashodnika.net/6_1_1_224.html;OKI Термоблок (печка);43853103;
http://rashodnika.net/6_1_1_225.html;OKI Термоблок (печка);43854903;
http://rashodnika.net/OKI-43865729.html;OKI Тонер-картридж желтый (6000 стр.);43865729;
http://rashodnika.net/OKI-43865730.html;OKI Тонер-картридж пурпурный (6000 стр.);43865730;
http://rashodnika.net/OKI-43865731.html;OKI Тонер-картридж голубой (6000 стр.);43865731;
http://rashodnika.net/OKI-43865732.html;OKI Тонер-картридж черный (8000 стр.);43865732;
http://rashodnika.net/6_1_1_230.html;OKI (43865708) Тонер-картридж черный;43865740;
http://rashodnika.net/6_1_1_226.html;OKI (43865721) Тонер-картридж желтый;43865741;
http://rashodnika.net/6_1_1_227.html;OKI (43865722) Тонер-картридж пурпурный;43865742;
http://rashodnika.net/6_1_1_228.html;OKI (43865723) Тонер-картридж голубой;43865743;
http://rashodnika.net/6_1_1_229.html;OKI (43865724) Тонер-картридж черный;43865744;
http://rashodnika.net/OKI-43866125.html;OKI Тонер-картридж желтый;43866125;
http://rashodnika.net/OKI-43866126.html;OKI Тонер-картридж пурпурный;43866126;
http://rashodnika.net/OKI-43866127.html;OKI Тонер-картридж голубой;43866127;
http://rashodnika.net/OKI-43866128.html;OKI Тонер-картридж черный;43866128;
http://rashodnika.net/6_1_1_235.html;OKI Фотобарабан желтый;43870005;
http://rashodnika.net/6_1_1_236.html;OKI Фотобарабан пурпурный;43870006;
http://rashodnika.net/6_1_1_237.html;OKI Фотобарабан голубой;43870007;
http://rashodnika.net/6_1_1_238.html;OKI Фотобарабан черный;43870008;
http://rashodnika.net/6_1_1_239.html;OKI Блок фотобарабана желтый;43870021;
http://rashodnika.net/6_1_1_240.html;OKI Блок фотобарабана пурпурный;43870022;
http://rashodnika.net/6_1_1_241.html;OKI Блок фотобарабана голубой;43870023;
http://rashodnika.net/6_1_1_242.html;OKI Блок фотобарабана черный;43870024;
http://rashodnika.net/6_1_1_243.html;OKI (43872305) Тонер-картридж желтый;43872321;
http://rashodnika.net/6_1_1_244.html;OKI (43872306) Тонер-картридж пурпурный;43872322;
http://rashodnika.net/6_1_1_245.html;OKI (43872307) Тонер-картридж голубой;43872323;
http://rashodnika.net/6_1_1_246.html;OKI Блок фотобарабана желтый;43913805;
http://rashodnika.net/6_1_1_247.html;OKI Блок фотобарабана пурпурный;43913806;
http://rashodnika.net/6_1_1_248.html;OKI Блок фотобарабана голубой;43913807;
http://rashodnika.net/6_1_1_249.html;OKI Блок фотобарабана черный;43913808;
http://rashodnika.net/6_1_1_250.html;OKI Блок фотобарабана;43979002;
http://rashodnika.net/6_1_1_251.html;OKI (43979102) Тонер-картридж черный (3,5К);43979107;
http://rashodnika.net/6_1_1_252.html;OKI (43979202) Тонер-картридж черный (7К);43979211;
http://rashodnika.net/6_1_1_253.html;OKI (43979207) Тонер-картридж черный (10К);43979212;
http://rashodnika.net/6_1_1_254.html;OKI (43979216) Тонер-картридж черный (12К);43979218;
http://rashodnika.net/6_1_1_255.html;OKI Блок фотобарабана желтый;44035517;
http://rashodnika.net/6_1_1_256.html;OKI Блок фотобарабана пурпурный;44035518;
http://rashodnika.net/6_1_1_257.html;OKI Блок фотобарабана голубой;44035519;
http://rashodnika.net/6_1_1_258.html;OKI Блок фотобарабана черный;44035520;
http://rashodnika.net/OKI-44035521.html;OKI Блок фотобарабана желтый;44035521;
http://rashodnika.net/OKI-44035522.html;OKI Блок фотобарабана пурпурный;44035522;
http://rashodnika.net/OKI-44035523.html;OKI Блок фотобарабана голубой;44035523;
http://rashodnika.net/OKI-44035524.html;OKI Блок фотобарабана черный;44035524;
http://rashodnika.net/OKI-44035547.html;OKI Блок фотобарабана белый;44035547;
http://rashodnika.net/OKI-44035548.html;OKI Блок фотобарабана белый;44035548;
http://rashodnika.net/6_1_1_259.html;OKI Тонер-картридж желтый;44036021;
http://rashodnika.net/6_1_1_260.html;OKI Тонер-картридж пурпурный;44036022;
http://rashodnika.net/6_1_1_261.html;OKI Тонер-картридж голубой;44036023;
http://rashodnika.net/6_1_1_262.html;OKI Тонер-картридж черный;44036024;
http://rashodnika.net/OKI-44036025.html;OKI Тонер-картридж желтый;44036025;
http://rashodnika.net/OKI-44036026.html;OKI Тонер-картридж пурпурный;44036026;
http://rashodnika.net/OKI-44036027.html;OKI Тонер-картридж голубой;44036027;
http://rashodnika.net/OKI-44036028.html;OKI Тонер-картридж черный;44036028;
http://rashodnika.net/OKI-44036059.html;OKI Тонер-картридж белый;44036059;
http://rashodnika.net/OKI-44036060.html;OKI Тонер-картридж белый;44036060;
http://rashodnika.net/6_1_1_263.html;OKI (44059105) Тонер-картридж желтый;44059117;
http://rashodnika.net/6_1_1_264.html;OKI (44059106) Тонер-картридж пурпурный;44059118;
http://rashodnika.net/6_1_1_265.html;OKI (44059107) Тонер-картридж голубой;44059119;
http://rashodnika.net/6_1_1_266.html;OKI (44059108) Тонер-картридж черный;44059120;
http://rashodnika.net/OKI-44059169.html;OKI Тонер-картридж желтый;44059169;
http://rashodnika.net/OKI-44059170.html;OKI Тонер-картридж пурпурный;44059170;
http://rashodnika.net/OKI-44059171.html;OKI Тонер-картридж голубой;44059171;
http://rashodnika.net/OKI-44059172.html;OKI Тонер-картридж черный;44059172;
http://rashodnika.net/6_1_1_267.html;OKI (44059225)Тонер-картридж желтый;44059209;
http://rashodnika.net/6_1_1_268.html;OKI (44059226) Тонер-картридж пурпурный;44059210;
http://rashodnika.net/6_1_1_269.html;OKI (44059227) Тонер-картридж голубой;44059211;
http://rashodnika.net/6_1_1_270.html;OKI (44059228) Тонер-картридж черный;44059212;
http://rashodnika.net/OKI-44059261.html;OKI Тонер-картридж желтый повышенной емкости;44059261;
http://rashodnika.net/OKI-44059262.html;OKI Тонер-картридж пурпурный повышенной емкости;44059262;
http://rashodnika.net/OKI-44059263.html;OKI Тонер-картридж голубой повышенной емкости;44059263;
http://rashodnika.net/OKI-44059264.html;OKI Тонер-картридж черный повышенной емкости;44059264;
http://rashodnika.net/6_1_1_271.html;OKI Блок фотобарабана желтый;44064009;
http://rashodnika.net/6_1_1_272.html;OKI Блок фотобарабана пурпурный;44064010;
http://rashodnika.net/6_1_1_273.html;OKI Блок фотобарабана голубой;44064011;
http://rashodnika.net/6_1_1_274.html;OKI Блок фотобарабана черный;44064012;
http://rashodnika.net/6_1_1_275.html;OKI Тонер-картридж желтый;44250725;
http://rashodnika.net/6_1_1_276.html;OKI Тонер-картридж пурпурный;44250726;
http://rashodnika.net/6_1_1_277.html;OKI Тонер-картридж голубой;44250727;
http://rashodnika.net/6_1_1_278.html;OKI (44250721) Тонер-картридж желтый увеличенного объема;44250729;
http://rashodnika.net/6_1_1_279.html;OKI (44250722) Тонер-картридж пурпурный увеличенного объема;44250730;
http://rashodnika.net/6_1_1_280.html;OKI (44250723) Тонер-картридж голубой увеличенного объема;44250731;
http://rashodnika.net/6_1_1_281.html;OKI (44250724) Тонер-картридж черный;44250732;
http://rashodnika.net/6_1_1_282.html;OKI Блок фотобарабана;44250801;
http://rashodnika.net/6_1_1_283.html;OKI Блок термического закрепления (Печка);44289103;
http://rashodnika.net/6_1_1_284.html;OKI Блок фотобарабана желтый;44315105;
http://rashodnika.net/6_1_1_285.html;OKI Блок фотобарабана пурпурный;44315106;
http://rashodnika.net/6_1_1_286.html;OKI Блок фотобарабана голубой;44315107;
http://rashodnika.net/6_1_1_287.html;OKI Блок фотобарабана черный;44315108;
http://rashodnika.net/6_1_1_288.html;OKI (44315305) Тонер-картридж желтый;44315321;
http://rashodnika.net/6_1_1_289.html;OKI (44315306) Тонер-картридж пурпурный;44315322;
http://rashodnika.net/6_1_1_290.html;OKI (44315307) Тонер-картридж голубой;44315323;
http://rashodnika.net/6_1_1_291.html;OKI (44315308) Тонер-картридж черный;44315324;
http://rashodnika.net/OKI-44318505.html;OKI Блок фотобарабана желтый;44318505;
http://rashodnika.net/OKI-44318506.html;OKI Блок фотобарабана пурпурный;44318506;
http://rashodnika.net/OKI-44318507.html;OKI Блок фотобарабана голубой;44318507;
http://rashodnika.net/OKI-44318508.html;OKI Блок фотобарабана черный;44318508;
http://rashodnika.net/OKI-44318529.html;OKI Блок фотобарабана белый;44318529;
http://rashodnika.net/OKI-44318617.html;OKI Тонер-картридж желтый;44318617;
http://rashodnika.net/OKI-44318618.html;OKI Тонер-картридж пурпурный;44318618;
http://rashodnika.net/OKI-44318619.html;OKI Тонер-картридж голубой;44318619;
http://rashodnika.net/OKI-44318620.html;OKI Тонер-картридж черный;44318620;
http://rashodnika.net/6_1_1_231.html;OKI (44318605) Тонер-картридж желтый;44318621;
http://rashodnika.net/OKI-44318606.html;OKI (44318606) Тонер-картридж пурпурный;44318622;
http://rashodnika.net/OKI-44318607.html;OKI (44318607) Тонер-картридж голубой;44318623;
http://rashodnika.net/6_1_1_234.html;OKI (44318608) Тонер-картридж черный;44318624;
http://rashodnika.net/OKI-44318657.html;OKI Тонер-картридж белый;44318657;
http://rashodnika.net/OKI-44318659.html;OKI Тонер-картридж белый;44318659;
http://rashodnika.net/OKI-44341902.html;OKI Ремень переноса изображения;44341902;
http://rashodnika.net/6_1_1_293.html;OKI Тонер-картридж желтый;44469714;
http://rashodnika.net/6_1_1_294.html;OKI Тонер-картридж пурпурный;44469715;
http://rashodnika.net/6_1_1_295.html;OKI Тонер-картридж голубой;44469716;
http://rashodnika.net/6_1_1_296.html;OKI Тонер-картридж желтый повышенной емкости;44469752;
http://rashodnika.net/6_1_1_297.html;OKI Тонер-картридж пурпурный повышенной емкости;44469753;
http://rashodnika.net/6_1_1_298.html;OKI Тонер-картридж голубой повышенной емкости;44469754;
http://rashodnika.net/6_1_1_299.html;OKI Тонер-картридж черный;44469809;
http://rashodnika.net/6_1_1_300.html;OKI Тонер-картридж черный повышенной емкости;44469810;
http://rashodnika.net/6_1_1_301.html;OKI Ремень переноса изображения;44472202;
http://rashodnika.net/6_1_1_302.html;OKI Термоблок (печка);44472603;
http://rashodnika.net/6_1_1_303.html;OKI Блок фотобарабанов / Моноблок CMYK;44494202;
http://rashodnika.net/6_1_1_304.html;OKI Блок фотобарабана черный;44574302;
http://rashodnika.net/OKI-44574307.html;OKI Блок фотобарабана ;44574307;
http://rashodnika.net/6_1_1_305.html;OKI Тонер-картридж черный (3000 стр.);44574705;
http://rashodnika.net/OKI-44574805.html;OKI Тонер-картридж черный (7000 стр.);44574805;
http://rashodnika.net/6_1_1_306.html;OKI Тонер-картридж черный (10000 стр.);44574906;
http://rashodnika.net/6_1_1_307.html;(44643001) OKI Тонер-картридж желтый;44643005;
http://rashodnika.net/6_1_1_308.html;(44643002) OKI Тонер-картридж пурпурный;44643006;
http://rashodnika.net/6_1_1_309.html;(44643003) OKI Тонер-картридж голубой;44643007;
http://rashodnika.net/6_1_1_310.html;(44643004) OKI Тонер-картридж черный;44643008;
http://rashodnika.net/OKI-44661802.html;OKI Тонер-картридж черный;44661802;
http://rashodnika.net/OKI-44844405.html;OKI Блок фотобарабана желтый;44844405;
http://rashodnika.net/OKI-44844406.html;OKI Блок фотобарабана пурпурный;44844406;
http://rashodnika.net/OKI-44844407.html;OKI Блок фотобарабана голубой;44844407;
http://rashodnika.net/OKI-44844408.html;OKI Блок фотобарабана черный;44844408;
http://rashodnika.net/OKI-44844469.html;OKI Блок фотобарабана желтый;44844469;
http://rashodnika.net/OKI-44844470.html;OKI Блок фотобарабана пурпурный;44844470;
http://rashodnika.net/OKI-44844471.html;OKI Блок фотобарабана голубой;44844471;
http://rashodnika.net/OKI-44844472.html;OKI Блок фотобарабана черный;44844472;
http://rashodnika.net/OKI-44844517.html;OKI (44844517) Тонер-картридж желтый;44844505;
http://rashodnika.net/OKI-44844518.html;OKI (44844518) Тонер-картридж пурпурный;44844506;
http://rashodnika.net/OKI-44844519.html;OKI (44844519) Тонер-картридж голубой;44844507;
http://rashodnika.net/OKI-44844520.html;OKI (44844520) Тонер-картридж черный;44844508;
http://rashodnika.net/OKI-44844613.html;OKI (44844613) Тонер-картридж желтый;44844625;
http://rashodnika.net/OKI-44844614.html;OKI (44844614) Тонер-картридж пурпурный;44844626;
http://rashodnika.net/OKI-44844615.html;OKI (44844615) Тонер-картридж голубой;44844627;
http://rashodnika.net/OKI-44844616.html;OKI (44844616) Тонер-картридж черный;44844628;
http://rashodnika.net/OKI-44846204.html;OKI Ремень переноса;44846204;
http://rashodnika.net/OKI-44848805.html;OKI Термоблок (печка);44848805;
http://rashodnika.net/OKI-44848806.html;OKI Термоблок (печка);44848806;
http://rashodnika.net/OKI-44917607.html;OKI Тонер-картридж черный;44917607;
http://rashodnika.net/OKI-44917608.html;OKI Тонер-картридж черный (12000 стр.);44917608;
http://rashodnika.net/OKI-44968301.html;OKI Блок фотобарабанов CMYK (моноблок);44968301;
http://rashodnika.net/OKI-44973540.html;OKI Тонер-картридж черный (7000 стр.);44973540;
http://rashodnika.net/OKI-44973541.html;OKI Тонер-картридж желтый;44973541;
http://rashodnika.net/OKI-44973542.html;OKI Тонер-картридж пурпурный;44973542;
http://rashodnika.net/OKI-44973543.html;OKI Тонер-картридж голубой;44973543;
http://rashodnika.net/OKI-44973544.html;OKI Тонер-картридж черный;44973544;
http://rashodnika.net/OKI-444992401.html;OKI Тонер-картридж черный (1.5K);44992403;44992401
http://rashodnika.net/OKI-444992402.html;OKI Тонер-картридж черный (2.5K);44992404;44992402
http://rashodnika.net/OKI-45103713.html;OKI Блок фотобарабана желтый;45103713;
http://rashodnika.net/OKI-45103714.html;OKI Блок фотобарабана пурпурный;45103714;
http://rashodnika.net/OKI-45103715.html;OKI Блок фотобарабана голубой;45103715;
