http://rashodnika.net/7_1_4_7.html;PANASONIC Термопленка для факсов (2 рулона);KX-FA52A7;52
http://rashodnika.net/7_1_4_8.html;PANASONIC Термопленка для факсов (1 рулон);KX-FA53A;53
http://rashodnika.net/7_1_4_9.html;PANASONIC Термопленка для факсов (2 рулона);KX-FA54A7;54
http://rashodnika.net/7_1_4_10.html;PANASONIC Термопленка для факсов (2 рулона);KX-FA55A7;55
http://rashodnika.net/7_1_4_11.html;PANASONIC Термопленка для факсов;KX-FA57A7;57
http://rashodnika.net/7_1_4_12.html;PANASONIC Картридж с термопленкой для факсов;KX-FA65;65
http://rashodnika.net/7_1_4_13.html;PANASONIC Термопленка для факсов;KX-FA67;67
http://rashodnika.net/Panasonic-KX-BP081.html;PANASONIC Термопленка для Panaboard;KX-BP081;081
http://rashodnika.net/Panasonic-KX-BP082.html;PANASONIC Картридж с термопленкой для Panaboard;KX-BP082;082
http://rashodnika.net/Panasonic-KX-FA92.html;PANASONIC Термопленка для факсов (2 рулона);KX-FA92;92
http://rashodnika.net/7_1_4_14.html;PANASONIC Термопленка для факсов;KX-FA93;93
http://rashodnika.net/Panasonic-KX-FA94.html;PANASONIC Термопленка для факсов;KX-FA94;94
http://rashodnika.net/7_1_4_1.html;PANASONIC Термобумага 216 мм.;KX-A106;
http://rashodnika.net/7_1_4_2.html;PANASONIC Картридж с термопленкой для факсов;KX-FA132;132
http://rashodnika.net/7_1_4_3.html;PANASONIC Термопленка для факсов;KX-FA133;133
http://rashodnika.net/7_1_4_4.html;PANASONIC Термопленка для факсов (2 рулона);KX-FA134;134
http://rashodnika.net/7_1_4_5.html;PANASONIC Картридж с термопленкой для факсов;KX-FA135A;135
http://rashodnika.net/7_1_4_6.html;PANASONIC Термопленка для факсов (2 рулона);KX-FA136;136
