http://rashodnika.net/Panasonic-KX-P110i.html;Panasonic Матричный картридж;KX-P110i
http://rashodnika.net/7_1_2_1.html;Panasonic Матричный картридж;KX-P115
http://rashodnika.net/Panasonic-KX-P115i.html;Panasonic Матричный картридж;KX-P115i
http://rashodnika.net/Panasonic-KX-P140.html;Panasonic Матричный картридж;KX-P140
http://rashodnika.net/7_1_2_2.html;Panasonic Матричный картридж;KX-P145
http://rashodnika.net/7_1_2_3.html;Panasonic Матричный картридж черный;KX-P150
http://rashodnika.net/Panasonic-KX-P150C.html;Panasonic Матричный картридж цветной;KX-P150C
http://rashodnika.net/7_1_2_4.html;Panasonic Матричный картридж;KX-P155
http://rashodnika.net/7_1_2_5.html;Panasonic Матричный картридж черный;KX-P160
http://rashodnika.net/7_1_2_6.html;Panasonic Матричный картридж цветной;KX-P165
http://rashodnika.net/Panasonic-KX-P170.html;Panasonic Матричный картридж черный;KX-P170
http://rashodnika.net/Panasonic-KX-P181.html;Panasonic Матричный картридж черный;KX-P181
http://rashodnika.net/Panasonic-KX-P190.html;Panasonic Матричный картридж черный;KX-P190
