http://rashodnika.net/Rch-407442.html;RICOH SP-110E Тонер-картридж черный;407442;110E
http://rashodnika.net/Rh400838.html;RICOH TYPE 125 Тонер-картридж черный;400838;125 K
http://rashodnika.net/Rh400839.html;RICOH TYPE 125 Тонер-картридж голубой;400839;125 C
http://rashodnika.net/Rh400840.html;RICOH TYPE 125 Тонер-картридж пурпурный;400840;125 M
http://rashodnika.net/Rh400841.html;RICOH TYPE 125 Тонер-картридж желтый;400841;125 Y
http://rashodnika.net/Rch-402526.html;RICOH TYPE 125 Узел термозакрепления;400845;125 FU
http://rashodnika.net/Rh402524.html;(400842) RICOH TYPE 125 Блок фотобарабана черный;402524;125 PUK
http://rashodnika.net/Rh402525.html;(400843) RICOH TYPE 125 Блок цветных фотобарабанов;402525;125 PUC
http://rashodnika.net/Rh402527.html;RICOH TYPE 125 Узел переноса;402527;125 TU
http://rashodnika.net/Rch-402074.html;RICOH TYPE 140 Блок формирования изображения;402074;140 PU
http://rashodnika.net/Rh402075.html;RICOH TYPE 140 Туба для отработанного тонера;402075;140 WTB
http://rashodnika.net/Rch-402097.html;RICOH TYPE 140 Тонер-картридж черный;402097;140 K
http://rashodnika.net/Rch-402098.html;RICOH TYPE 140 Тонер-картридж голубой;402098;140 C
http://rashodnika.net/Rch-402099.html;RICOH TYPE 140 Тонер-картридж пурпурный;402099;140 M
http://rashodnika.net/Rch-402100.html;RICOH TYPE 140 Тонер-картридж желтый;402100;140 Y
http://rashodnika.net/Rch-402319.html;RICOH TYPE 145 Блок фотобарабана черный;402319;145 PUK
http://rashodnika.net/Rch-402320.html;RICOH TYPE 145 Блок цветных фотобарабанов CMY;402320;145 PUC
http://rashodnika.net/Rch-402323.html;RICOH TYPE 145 Блок переноса изображения;402323;145 TU
http://rashodnika.net/Rh402324.html;RICOH TYPE 145 Бункер отработанного тонера;402324;145 WTB
http://rashodnika.net/Rch-403066.html;RICOH TYPE 145 Комплект ролика подачи;403066;145 FRK
http://rashodnika.net/Rh339481.html;(887721) RICOH TYPE 150 Тонер-картридж черный;339481;150
http://rashodnika.net/Rch-357270.html;RICOH Комплект фотобарабана;357270;150 OPC
http://rashodnika.net/Ricoh-407971-Print-Cartridge.html;RICOH SP-150LE Тонер-картридж черный (700 стр.);407971;150LE
http://rashodnika.net/Ricoh-408010-Print-Cartridge.html;RICOH SP-150HE Тонер-картридж черный (1500 стр.);408010;150HE
http://rashodnika.net/Rch-402528.html;RICOH TYPE 155 Узел термозакрепления;402528;155 FU
http://rashodnika.net/Rh420131.html;RICOH TYPE 155 Туба для отработанного тонера;420131;155 W
http://rashodnika.net/Rch-402444.html;RICOH TYPE 165 Тонер-картридж черный;402444;165 K
http://rashodnika.net/Rch-402445.html;RICOH TYPE 165 Тонер-картридж голубой;402445;165 C
http://rashodnika.net/Rch-402446.html;RICOH TYPE 165 Тонер-картридж пурпурный;402446;165 M
http://rashodnika.net/Rch-402447.html;RICOH TYPE 165 Тонер-картридж желтый;402447;165 Y
http://rashodnika.net/Rch-402448.html;RICOH TYPE 165 Блок фотобарабана черный;402448;165 PUK
http://rashodnika.net/Rch-402449.html;RICOH TYPE 165 Блок цветных фотобарабанов;402449;165 PUC
http://rashodnika.net/Rch-402450.html;RICOH TYPE 165 Контейнер для отработанного тонера;402450;165 WTB
http://rashodnika.net/Rch-402451.html;RICOH TYPE 165 Узел термозакрепления (печка);402451;165 FU
http://rashodnika.net/Rch-402452.html;RICOH TYPE 165 Ремень переноса;402452;165 TU
http://rashodnika.net/Rch-410303.html;RICOH TYPE 185 Тонер-картридж;410303;185
http://rashodnika.net/Rch-407262.html;RICOH SP-200HE Тонер-картридж черный (2600 стр.);407262;200HE
http://rashodnika.net/Rch-407263.html;RICOH SP-200LE Тонер-картридж черный (1500 стр.);407263;200LE
http://rashodnika.net/Rch-407254.html;RICOH SP-201HE Принт-картридж черный (2600 стр.);407254;201HE
http://rashodnika.net/Rch-407255.html;RICOH SP-201LE Принт-картридж черный (1500 стр.);407255;201LE
http://rashodnika.net/Rch-407999.html;RICOH SP-201E Принт-картридж черный (1000 стр.);407999;201E
http://rashodnika.net/Rch-400320.html;RICOH TYPE 204 Блок переноса изображения ;400320;204 PU
http://rashodnika.net/Rch-411879.html;RICOH TYPE 204 Блок фотобарабана;411879;204
http://rashodnika.net/Rh885406.html;RICOH TYPE 205/105 Тонер-картридж черный;885406;205 K
http://rashodnika.net/Rch-400511.html;RICOH TYPE 206 Блок фотобарабана;400511;206 DU
http://rashodnika.net/Rch-400891.html;RICOH TYPE 206 Бункер отработанного тонера;400513;206 W
http://rashodnika.net/Rch-400995.html;RICOH TYPE 206 Тонер-картридж голубой;400995;206 C
http://rashodnika.net/Rch-400996.html;RICOH TYPE 206 Тонер-картридж пурпурный;400996;206 M
http://rashodnika.net/Rch-400997.html;RICOH TYPE 206 Тонер-картридж желтый;400997;206 Y
http://rashodnika.net/Rch-400998.html;RICOH TYPE 206 Тонер-картридж черный;400998;206 K
http://rashodnika.net/Rch-400760.html;RICOH TYPE 215 Тонер-картридж черный;400760;215
http://rashodnika.net/Rch-403057.html;RICOH TYPE 220 Тонер-картридж черный;403057;220
http://rashodnika.net/Rh406043.html;RICOH SP-C220 Емкость для отработанного тонера;406043;C220 WTB
http://rashodnika.net/Rh406052.html;RICOH TYPE SP-C220E Принт-картридж черный;406052;C220 K
http://rashodnika.net/Rh406053.html;RICOH SP-C220E Принт-картридж голубой;406053;C220 C
http://rashodnika.net/Rh406054.html;RICOH SP-C220E Принт-картридж пурпурный;406054;C220 M
http://rashodnika.net/Rh406055.html;RICOH SP-C220E Принт-картридж желтый;406055;C220 Y
http://rashodnika.net/Rch-406721.html;RICOH SP-6330 TYPE 220  Сервисный комплект с печкой;406721;220 MK
http://rashodnika.net/ricoh-408294.html;RICOH SP-230H Принт-картридж черный (3000 стр.);408294;sp230H
http://rashodnika.net/Rh888280.html;RICOH TYPE 245 Тонер-картридж черный (5000 стр.);888280;245 K
http://rashodnika.net/Rh888281.html;RICOH TYPE 245 Тонер-картридж желтый (5000 стр.);888281;245 Y
http://rashodnika.net/Rh888282.html;RICOH TYPE 245 Тонер-картридж пурпурный (5000 стр.);888282;245 M
http://rashodnika.net/Rh888283.html;RICOH TYPE 245 Тонер-картридж голубой (5000 стр.);888283;245 C
http://rashodnika.net/Rh888312.html;RICOH TYPE 245HY K Тонер-картридж черный (15000 стр.);888312;245HY K
http://rashodnika.net/Rh888313.html;RICOH TYPE 245HY Y Тонер-картридж желтый (15000 стр.);888313;245HY Y
http://rashodnika.net/Rh888314.html;RICOH TYPE 245HY M Тонер-картридж пурпурный (15000 стр.);888314;245HY M
http://rashodnika.net/Rh888315.html;RICOH TYPE 245HY C Тонер-картридж голубой (15000 стр.);888315;245HY C
http://rashodnika.net/Rch-209911.html;RICOH TYPE 250 Блок фотобарабана;209911;250
http://rashodnika.net/Rch-407543.html;RICOH SP-C250E Принт-картридж черный;407543;C250 K
http://rashodnika.net/Rch-407544.html;RICOH SP-C250E Принт-картридж голубой;407544;C250 C
http://rashodnika.net/Rch-407545.html;RICOH SP-C250E Принт-картридж пурпурный;407545;C250 M
http://rashodnika.net/Rch-407546.html;RICOH SP-C250E Принт-картридж желтый;407546;C250 Y
http://rashodnika.net/Rch-209890.html;RICOH TYPE 251 Блок фотобарабана;209890;251
http://rashodnika.net/Rch-407531.html;RICOH SP-C252E Принт-картридж черный (4500 стр.);407531;C252 Bk
http://rashodnika.net/Rch-407532.html;RICOH SP-C252E Принт-картридж голубой (4000 стр.);407532;C252 C
http://rashodnika.net/Rch-407533.html;RICOH SP-C252E Принт-картридж пурпурный (4000 стр.);407533;C252 M
http://rashodnika.net/Rch-407534.html;RICOH SP-C252E Принт-картридж желтый (4000 стр.);407534;C252 Y
http://rashodnika.net/Rch-407716.html;RICOH SP-C252HE Принт-картридж черный (6500 стр.);407716;C252H K
http://rashodnika.net/Rch-407717.html;RICOH SP-C252HE Принт-картридж голубой (6000 стр.);407717;C252H C
http://rashodnika.net/Rch-407718.html;RICOH SP-C252HE Принт-картридж пурпурный (6000 стр.);407718;C252H M
http://rashodnika.net/Rch-407719.html;RICOH SP-C252HE Принт-картридж желтый (6000 стр.);407719;C252H Y
http://rashodnika.net/Rh888446.html;RICOH TYPE 260 Тонер-картридж черный;888446;260 K
http://rashodnika.net/Rh888447.html;RICOH TYPE 260 Тонер-картридж желтый;888447;260 Y
http://rashodnika.net/Rh888448.html;RICOH TYPE 260 Тонер-картридж пурпурный;888448;260 M
http://rashodnika.net/Rh888449.html;RICOH TYPE 260 Тонер-картридж голубой;888449;260 C
http://rashodnika.net/Rch-408160.html;RICOH SP-277HE Принт-картридж черный (2600 стр.);408160;SP277H
http://rashodnika.net/Rh406956.html;RICOH SP-300 Принт-картридж черный;406956;sp300
http://rashodnika.net/Rch-430440.html;RICOH TYPE 300 Тонер-картридж;430440;300
http://rashodnika.net/Rh894718.html;RICOH TYPE 300 Фотобарабан;894718;300
http://rashodnika.net/Rh841711.html;RICOH TYPE MP301E Тонер-картридж;841711;MP301E
http://rashodnika.net/Rh841618.html;(841618) RICOH TYPE MPC305HE Тонер-картридж черный;842079;C305HE Bk
http://rashodnika.net/Rh841597.html;(841597) RICOH TYPE MPC305E Тонер-картридж желтый;842080;C305E Y
http://rashodnika.net/Rh841596.html;(841596) RICOH TYPE MPC305E Тонер-картридж пурпурный;842081;C305E M
http://rashodnika.net/Rh841595.html;(841595) RICOH TYPE MPC305E Тонер-картридж голубой;842082;C305E C
http://rashodnika.net/Ricoh-842142-MP305.html;RICOH TYPE MP-305 Тонер-картридж черный;842142;mp305
http://rashodnika.net/Rch-D1170121.html;RICOH TYPE MPC305 Блок фотобарабана черный;D1170121;C305 Dr Bk
http://rashodnika.net/Rch-D1170122.html;RICOH TYPE MPC305 Блок фотобарабана голубой;D1170122;C305 Dr C
http://rashodnika.net/Rch-D1170123.html;RICOH TYPE MPC305 Блок фотобарабана пурпурный;D1170123;C305 Dr M
http://rashodnika.net/Rch-D1170124.html;RICOH TYPE MPC305 Блок фотобарабана желтый;D1170124;C305 Dr Y
http://rashodnika.net/Ricoh-D2052248-MP305-Drum.html;RICOH Блок фотобарабана;D2052248;mp305 DU
http://rashodnika.net/Ricoh-D2140121-Drum%20.html;RICOH Фотобарабан черный;D2140121;C306 DUK
http://rashodnika.net/Ricoh-D2140122.html;RICOH Фотобарабан голубой;D2140122;C306 DUC
http://rashodnika.net/Ricoh-D2140123.html;RICOH Фотобарабан пурпурный;D2140123;C306 DUM
http://rashodnika.net/Ricoh-D2140124.html;RICOH Фотобарабан желтый;D2140124;C306 DUY
http://rashodnika.net/Rh406066.html;RICOH SP-C310 Емкость для отработанного тонера;406066;C310 WTB
http://rashodnika.net/Rh406067.html;RICOH TYPE SPC310 Ремень переноса;406067;C310 TU
http://rashodnika.net/Rh406348.html;RICOH TYPE SP-C310E Принт-картридж черный;406348;C310 K
http://rashodnika.net/Rh406349.html;RICOH SP-C310E Принт-картридж голубой;406349;C310 C
http://rashodnika.net/Rh406350.html;RICOH SP-C310E  Принт-картридж пурпурный;406350;C310 M
http://rashodnika.net/Rh406351.html;RICOH SP-C310E Принт-картридж желтый;406351;C310 Y
http://rashodnika.net/Rh406479.html;RICOH SP-C310HE Принт-картридж черный;406479;C310H K
http://rashodnika.net/Rh406480.html;RICOH SP-C310HE Принт-картридж голубой;406480;C310H C
http://rashodnika.net/Rh406481.html;RICOH SP-C310HE Принт-картридж пурпурный;406481;C310H M
http://rashodnika.net/Rh406482.html;RICOH SP-C310HE Принт-картридж желтый;406482;C310H Y
http://rashodnika.net/Rch-887612.html;RICOH TYPE 310 Тонер-картридж;887612;310
http://rashodnika.net/Rch-A0769640.html;(889268) RICOH TYPE 310 Девелопер черный;A0769640;310
http://rashodnika.net/Rch-407246.html;RICOH SP-311HE Тонер-картридж черный (3500 стр.);407246;311HE
http://rashodnika.net/Rch-407249.html;RICOH SP-311LE Тонер-картридж черный (2000 стр.);407249;311LE
http://rashodnika.net/Ricoh-821242-SP311UHE.html;RICOH SP-311UHE Тонер-картридж черный (6400 стр.);821242;311UHE
http://rashodnika.net/Rch-400633.html;RICOH TYPE 320 Блок фотобарабана;400633;320
http://rashodnika.net/Rch-885076.html;RICOH TYPE 320E Тонер-картридж черный;885076;320E
http://rashodnika.net/ricoh-408281.html;RICOH SP-330H Принт-картридж черный (7000 стр.);408281;sp330H
http://rashodnika.net/ricoh-toner-418133.html;RICOH Тонер тип IM350;418133;IM350
http://rashodnika.net/ricoh-408184.html;RICOH SP-C360HE Принт-картридж черный (7000 стр.);408184;spc360HE Bk
http://rashodnika.net/ricoh-408185.html;RICOH SP-C360HE Принт-картридж голубой (6000 стр.);408185;spc360HE C
http://rashodnika.net/ricoh-408186.html;RICOH SP-C360HE Принт-картридж пурпурный (6000 стр.);408186;spc360HE M
http://rashodnika.net/ricoh-408187.html;RICOH SP-C360HE Принт-картридж желтый (6000 стр.);408187;spc360HE Y
http://rashodnika.net/ricoh-408188.html;RICOH SP-C360E Принт-картридж черный (2500 стр.);408188;spc360E Bk
http://rashodnika.net/ricoh-408189.html;RICOH SP-C360E Принт-картридж голубой (1500 стр.);408189;spc360E C
http://rashodnika.net/ricoh-408190.html;RICOH SP-C360E Принт-картридж пурпурный (1500 стр.);408190;spc360E M
http://rashodnika.net/ricoh-408191.html;RICOH SP-C360E Принт-картридж желтый (1500 стр.);408191;spc360E Y
http://rashodnika.net/Rch-408162.html;RICOH SP-377HE/XE Принт-картридж черный;408162;SP377
http://rashodnika.net/Rch-400950.html;RICOH TYPE 400 Сервисный комплект с печкой;400950;400
http://rashodnika.net/Ricoh-408059-Drum.html;RICOH SP-400E Блок фотобарабана;408059;sp400 DU
http://rashodnika.net/Rch-408060.html;RICOH SP-400HE Принт-картридж черный (10000 стр.);408060;sp400H
http://rashodnika.net/Rch-408061.html;RICOH SP-400LE Принт-картридж черный (5000 стр.);408061;sp400L
http://rashodnika.net/Rch-408062.html;RICOH SP-400E Принт-картридж черный (2500 стр.);408062;sp400
http://rashodnika.net/Rh841550.html;(841299) RICOH TYPE MPC400E Тонер-картридж черный;841550;C400E K
http://rashodnika.net/Rh841551.html;(841300) RICOH TYPE MPC400E Тонер-картридж голубой;841551;C400E C
http://rashodnika.net/Rh841552.html;(841301) RICOH TYPE MPC400EТонер-картридж пурпурный;841552;C400E M
http://rashodnika.net/Rh841553.html;(841302) RICOH TYPE MPC400E Тонер-картридж желтый;841553;C400E Y
http://rashodnika.net/Rch-M0262014.html;RICOH TYPE 400 Фотобарабан черный;M0262014;C400 DUK
http://rashodnika.net/Rch-M0262015.html;RICOH TYPE 400 Фотобарабаны цветные CMY;M0262015;C400 DUC
http://rashodnika.net/Rch-M0263021.html;RICOH TYPE 400 Блок проявки черный;M0263021;C400 Dv K
http://rashodnika.net/Rch-M0263022.html;RICOH TYPE 400 Блок проявки голубой;M0263022;C400 Dv C
http://rashodnika.net/Rch-M0263023.html;RICOH TYPE 400 Блок проявки пурпурный;M0263023;C400 Dv M
http://rashodnika.net/Rch-M0263024.html;RICOH TYPE 400 Блок проявки желтый;M0263024;C400 Dv Y
http://rashodnika.net/Rch-841887.html;RICOH TYPE MP401 Принт-картридж черный;841887;mp401
http://rashodnika.net/Rch-M0226400.html;RICOH TYPE MPC401 Емкость для отработанного тонера;M0226400;C401 Waste
http://rashodnika.net/Ricoh-842095-MPC406-K.html;RICOH TYPE MPC406 Тонер-картридж черный;842095;C406 K
http://rashodnika.net/Ricoh-842096-MPC406-C.html;RICOH TYPE MPC406 Тонер-картридж голубой;842096;C406 C
http://rashodnika.net/Ricoh-842097-MPC406-M.html;RICOH TYPE MPC406 Тонер-картридж пурпурный;842097;C406 M
http://rashodnika.net/Ricoh-842098-MPC406-Y.html;RICOH TYPE MPC406 Тонер-картридж желтый;842098;C406 Y
http://rashodnika.net/Ricoh-D2140125-Drum.html;RICOH Фотобарабан черный;D2140125;C406 DUK
http://rashodnika.net/Ricoh-842211-MPC407-K.html;RICOH TYPE MPC407 Тонер-картридж черный;842211;C407 K
http://rashodnika.net/Ricoh-842212-MPC407-C.html;RICOH TYPE MPC407 Тонер-картридж голубой;842212;C407 C
http://rashodnika.net/Ricoh-842213-MPC407-M.html;RICOH TYPE MPC407 Тонер-картридж пурпурный;842213;C407 M
http://rashodnika.net/Ricoh-842214-MPC407-Y.html;RICOH TYPE MPC407 Тонер-картридж желтый;842214;C407 Y
http://rashodnika.net/Ricoh-D1176401.html;RICOH Емкость для отработанного тонера;D1176401;C407 W
http://rashodnika.net/Rch-402359.html;RICOH TYPE 410 Сервисный комплект с печкой;406645;410 MK
http://rashodnika.net/Rch-885446.html;(A0489645) RICOH TYPE 410 Девелопер;885446;410
http://rashodnika.net/Rch-887136.html;(887524) RICOH TYPE 410 Тонер-картридж;887136;410
http://rashodnika.net/Rch-402594.html;RICOH SP-C411 Сервисный комплект с печкой;402594;C411 MK
http://rashodnika.net/Rh887704.html;RICOH TYPE 420 Тонер-картридж;887704;420
http://rashodnika.net/Rh406662.html;RICOH SP-C430 Блок фотобарабана черный;406662;C430 DUK
http://rashodnika.net/Rh406663.html;RICOH SP-C430 Блок фотобарабана цветной;406663;C430 DUC
http://rashodnika.net/Rch-406664.html;RICOH SP-C430 Ремень переноса изображения;406664;C430 TU
http://rashodnika.net/Rh406665.html;RICOH SP-C430 Емкость для отработанного тонера;406665;C430 WTB
http://rashodnika.net/Rh406667.html;RICOH SP-C430 Набор техобслуживания с печкой;406667;C430 FU
http://rashodnika.net/ricoh-toner-418127.html;RICOH Тонер тип IM430;418127;IM430
http://rashodnika.net/Rh821094.html;(821204) RICOH SP-C430E Принт-картридж черный;821094;C430 K
http://rashodnika.net/Rh821095.html;(821205) RICOH SP-C430E Принт-картридж желтый;821095;C430 Y
http://rashodnika.net/Rh821096.html;(821206) RICOH SP-C430E Принт-картридж пурпурный;821096;C430 M
http://rashodnika.net/Rh821097.html;(821207) RICOH SP-C430E Принт-картридж голубой;821097;C430 C
http://rashodnika.net/Rh889465.html;RICOH TYPE 450E / 450I Тонер-туба;889465;450
http://rashodnika.net/Rch-A1539510.html;RICOH TYPE 450 Фотобарабан;A1539510;450
http://rashodnika.net/ricoh-drum-418094.html;RICOH Блок фотобарабана тип P501;418094;P501 Drum
http://rashodnika.net/ricoh-418135.html;RICOH Комплект для технического обслуживания тип P 501;418135;P501 MK
http://rashodnika.net/ricoh-toner-418447.html;RICOH Тонер-картридж тип P 501H (14K);418447;P501H
http://rashodnika.net/ricoh-toner-418506.html;RICOH Тонер-картридж тип P 501L (3K);418506;P501L
http://rashodnika.net/Rch-889275.html;RICOH TYPE 510 Тонер-картридж;889275;510
http://rashodnika.net/Ricoh-407823-MP-601.html;RICOH MP-601 Тонер-картридж черный;407823;601
http://rashodnika.net/Rch-402347.html;RICOH TYPE 610 Сервисный комплект с печкой;402347;610 MK
http://rashodnika.net/Rh885078.html;(884235) RICOH TYPE 610E Тонер-картридж;885078;610
http://rashodnika.net/Rch-407135.html;RICOH SP-C730E Тонер-картридж черный;407135;С730 Bk
http://rashodnika.net/Rch-407136.html;RICOH SP-C730E Тонер-картридж голубой;407136;C730 C
http://rashodnika.net/Rch-407137.html;RICOH SP-C730E Тонер-картридж пурпурный;407137;C730 M
http://rashodnika.net/Rch-407138.html;RICOH SP-C730E Тонер-картридж желтый;407138;C730 Y
http://rashodnika.net/Rch-407151.html;RICOH SP-C730 Блок фотобарабана/девелопера черный;407151;С730 DUK
http://rashodnika.net/Rch-407152.html;RICOH SP-C730 Блоки фотобарабана/девелопера цветные;407152;C730 DUC
http://rashodnika.net/Rch-407153.html;RICOH SP-C730 Транспортный ремень;407153;C730 TU
http://rashodnika.net/Rch-407155.html;RICOH SP-C730 Блок термозакрепления (печка), 220V;407155;C730 FU
http://rashodnika.net/Rch-407156.html;RICOH SP-C730 Емкость для отработанного тонера;407156;C730 WTB
http://rashodnika.net/Rch-404451.html;RICOH TYPE C751 Емкость отработанного тонера;404451;С751 WTB
http://rashodnika.net/Rch-828185.html;RICOH Тонер-картридж черный;828306;C751 K
http://rashodnika.net/Rch-828186.html;RICOH Тонер-картридж желтый;828307;C751 Y
http://rashodnika.net/Rch-828187.html;RICOH Тонер-картридж пурпурный;828308;C751 M
http://rashodnika.net/Rch-828188.html;RICOH Тонер-картридж голубой;828309;C751 C
http://rashodnika.net/Ricoh-D0749640-developer.html;RICOH Девелопер черный;D0749640;C751 DK
http://rashodnika.net/Ricoh-D0749660-developer.html;RICOH Девелопер голубой;D0749660;C751 DC
http://rashodnika.net/Ricoh-D0749670-developer.html;RICOH Девелопер пурпурный;D0749670;C751 DM
http://rashodnika.net/Ricoh-D0749680-developer.html;RICOH Девелопер желтый;D0749680;C751 DY
http://rashodnika.net/Rh887447.html;RICOH  TYPE 800/810 Тонер-картридж;887447;810
http://rashodnika.net/Rch-402714.html;RICOH SP-C811 Блок фотобарабана / девелопера черный;402714;C811 DUK
http://rashodnika.net/Rch-402715.html;RICOH SP-C811 Блок фотобарабана / девелопера CMY;402715;C811 DUC
http://rashodnika.net/Rh402716.html;RICOH SP-C811 Емкость для отработанного тонера;402716;C811 WTB
http://rashodnika.net/Rch-402717.html;RICOH SP-C811 Блок переноса;402717;C811 TU
http://rashodnika.net/Rch-402719.html;RICOH SP-C811 Блок термозакрепления 230v;402719;C811 FU
http://rashodnika.net/Rh884201.html;RICOH SP-C811DNHE Принт-картридж черный (20000 стр.);884201;C811H K
http://rashodnika.net/Rh884202.html;RICOH SP-C811DNHE Принт-картридж желтый (15000 стр.);884202;C811H Y
http://rashodnika.net/Rh884203.html;RICOH SP-C811DNHE Принт-картридж пурпурный (15000 стр.);884203;C811H M
http://rashodnika.net/Rh884204.html;RICOH SP-C811DNHE Принт-картридж голубой (15000 стр.);884204;C811H C
http://rashodnika.net/Rh884217.html;RICOH SP-C811DNLE Принт-картридж черный (10000 стр.);884217;C811 K
http://rashodnika.net/Rh884218.html;RICOH SP-C811DNLE Принт-картридж желтый (8000 стр.);884218;C811 Y
http://rashodnika.net/Rh884219.html;RICOH SP-C811DNLE Принт-картридж пурпурный (8000 стр.);884219;C811 M
http://rashodnika.net/Rh884220.html;RICOH SP-C811DNLE Принт-картридж голубой (8000 стр.);884220;C811 C
http://rashodnika.net/Rch-539730.html;RICOH Toner KIT 8/15;539730;8-15
http://rashodnika.net/Rch-403115.html;RICOH SP-C820 Блок фотобарабана/девелопера черный;403115;C820 DUK
http://rashodnika.net/Rch-403116.html;RICOH SP-C820 Блоки фотобарабана/девелопера цветные CMY;403116;C820 DUC
http://rashodnika.net/Rch-403117.html;RICOH SP-C820 Блок переноса;403117;C820 TU
http://rashodnika.net/Rch-403119.html;RICOH SP-C820DN Блок термозакрепления;403119;C820 FU
http://rashodnika.net/Rh821058.html;(820116) RICOH SP-C820DNHE Тонер-картридж черный;821058;C820DNH K
http://rashodnika.net/Rch-821059.html;(820117) RICOH SP-C820DNHE Тонер-картридж желтый;821059;C820DNH Y
http://rashodnika.net/Rch-821060.html;(820118) RICOH SP-C820DNHE Тонер-картридж пурпурный;821060;C820DNH M
http://rashodnika.net/Rch-821061.html;(820119) RICOH SP-C820DNHE Тонер-картридж голубой;821061;C820DNH C
http://rashodnika.net/Rch-A1639645.html;RICOH TYPE 820 Девелопер черный;A1639645;820
http://rashodnika.net/Rch-407095.html;RICOH SP-C830DN Блок фотобарабана/девелопера черный;407095;C830 DUK
http://rashodnika.net/Rch-407096.html;RICOH SP-C830DN Блоки фотобарабана/девелопера цветные CMY;407096;C830 DUC
http://rashodnika.net/Rch-407097.html;RICOH SP-C830DN Блок переноса;407097;C830 TU
http://rashodnika.net/Rch-407099.html;RICOH SP-C830DNE Блок термозакрепления;407099;C830 FU
http://rashodnika.net/Rch-407100.html;RICOH SP-C830DN Емкость отработанного тонера;407100;C830 WTB
http://rashodnika.net/Rh821121.html;(821121) RICOH SP-C830DNE Принт-картридж черный;821185;C830DN K
http://rashodnika.net/Rch-821122.html;(821122) RICOH SP-C830DNE Принт-картридж желтый;821186;C830DN Y
http://rashodnika.net/Rch-821123.html;(821123) RICOH SP-C830DNE Принт-картридж пурпурный;821187;C830DN M
http://rashodnika.net/Rch-821124.html;(821124) RICOH SP-C830DNE Принт-картридж голубой;821188;C830DN C
http://rashodnika.net/Rch-821259.html;RICOH TYPE SP-C840E Принт-картридж черный;821259;C840 K
http://rashodnika.net/Rch-821260.html;RICOH SP-C840E Принт-картридж желтый;821260;C840 Y
http://rashodnika.net/Rch-821261.html;RICOH SP-C840E Принт-картридж пурпурный;821261;C840 M
http://rashodnika.net/Rch-821262.html;RICOH SP-C840E Принт-картридж голубой;821262;C840 C
http://rashodnika.net/Rch-828072.html;RICOH Тонер-картридж черный;828072;C900 K
http://rashodnika.net/Rch-828073.html;RICOH Тонер-картридж желтый;828073;C900 Y
http://rashodnika.net/Rch-828074.html;RICOH Тонер-картридж пурпурный;828074;C900 M
http://rashodnika.net/Rch-828075.html;RICOH Тонер-картридж голубой;828075;C900 C
http://rashodnika.net/Rch-828181.html;(828124) RICOH TYPE C901 Принт-картридж черный;828181;C901 Bk
http://rashodnika.net/Rch-828182.html;(828125) RICOH TYPE C901 Принт-картридж желтый;828182;C901 Y
http://rashodnika.net/Rch-828183.html;(828126) RICOH TYPE C901 Принт-картридж пурпурный;828183;C901 M
http://rashodnika.net/Rch-828184.html;(828127) RICOH TYPE C901 Принт-картридж голубой;828184;C901 C
http://rashodnika.net/Rh403028.html;RICOH SP-1000EL Принт-картридж (2200стр.);403028;SP1000EL
http://rashodnika.net/Rh413196.html;RICOH TYPE SP1000E Принт-картридж (4000 стр.);413196;SP1000E
http://rashodnika.net/Rch-593907.html;RICOH TYPE 1000 Тонер-картридж;593907;1000
http://rashodnika.net/Rh411113.html;RICOH TYPE 1013 Блок фотобарабана;411113;1013
http://rashodnika.net/Rch-412271.html;(411018) RICOH TYPE 1027 Блок фотобарабана;412271;1027
http://rashodnika.net/Rch-406571.html;RICOH SP-1100LE Принт-картридж (2200 стр.);406571;1100LE
http://rashodnika.net/Rch-406572.html;RICOH SP-1100HE Принт-картридж (4000 стр.);406572;1100HE
http://rashodnika.net/Rch-885165.html;RICOH TYPE 1100D/1100W Тонер-картридж (2шт.);885165;1100
http://rashodnika.net/Rh401129.html;RICOH TYPE 1125D Тонер-картридж черный;401129;1125D
http://rashodnika.net/Rh888029.html;RICOH TYPE 1160W Тонер-картридж;888029;1160W
http://rashodnika.net/Rch-411880.html;RICOH TYPE 1180 Тонер-картридж черный;411880;1180
http://rashodnika.net/Rch-431013.html;RICOH TYPE 1190 Тонер-картридж;431013;1190
http://rashodnika.net/Rch-431147.html;RICOH TYPE 1195E Тонер-картридж черный;431147;1195
http://rashodnika.net/Rch-406837.html;RICOH SP-1200E Тонер-картридж черный;406837;1200 K
http://rashodnika.net/Rch-406841.html;RICOH SP-1200 Блок фотобарабана;406841;1200 DU
http://rashodnika.net/Rh430438.html;RICOH TYPE 1210D Тонер-картридж;430438;1210D
http://rashodnika.net/Rh888078.html;RICOH TYPE 1215 Тонер-картридж;888078;1215
http://rashodnika.net/Rh888087.html;RICOH TYPE 1220D Тонер-туба;888087;1220D
http://rashodnika.net/Rh885094.html;RICOH TYPE 1230D Тонер-картридж черный;885094;1230D
http://rashodnika.net/Rh430278.html;RICOH TYPE 1240 Тонер-картридж;430278;1240
http://rashodnika.net/Rh885258.html;RICOH TYPE 1250D Тонер-картридж;885258;1250D
http://rashodnika.net/Rh411073.html;RICOH TYPE 1255D Тонер-картридж черный;411073;1255D
http://rashodnika.net/Rch-430347.html;RICOH TYPE 1260/1160 Тонер-картридж;430347;1260
http://rashodnika.net/Rh412638.html;(430400) RICOH TYPE 1265 Тонер-картридж;412638;1265
http://rashodnika.net/Rh888261.html;RICOH TYPE 1270D/MP201 Тонер черный;888261;1270D
http://rashodnika.net/Rh412641.html;RICOH TYPE 1275 Тонер-картридж;412641;1275
http://rashodnika.net/Rh889858.html;RICOH TYPE 1305 Тонер-туба;889858;1305
http://rashodnika.net/Rh884916.html;RICOH TYPE MP1350E Тонер-картридж;884916;1350E
http://rashodnika.net/Rch-828093.html;RICOH TYPE 1357E Тонер-картридж черный;828093;1357E
http://rashodnika.net/Rh400398.html;RICOH TYPE 1400 Тонер-картридж черный;400398;1400
http://rashodnika.net/Rh400403.html;RICOH TYPE 1400 Комплект техобслуживания;400404;1400 MK
http://rashodnika.net/Rh430244.html;RICOH TYPE 1435 Тонер-картридж;430244;1435
http://rashodnika.net/Rh411844.html;RICOH TYPE 1515 Блок фотобарабана;411844;1515
http://rashodnika.net/Ricoh-842128-MP2014.html;RICOH TYPE MP-2014 Тонер-картридж черный;842128;2014
http://rashodnika.net/Ricoh-842135-MP2014.html;RICOH TYPE MP-2014H Тонер-картридж черный;842135;2014H
http://rashodnika.net/Rch-884105.html;RICOH TYPE 2050 Тонер-картридж;884105;2050
http://rashodnika.net/Rch-889613.html;RICOH TYPE 2105D Тонер-туба;889613;2105D
http://rashodnika.net/Rch-889776.html;RICOH TYPE 2200 Тонер-туба;889776;2200
http://rashodnika.net/Rh885053.html;(887977) RICOH TYPE 2210D/2110D Тонер-картридж;885053;2210D
http://rashodnika.net/Rh885266.html;RICOH TYPE 2220D/2320D Тонер-картридж;885266;2220D
http://rashodnika.net/Rh412477.html;RICOH TYPE 2285 Тонер-картридж;412477;2285
http://rashodnika.net/Rh841040.html;RICOH TYPE MP2500 Тонер-картридж;841040;MP2500
http://rashodnika.net/Rh841769.html;RICOH TYPE MP2501E Тонер-картридж;842009;2501E
http://rashodnika.net/Rch-841925.html;RICOH TYPE MPC2503 Тонер-картридж черный (15000 стр.);841925;2503 Bk
http://rashodnika.net/Rch-841926.html;RICOH TYPE MPC2503H Тонер-картридж желтый (9500 стр.);841926;2503H Y
http://rashodnika.net/Rch-841927.html;RICOH TYPE MPC2503H Тонер-картридж пурпурный (9500 стр.);841927;2503H M
http://rashodnika.net/Rch-841928.html;RICOH TYPE MPC2503H Тонер-картридж голубой (9500 стр.);841928;2503H C
http://rashodnika.net/Rch-841929.html;RICOH TYPE MPC2503 Тонер-картридж желтый (5500 стр.);841929;2503 Y
http://rashodnika.net/Rch-841930.html;RICOH TYPE MPC2503 Тонер-картридж пурпурный (5500 стр.);841930;2503 M
http://rashodnika.net/Rch-841931.html;RICOH TYPE MPC2503 Тонер-картридж голубой (5500 стр.);841931;2503 C
http://rashodnika.net/Rh841196.html;RICOH TYPE MPC2550E Принт-картридж черный;841196;2550E K
http://rashodnika.net/Rh841197.html;RICOH TYPE MPC2550E Принт-картридж голубой;841197;2550E C
http://rashodnika.net/Rh841198.html;RICOH TYPE MPC2550E Принт-картридж пурпурный;841198;2550E M
http://rashodnika.net/Rh841199.html;RICOH TYPE MPC2550E Принт-картридж желтый;841199;2550E Y
http://rashodnika.net/Rh841505.html;RICOH TYPE MPC2551HE Принт-картридж голубой;841505;2551HE C
http://rashodnika.net/Rh841506.html;RICOH TYPE MPC2551HE Принт-картридж пурпурный;841506;2551HE M
http://rashodnika.net/Rh841507.html;RICOH TYPE MPC2551HE Принт-картридж желтый;841507;2551HE Y
http://rashodnika.net/Rh841587.html;RICOH TYPE MPC2551E Принт-картридж черный;841587;2551E K
http://rashodnika.net/Rch-400620.html;RICOH TYPE 2600 Сервисный комплект;400620;2600
http://rashodnika.net/Rh884946.html;RICOH TYPE MP-C3000E Тонер-картридж черный;884946;C3000 K
http://rashodnika.net/Rh884947.html;RICOH MP-C3000E Тонер-картридж желтый;884947;C3000 Y
http://rashodnika.net/Rh884948.html;RICOH MP-C3000E Тонер-картридж пурпурный;884948;C3000 M
http://rashodnika.net/Rh884949.html;RICOH MP-C3000E Тонер-картридж голубой;884949;C3000 C
http://rashodnika.net/Rch-407162.html;(402887) RICOH SP-3200E Принт-картридж черный;407162;3200
http://rashodnika.net/Rh885060.html;(887726) RICOH TYPE 3200D Тонер-картридж;885060;3200D
http://rashodnika.net/Rh885251.html;RICOH TYPE 3205D Тонер-картридж;885251;3205D
http://rashodnika.net/Rh888182.html;RICOH TYPE 3210D Тонер-туба;888182;3210D
http://rashodnika.net/Rch-A2309510.html;RICOH TYPE 3210D Фотобарабан;A2309510;3210D
http://rashodnika.net/Rch-406218.html;RICOH SP-3300E Принт-картридж черный;406218;3300
http://rashodnika.net/Rh841124.html;(842043) RICOH TYPE MPC3300E Принт-картридж черный;841124;MPC3300
http://rashodnika.net/Rh406522.html;RICOH SP-3400HE Принт-картридж (5000 стр.);406522;3400HE
http://rashodnika.net/Rh406523.html;RICOH SP-3400LE Принт-картридж (2500 стр.);406523;3400LE
http://rashodnika.net/Rh406990.html;(407646) RICOH SP-3500XE Принт-картридж (6400 стр.);406990;3500X
http://rashodnika.net/Rh841425.html;(842044) RICOH TYPE MPC3501E/MPC3300E Принт-картридж желтый;841425;3501E Y
http://rashodnika.net/Rh841426.html;(842045) RICOH TYPE MPC3501E/MPC3300E Принт-картридж пурпурный;841426;3501E M
http://rashodnika.net/Rh841427.html;(842046) RICOH TYPE MPC3501E/MPC3300E Принт-картридж голубой;841427;3501E C
http://rashodnika.net/Rh841579.html;(842047) RICOH TYPE MPC3501E Тонер-картридж черный;841579;3501E K
http://rashodnika.net/Rh841739.html;(841651) RICOH TYPE MPC3502E Тонер-картридж черный;842016;3502E K
http://rashodnika.net/Rh841740.html;(841652) RICOH TYPE 3502E Тонер-картридж желтый;842017;3502E Y
http://rashodnika.net/Rh841741.html;(841653) RICOH TYPE MPC3502E Тонер-картридж пурпурный;842018;3502E M
http://rashodnika.net/Rh841742.html;(841654) RICOH TYPE MPC3502E Тонер-картридж голубой;842019;3502E C
http://rashodnika.net/Rch-841817.html;RICOH TYPE MPC3503 Тонер-картридж черный;841817;3503 K
http://rashodnika.net/Rch-841818.html;RICOH TYPE MPC3503 Тонер-картридж желтый;841818;3503 Y
http://rashodnika.net/Rch-841819.html;RICOH TYPE MPC3503 Тонер-картридж пурпурный;841819;3503 M
http://rashodnika.net/Rch-841820.html;RICOH TYPE MPC3503 Тонер-картридж голубой;841820;3503 C
http://rashodnika.net/Ricoh-842125-MP3554.html;RICOH TYPE MP-3554 Тонер-картридж черный;842125;3554
http://rashodnika.net/ricoh-408285.html;RICOH SP-3710X Принт-картридж черный;408285;sp3710x
http://rashodnika.net/Rh400548.html;RICOH TYPE 3800F Блок фотобарабана черный;400548;3800F
http://rashodnika.net/Rh400549.html;RICOH TYPE 3800G Блок подачи масла;400549;3800G
http://rashodnika.net/Rh400576.html;RICOH TYPE 3800H Ролики подачи;400576;3800H
http://rashodnika.net/Rh400594.html;RICOH TYPE 3800A Блок фотобарабана цветной CMY;400594;3800A
http://rashodnika.net/Rh400595.html;RICOH TYPE 3800B Блок проявки цветной CMY;400595;3800B
http://rashodnika.net/Rh400596.html;RICOH TYPE 3800C Блок термозакрепления (печка);400596;3800C
http://rashodnika.net/Rh400661.html;RICOH TYPE 3800D Блок проявки черный;400661;3800D
http://rashodnika.net/Rh400662.html;RICOH TYPE 3800E Бункер для отработанного тонера;400662;3800E
http://rashodnika.net/Rch-402322.html;RICOH TYPE 4000 Сервисный комплект с печкой;402322;4000 MK
http://rashodnika.net/Rch-406643.html;(402816) RICOH SP-4100 type 220 Сервисный комплект с печкой;406643;4100 MK
http://rashodnika.net/Rch-407008.html;(403180) RICOH SP-4100 type 220 Принт-картридж черный;407008;4100
http://rashodnika.net/Rch-407013.html;(403074) RICOH SP-4100L TYPE 220 Принт-картридж;407013;4100L
http://rashodnika.net/Rh406978.html;RICOH SP-4400RX Тонер-картридж (18000 стр.);406978;4400RX
http://rashodnika.net/Rh406987.html;RICOH SP-4400 Блок фотобарабана;406987;4400 PU
http://rashodnika.net/Rch-407318.html;RICOH SP-4500HE Принт-картридж черный (12000 стр.);407318;4500H
http://rashodnika.net/Rch-407323.html;RICOH SP-4500LE Принт-картридж черный (3000 стр.);407323;4500L
http://rashodnika.net/Rch-407324.html;RICOH SP-4500 Блок фотобарабана;407324;4500 PU
http://rashodnika.net/Rch-407340.html;RICOH SP-4500E Принт-картридж черный (6000 стр.);407340;4500
http://rashodnika.net/Rch-407342.html;RICOH SP-4500 Комплект техобслуживания;407342;4500 MK
http://rashodnika.net/Rh841347.html;RICOH TYPE MP4500E Тонер-туба;841347;MP4500E
http://rashodnika.net/Rh884930.html;RICOH TYPE MPC4500E Тонер-картридж черный;884930;4500E K
http://rashodnika.net/Rh884931.html;RICOH TYPE MPC4500E Тонер-картридж желтый;884931;4500E Y
http://rashodnika.net/Rh884932.html;RICOH TYPE MPC4500E Тонер-картридж пурпурный;884932;4500E M
http://rashodnika.net/Rh884933.html;RICOH TYPE MPC4500E Тонер-картридж голубой;884933;4500E C
http://rashodnika.net/Rh841160.html;RICOH TYPE MPC5000E Тонер-картридж черный;841160;5000E K
http://rashodnika.net/Rh841161.html;RICOH TYPE MPC5000E Тонер-картридж желтый;841161;5000E Y
http://rashodnika.net/Rh841162.html;RICOH TYPE MPC5000E Тонер-картридж пурпурный;841162;5000E M
http://rashodnika.net/Rh841163.html;RICOH TYPE MPC5000E Тонер-картридж голубой;841163;5000E C
http://rashodnika.net/Rch-887143.html;RICOH TYPE 5010 Тонер-картридж;887143;5010
http://rashodnika.net/Rch-402858.html;RICOH SP-5100E Принт-картридж черный;402858;SP5100E
http://rashodnika.net/Rch-828225.html;RICOH TYPE C5100 Принт-картридж черный;828225;5100 K
http://rashodnika.net/Rch-828226.html;RICOH TYPE C5100 Принт-картридж желтый;828226;5100 Y
http://rashodnika.net/Rch-828227.html;RICOH TYPE C5100 Принт-картридж пурпурный;828227;5100 M
http://rashodnika.net/Rch-828228.html;RICOH TYPE C5100 Принт-картридж голубой;828228;5100 C
http://rashodnika.net/Rh406685.html;(821229) RICOH SP-5200HE Принт-картридж черный;406685;5200H
http://rashodnika.net/Rh406687.html;RICOH SP-5200 Сервисный комплект с печкой;406687;5200 MK
http://rashodnika.net/Rch-885063.html;RICOH TYPE 5200D Тонер-картридж черный;885063;5200D
http://rashodnika.net/Ricoh-430245.html;RICOH TYPE 5210 Тонер-картридж черный;430245;5210
http://rashodnika.net/Rch-888026.html;RICOH TYPE 5205D/5305D Тонер-картридж;888026;5305D
http://rashodnika.net/Rh841457.html;(842049) RICOH TYPE MPC5501E/MPC5000E Тонер-картридж желтый;841457;5501E Y
http://rashodnika.net/Rh841458.html;(842050) RICOH TYPE MPC5501E/MPC5000E Тонер-картридж пурпурный;841458;5501E M
http://rashodnika.net/Rh841459.html;(842051) RICOH TYPE MPC5501E/MPC5000E Тонер-картридж голубой;841459;5501E C
http://rashodnika.net/Rh841456.html;(841583) RICOH TYPE MPC5501E Тонер-картридж черный;842052;5501E K
http://rashodnika.net/Rh841755.html;(841755) RICOH TYPE MPC5502E Тонер-картридж черный;842020;5502E K
http://rashodnika.net/Rh841756.html;(841756) RICOH TYPE MPC5502E Тонер-картридж желтый;842021;5502E Y
http://rashodnika.net/Rh841757.html;(841757) RICOH TYPE MPC5502E Тонер-картридж пурпурный;842022;5502E M
http://rashodnika.net/Rh841758.html;(841758) RICOH TYPE MPC5502E Тонер-картридж голубой;842023;5502E C
http://rashodnika.net/Rch-416890.html;RICOH TYPE MPC6003 Контейнер для отработанного тонера;416890;6003 WTB
http://rashodnika.net/Rch-841853.html;RICOH TYPE MPC6003E Тонер-картридж черный;841853;6003E K
http://rashodnika.net/Rch-841854.html;RICOH TYPE MPC6003E Тонер-картридж желтый;841854;6003E Y
http://rashodnika.net/Rch-841855.html;RICOH TYPE MPC6003E Тонер-картридж пурпурный;841855;6003E M
http://rashodnika.net/Rch-841856.html;RICOH TYPE MPC6003E Тонер-картридж голубой;841856;6003E C
http://rashodnika.net/Ricoh-842127-MP6054.html;RICOH TYPE MP-6054 Тонер-картридж черный;842127;6054
http://rashodnika.net/Rh884243.html;RICOH TYPE 6205 Тонер-картридж;884243;6205
http://rashodnika.net/Rh885098.html;RICOH TYPE 6210D / MP 9002 Тонер-картридж;842116;6210D
http://rashodnika.net/Rch-406649.html;(406649) RICOH SP-6330E Принт-картридж черный;821231;6330E
http://rashodnika.net/Rh400878.html;RICOH TYPE 7000G Ремкомплект узла подачи масла;400878;7000G
http://rashodnika.net/Ricoh-400879-7000A-Drum.html;RICOH TYPE 7000A Блок фотобарабана цветной CMY;400879;7000A
http://rashodnika.net/Rh400880.html;RICOH TYPE 7000F Блок фотобарабана черный;400880;7000F
http://rashodnika.net/Ricoh-400961-Color-Developer.html;RICOH TYPE 7000B Блок проявки цветной CMY;400961;7000B
http://rashodnika.net/Ricoh-400962-7000D-Developer.html;RICOH TYPE 7000D Блок проявки черный;400962;7000D
http://rashodnika.net/Ricoh-7000C-fuser.html;RICOH TYPE 7000C Блок термозакрепления 220v (Печка);406420;7000C
http://rashodnika.net/Rh402050.html;RICOH TYPE 7100A Блок фотобарабана цветной CMY;402050;7100A
http://rashodnika.net/Rh402051.html;RICOH TYPE 7100F Блок фотобарабана черный;402051;7100F
http://rashodnika.net/Rh402052.html;RICOH TYPE 7100C Блок термозакрепления 220v (Печка);402053;7100C
http://rashodnika.net/Rh821021.html;RICOH MP-W7140 Тонер-картридж черный;821021;7140
http://rashodnika.net/Rh402305.html;RICOH TYPE 7200 / 7300A Набор цветных фотобарабанов;402305;7300A
http://rashodnika.net/Rh402306.html;RICOH TYPE 7200 / 7300B Блок девелопера цветной CMY;402306;7300B
http://rashodnika.net/Rh402308.html;RICOH TYPE 7200 / 7300D Блок девелопера черный;402308;7300D
http://rashodnika.net/Rh402310.html;RICOH TYPE 7200 / 7300F Блок фотобарабана черный;402310;7300F
http://rashodnika.net/Rh402311.html;RICOH TYPE 7200 / 7300C Сервисный комплект с печкой;402311;7300C
http://rashodnika.net/Rh841396.html;(841100) RICOH TYPE MPC7500E Тонер-картридж черный;841396;7500E K
http://rashodnika.net/Rh841397.html;(841101) RICOH TYPE MPC7500E Тонер-картридж голубой;841397;7500E C
http://rashodnika.net/Rh841398.html;(841102) RICOH TYPE MPC7500E Тонер-картридж пурпурный;841398;7500E M
http://rashodnika.net/Rh841399.html;(841103) RICOH TYPE MPC7500E Тонер-картридж желтый;841399;7500E Y
http://rashodnika.net/Rh841361.html;(842073) RICOH TYPE MPC7501E Тонер-картридж черный;841408;7501E K
http://rashodnika.net/Rh841362.html;(842076) RICOH TYPE MPC7501E Тонер-картридж голубой;841409;7501E C
http://rashodnika.net/Rh841363.html;(842075) RICOH TYPE MPC7501E Тонер-картридж пурпурный;841410;7501E M
http://rashodnika.net/Rh841364.html;(842074) RICOH TYPE MPC7501E Тонер-картридж желтый;841411;7501E Y
http://rashodnika.net/Rch-416889.html;RICOH TYPE MPC8002 Бункер отработанного тонера;416889;8002 W
http://rashodnika.net/Rch-841784.html;RICOH TYPE MPC8002 Принт-картридж черный;841784;8002 K
http://rashodnika.net/Rch-841785.html;RICOH TYPE MPC8002 Принт-картридж желтый;841785;8002 Y
http://rashodnika.net/Rch-841786.html;RICOH TYPE MPC8002 Принт-картридж пурпурный;841786;8002 M
http://rashodnika.net/Rch-841787.html;RICOH TYPE MPC8002 Принт-картридж голубой;841787;8002 C
http://rashodnika.net/Ricoh-842192-MP-C8003-K.html;RICOH TYPE MPC8003 Тонер-картридж черный;842192;C8003 K
http://rashodnika.net/Ricoh-842193-MP-C8003-Y.html;RICOH TYPE MPC8003 Тонер-картридж желтый;842193;C8003 Y
http://rashodnika.net/Ricoh-842194-MP-C8003-M.html;RICOH TYPE MPC8003 Тонер-картридж пурпурный;842194;C8003 M
http://rashodnika.net/Ricoh-842195-MP-C8003-C.html;RICOH TYPE MPC8003 Тонер-картридж голубой;842195;C8003 C
http://rashodnika.net/Ricoh-D2589510-MP-C8003-Drum.html;RICOH Блок фотобарабана;D2589510;C8003 DU
http://rashodnika.net/Rch-828292.html;RICOH Тонер-картридж черный;828292;8100S
http://rashodnika.net/Rh820079.html;(821201) RICOH SP-8200E Тонер-туба;820079;8200
http://rashodnika.net/Rch-888008.html;RICOH TYPE 8200D Тонер-картридж;888008;8200D
http://rashodnika.net/Rh885344.html;RICOH TYPE 8205D Тонер-туба;885344;8205D
http://rashodnika.net/ricoh-d0a42021.html;RICOH Блок фотобарабана;D0A42021;
http://rashodnika.net/ricoh-B0047361.html;RICOH Узел барабана в сборе;B0047361;
http://rashodnika.net/Rch-A0069510.html;RICOH Фотобарабан;A0069510;
http://rashodnika.net/Rch-D0099510.html;RICOH Фотобарабан /OPC Drum/;D0099510;
http://rashodnika.net/Rch-B0109510.html;RICOH Блок фотобарабана;B0109510;
http://rashodnika.net/RhD0149510.html;RICOH Блок фотобарабана;D0149510;
http://rashodnika.net/Rch-D0149640.html;RICOH Девелопер черный;D0149640;
http://rashodnika.net/Rch-D0149660.html;RICOH Девелопер голубой;D0149660;
http://rashodnika.net/Rch-D0149670.html;RICOH Девелопер пурпурный;D0149670;
http://rashodnika.net/Rch-D0149680.html;RICOH Девелопер желтый;D0149680;
http://rashodnika.net/Ricoh-D0169510.html;RICOH Фотобарабан;D0169510;
http://rashodnika.net/Rch-B0179510.html;RICOH Фотобарабан;B0179510;
http://rashodnika.net/Rch-D0239640.html;RICOH Девелопер черный;D0239640;
http://rashodnika.net/Rch-D0239660.html;RICOH Девелопер голубой;D0239660;
http://rashodnika.net/Rch-D0239670.html;RICOH Девелопер пурпурный;D0239670;
http://rashodnika.net/Rch-D0239680.html;RICOH Девелопер желтый;D0239680;
http://rashodnika.net/Rch-D0292251.html;(D0292039) RICOH Блок фотобарабана цветной CMY;D0292251;
http://rashodnika.net/Rch-D0292256.html;RICOH Блок фотобарабана черный;D0292256;
http://rashodnika.net/Rch-D0293015.html;RICOH Блок проявки черный;D0293015;
http://rashodnika.net/Rch-D0293025.html;RICOH Блок проявки голубой;D0293025;
http://rashodnika.net/Rch-D0293035.html;RICOH Блок проявки пурпурный;D0293035;
http://rashodnika.net/Rch-D0293045.html;RICOH Блок проявки желтый;D0293045;
http://rashodnika.net/Rch-D0294034.html;RICOH Узел термозакрепления;D0294034;
http://rashodnika.net/Rch-D0296509.html;RICOH Бункер отработанного тонера;D0296509;
http://rashodnika.net/Ricoh-M0321395-Drum.html;RICOH Фотобарабан ;M0321395;
http://rashodnika.net/Rch-D0392040.html;(D0392030) RICOH Блок фотобарабанов;D0392040;
http://rashodnika.net/ricoh-b0392214.html;RICOH Узел формирования изображения в сборе;B0392214;
http://rashodnika.net/Rch-D0396405.html;(D0396401) Контейнер для отработанного тонера;D0396405;
http://rashodnika.net/Rch-B0399510.html;(889662) RICOH Фотобарабан;B0399510;
http://rashodnika.net/Rh410133.html;RICOH TYPE G Скрепки с картриджем;410133;
http://rashodnika.net/Rh410508.html;RICOH TYPE H Скрепки в картридже;410508;
http://rashodnika.net/Rch-410509.html;RICOH TYPE H Скрепки (5 упаковок);410509;
http://rashodnika.net/Rch-B0512100.html;RICOH Бункер отработанного тонера;B0512100;
http://rashodnika.net/RhB0519100.html;RICOH Блок фотобарабана;B0519100;
http://rashodnika.net/Rch-B0544300.html;RICOH Блок подачи масла;B0544300;
http://rashodnika.net/Rch-D0599510.html;RICOH Фотобарабан;D0599510;
http://rashodnika.net/RhB0709510.html;RICOH Фотобарабан;B0709510;
http://rashodnika.net/Rch-D0749510.html;RICOH Фотобарабан CMYK;D0749510;
http://rashodnika.net/Rch-A0779510.html;RICOH Фотобарабан;A0779510;
http://rashodnika.net/RhD0819640.html;RICOH Девелопер черный;D0819640;
http://rashodnika.net/RhD0819660.html;RICOH Девелопер голубой;D0819660;
http://rashodnika.net/RhD0819670.html;RICOH Девелопер пурпурный;D0819670;
http://rashodnika.net/RhD0819680.html;RICOH Девелопер желтый;D0819680;
http://rashodnika.net/Rch-D0892250.html;RICOH Блок фотобарабана черный;D0892250;
http://rashodnika.net/Rch-D0892251.html;RICOH Блок фотобарабана цветной CMY;D0892251;
http://rashodnika.net/Rch-D0899640.html;RICOH Девелопер черный;D0899640;
http://rashodnika.net/Rch-D0899660.html;RICOH Девелопер голубой;D0899660;
http://rashodnika.net/Rch-D0899670.html;RICOH Девелопер пурпурный;D0899670;
http://rashodnika.net/Rch-D0899680.html;RICOH Девелопер желтый;D0899680;
http://rashodnika.net/Rch-A0989510.html;RICOH Фотобарабан;A0989510;
http://rashodnika.net/Rch-B1163011.html;RICOH Блок проявки черный;B1163011;
http://rashodnika.net/Rch-B1163012.html;RICOH Блок проявки голубой;B1163012;
http://rashodnika.net/Rch-B1163013.html;RICOH Блок проявки пурпурный;B1163013;
http://rashodnika.net/Rch-B1163014.html;RICOH Блок проявки желтый;B1163014;
http://rashodnika.net/Ricoh-D1203000.html;RICOH Узел формирования изображения в сборе;D1203000;
http://rashodnika.net/ricoh-b1212210.html;RICOH Драм-юнит ;B1212210;
http://rashodnika.net/RhD1272110.html;RICOH Блок фотобарабана;D1272110;
http://rashodnika.net/Rch-B1329510.html;RICOH Фотобарабан;B1329510;
http://rashodnika.net/Rch-A1339510.html;RICOH Фотобарабан;A1339510;
http://rashodnika.net/Rch-D1363431.html;RICOH Фильтр блока проявки;D1363431;
http://rashodnika.net/Rch-D1369640.html;RICOH Девелопер черный;D1369640;
http://rashodnika.net/Rch-D1369660.html;RICOH Девелопер желтый;D1369660;
http://rashodnika.net/Rch-D1369670.html;RICOH Девелопер пурпурный;D1369670;
http://rashodnika.net/Rch-D1369680.html;RICOH Девелопер голубой;D1369680;
http://rashodnika.net/Rch-D1442250.html;RICOH Блок фотобарабана черный;D1442250;
http://rashodnika.net/Rch-D1442252.html;RICOH Блок цветных фотобарабанов;D1442252;
http://rashodnika.net/RhD1449640.html;RICOH Девелопер черный;D1449640;
http://rashodnika.net/RhD1449660.html;RICOH Девелопер голубой;D1449660;
http://rashodnika.net/RhD1449670.html;RICOH Девелопер пурпурный;D1449670;
http://rashodnika.net/RhD1449680.html;RICOH Девелопер желтый;D1449680;
http://rashodnika.net/Rch-B1540152.html;RICOH Блок проявки черный;B1540152;
http://rashodnika.net/Rch-B1540154.html;RICOH Блок проявки пурпурный;B1540154;
http://rashodnika.net/Rch-B1540155.html;RICOH Блок проявки голубой;B1540155;
http://rashodnika.net/Rch-B1540156.html;RICOH Блок проявки желтый;B1540156;
http://rashodnika.net/Rch-A1669510.html;RICOH Фотобарабан;A1669510;
http://rashodnika.net/Rch-A1729510.html;RICOH Фотобарабан;A1729510;
http://rashodnika.net/Rch-D1773020.html;RICOH Девелопер черный;D1773020;
http://rashodnika.net/Rch-D1773021.html;RICOH Девелопер голубой;D1773021;
http://rashodnika.net/Rch-D1773022.html;RICOH Девелопер пурпурный;D1773022;
http://rashodnika.net/Rch-D1773023.html;RICOH Девелопер желтый;D1773023;
http://rashodnika.net/Rch-B1803001.html;RICOH Блок проявки черный;B1803001;
http://rashodnika.net/Rch-B1803002.html;RICOH Блок проявки желтый;B1803002;
http://rashodnika.net/Rch-B1803003.html;RICOH Блок проявки голубой;B1803003;
http://rashodnika.net/Rch-B1803004.html;RICOH Блок проявки пурпурный;B1803004;
http://rashodnika.net/Rch-B1809511.html;RICOH (B1809510) Блок фотобарабана (черный/цветной);B1809511;
http://rashodnika.net/Rch-D1862208.html;RICOH Блок фотобарабана в сборе, черный;D1862208;
http://rashodnika.net/Rch-D1862209.html;RICOH Блок фотобарабанов в сборе, цветные;D1862209;
http://rashodnika.net/Rch-D1863010.html;RICOH Девелопер черный;D1863010;
http://rashodnika.net/Rch-D1863020.html;RICOH Девелопер голубой;D1863020;
http://rashodnika.net/Rch-D1863030.html;RICOH Девелопер пурпурный;D1863030;
http://rashodnika.net/Rch-D1863040.html;RICOH Девелопер желтый;D1863040;
http://rashodnika.net/Rch-D1882254.html;(D1882252) RICOH Фотобарабан CMYK;D1882254;
http://rashodnika.net/Rch-B1909510.html;RICOH Фотопроводниковый блок;B1909510;
http://rashodnika.net/Ricoh-D1979510-Drum.html;RICOH Фотобарабан;D1979510;
http://rashodnika.net/Ricoh-D1979510-Developer.html;RICOH Девелопер чёрный;D1979640;
http://rashodnika.net/ricoh-B1982204.html;RICOH Узел фотобарабана (без барабана) ;B1982204;B1982203
http://rashodnika.net/Rch-B2009640.html;RICOH Блок проявки черный с девелопером;B2009640;
http://rashodnika.net/Rch-B2009660.html;RICOH Блок проявки голубой с девелопером;B2009660;
http://rashodnika.net/Rch-B2009670.html;RICOH Блок проявки пурпурный с девелопером;B2009670;
http://rashodnika.net/Rch-B2009680.html;RICOH Блок проявки желтый с девелопером;B2009680;
http://rashodnika.net/Rch-B2050151.html;RICOH Блок фотобарабана в сборе без девелопера;B2050151;
http://rashodnika.net/RhB2142300.html;RICOH Блок фотобарабана;B2142302;
http://rashodnika.net/Rch-B2232027.html;(B2232027) RICOH Блок фотобарабанов цветной CMY;B2242027;B2232027
http://rashodnika.net/Rch-B2232042.html;(B2232042) RICOH Блок фотобарабана черный;B2242042;B2232042
http://rashodnika.net/Rch-B2233013.html;RICOH Блок проявки черный с девелопером;B2233013;
http://rashodnika.net/Rch-B2233023.html;RICOH Блок проявки пурпурный с девелопером;B2233023;
http://rashodnika.net/Rch-B2233033.html;RICOH Блок проявки голубой с девелопером;B2233033;
http://rashodnika.net/Rch-B2233043.html;RICOH Блок проявки желтый с девелопером;B2233043;
http://rashodnika.net/Ricoh-B2234022-fuser.html;RICOH Узел термозакрепления (печка);B2234022;
http://rashodnika.net/Rch-A2269510.html;RICOH Фотобарабан;A2269510;
http://rashodnika.net/Rch-B2309640.html;RICOH Девелопер черный;B2309640;
http://rashodnika.net/Rch-B2309660.html;RICOH Девелопер голубой;B2309660;
http://rashodnika.net/Rch-B2309670.html;RICOH Девелопер пурпурный;B2309670;
http://rashodnika.net/Rch-B2309680.html;RICOH Девелопер желтый;B2309680;
http://rashodnika.net/Rch-B2349510.html;RICOH Фотобарабан;B2349510;
http://rashodnika.net/Rch-D2392239.html;RICOH Блок фотобарабана цветной;D2392239;
http://rashodnika.net/Rch-D2392240.html;RICOH Блок фотобарабана черный;D2392240;
http://rashodnika.net/Rch-D2393061.html;RICOH Блок проявки голубой;D2393061;
http://rashodnika.net/Rch-D2393062.html;RICOH Блок проявки пурпурный;D2393062;
http://rashodnika.net/Rch-D2393063.html;RICOH Блок проявки желтый;D2393063;
http://rashodnika.net/Rch-D2422241.html;RICOH Блок фотобарабана цветной;D2422241;
http://rashodnika.net/Rch-D2423060.html;RICOH Блок проявки черный;D2423060;
http://rashodnika.net/Rch-D2423061.html;RICOH Блок проявки голубой;D2423061;
http://rashodnika.net/Rch-D2423062.html;RICOH Блок проявки пурпурный;D2423062;
http://rashodnika.net/Rch-D2423063.html;RICOH Блок проявки желтый;D2423063;
http://rashodnika.net/Rch-D2442209.html;RICOH Фотобарабан CMYK;D2442209;
http://rashodnika.net/Rch-D2443020.html;RICOH Блок проявки черный;D2443020;
http://rashodnika.net/Rch-D2443021.html;RICOH Блок проявки голубой;D2443021;
http://rashodnika.net/Rch-D2443022.html;RICOH Блок проявки пурпурный;D2443022;
http://rashodnika.net/Rch-D2443023.html;RICOH Блок проявки желтый;D2443023;
http://rashodnika.net/Ricoh-D2459640.html;RICOH TYPE MP-2014 Девелопер;D2459640;
http://rashodnika.net/Rch-B2469510.html;RICOH Фотобарабан;B2469510;
http://rashodnika.net/Rch-A2489510.html;(A0969510) RICOH Фотобарабан;A2489510;
http://rashodnika.net/Ricoh-D2589640.html;RICOH Блок проявки черный;D2589640;
http://rashodnika.net/Ricoh-D2589660.html;RICOH Блок проявки голубой;D2589660;
http://rashodnika.net/Ricoh-D2589670.html;RICOH Блок проявки пурпурный;D2589670;
http://rashodnika.net/Ricoh-D2589680.html;RICOH Блок проявки желтый;D2589680;
http://rashodnika.net/Rch-B2592210.html;RICOH Блок фотобарабана / проявки черный;B2592210;
http://rashodnika.net/Rch-A2949510.html;(A2959510) RICOH Фотобарабан;A2949510;
http://rashodnika.net/Rch-B2969640.html;RICOH Девелопер черный;B2969640;
http://rashodnika.net/Rch-D8093001.html;RICOH Блок проявки черный;D8093001;
http://rashodnika.net/Rch-D8093002.html;RICOH Блок проявки голубой;D8093002;
http://rashodnika.net/Rch-D8093003.html;RICOH Блок проявки пурпурный;D8093003;
http://rashodnika.net/Rch-D8093004.html;RICOH Блок проявки желтый;D8093004;
