http://rashodnika.net/Rch-405688.html;RICOH Гелевый картридж черный GC-31K (1920 стр.);405688;GC 31K
http://rashodnika.net/Rch-405689.html;RICOH Гелевый картридж голубой GC-31C (1920 стр.);405689;GC 31C
http://rashodnika.net/Rch-405690.html;RICOH Гелевый картридж пурпурный GC-31M (1560 стр.);405690;GC 31M
http://rashodnika.net/Rch-405691.html;RICOH Гелевый картридж желтый GC-31Y (1750 стр.);405691;GC 31Y
http://rashodnika.net/Rch-405701.html;RICOH Гелевый картридж черный GC-31HK (4230 стр.);405701;GC 31HK
http://rashodnika.net/Rch-405702.html;RICOH Гелевый картридж голубой GC-31HC (4890 стр.);405702;GC 31HC
http://rashodnika.net/Rch-405703.html;RICOH Гелевый картридж пурпурный GC-31HM (4000 стр.);405703;GC 31HM
http://rashodnika.net/Rch-405704.html;RICOH Гелевый картридж желтый GC-31HY (4000 стр.);405704;GC 31HY
http://rashodnika.net/Rch-405761.html;RICOH Гелевый картридж черный GC-41K (2500 стр.);405761;GC 41K
http://rashodnika.net/Rch-405762.html;RICOH Гелевый картридж желтый GC-41C (2500 стр.);405762;GC 41C
http://rashodnika.net/Rch-405763.html;RICOH Гелевый картридж пурпурный GC-41M (2500 стр.);405763;GC 41M
http://rashodnika.net/Rch-405764.html;RICOH Гелевый картридж желтый GC-41Y (2500 стр.);405764;GC 41Y
http://rashodnika.net/Rch-405765.html;RICOH Гелевый картридж черный GC-41KL (600 стр.);405765;GC 41KL
http://rashodnika.net/Rch-405766.html;RICOH Гелевый картридж голубой GC-41CL (600 стр.);405766;GC 41CL
http://rashodnika.net/Rch-405767.html;RICOH Гелевый картридж пурпурный GC-41ML (600 стр.);405767;GC 41ML
http://rashodnika.net/Rch-405768.html;RICOH Гелевый картридж желтый GC-41YL (600 стр.);405768;GC 41YL
http://rashodnika.net/Rch-405783.html;RICOH Емкость для отработанных чернил;405783;IC 41
http://rashodnika.net/Rh888547.html;RICOH Принт-картридж черный тип MPC1500E;888547;MPC1500E
http://rashodnika.net/Rh888548.html;RICOH Принт-картридж желтый тип MPC1500E;888548;MPC1500E
http://rashodnika.net/Rh888549.html;RICOH Принт-картридж пурпурный тип MPC1500E;888549;MPC1500E
http://rashodnika.net/Rh888550.html;RICOH Принт-картридж голубой тип MPC1500E;888550;MPC1500E
http://rashodnika.net/Rch-841635.html;RICOH Гелевый картридж черный тип MPCW2200;841635;MPCW2200
http://rashodnika.net/Rch-841636.html;RICOH Гелевый картридж голубой тип MPCW2200;841636;MPCW2200
http://rashodnika.net/Rch-841637.html;RICOH Гелевый картридж пурпурный тип MPCW2200;841637;MPCW2200
http://rashodnika.net/Rch-841638.html;RICOH Гелевый картридж желтый тип MPCW2200;841638;MPCW2200
http://rashodnika.net/Rch-405700.html;RICOH Емкость для отработанных чернил тип GXe3300;405700;GXe3300
http://rashodnika.net/Rch-405714.html;RICOH Емкость для отработанных чернил тип GXe5500;405700;GXe3300
http://rashodnika.net/Rch-405688.html;RICOH Гелевый картридж черный GC-31K (1920 стр.);405688;GC 31K
http://rashodnika.net/Rch-405689.html;RICOH Гелевый картридж голубой GC-31C (1920 стр.);405689;GC 31C
http://rashodnika.net/Rch-405690.html;RICOH Гелевый картридж пурпурный GC-31M (1560 стр.);405690;GC 31M
http://rashodnika.net/Rch-405691.html;RICOH Гелевый картридж желтый GC-31Y (1750 стр.);405691;GC 31Y
http://rashodnika.net/Rch-405701.html;RICOH Гелевый картридж черный GC-31HK (4230 стр.);405701;GC 31HK
http://rashodnika.net/Rch-405702.html;RICOH Гелевый картридж голубой GC-31HC (4890 стр.);405702;GC 31HC
http://rashodnika.net/Rch-405703.html;RICOH Гелевый картридж пурпурный GC-31HM (4000 стр.);405703;GC 31HM
http://rashodnika.net/Rch-405704.html;RICOH Гелевый картридж желтый GC-31HY (4000 стр.);405704;GC 31HY
http://rashodnika.net/Rch-405761.html;RICOH Гелевый картридж черный GC-41K (2500 стр.);405761;GC 41K
http://rashodnika.net/Rch-405762.html;RICOH Гелевый картридж желтый GC-41C (2500 стр.);405762;GC 41C
http://rashodnika.net/Rch-405763.html;RICOH Гелевый картридж пурпурный GC-41M (2500 стр.);405763;GC 41M
http://rashodnika.net/Rch-405764.html;RICOH Гелевый картридж желтый GC-41Y (2500 стр.);405764;GC 41Y
http://rashodnika.net/Rch-405765.html;RICOH Гелевый картридж черный GC-41KL (600 стр.);405765;GC 41KL
http://rashodnika.net/Rch-405766.html;RICOH Гелевый картридж голубой GC-41CL (600 стр.);405766;GC 41CL
http://rashodnika.net/Rch-405767.html;RICOH Гелевый картридж пурпурный GC-41ML (600 стр.);405767;GC 41ML
http://rashodnika.net/Rch-405768.html;RICOH Гелевый картридж желтый GC-41YL (600 стр.);405768;GC 41YL
http://rashodnika.net/Rch-405783.html;RICOH Емкость для отработанных чернил;405783;IC 41
http://rashodnika.net/Rh888547.html;RICOH Принт-картридж черный тип MPC1500E;888547;MPC1500E
http://rashodnika.net/Rh888548.html;RICOH Принт-картридж желтый тип MPC1500E;888548;MPC1500E
http://rashodnika.net/Rh888549.html;RICOH Принт-картридж пурпурный тип MPC1500E;888549;MPC1500E
http://rashodnika.net/Rh888550.html;RICOH Принт-картридж голубой тип MPC1500E;888550;MPC1500E
http://rashodnika.net/Rch-841635.html;RICOH Гелевый картридж черный тип MPCW2200;841635;MPCW2200
http://rashodnika.net/Rch-841636.html;RICOH Гелевый картридж голубой тип MPCW2200;841636;MPCW2200
http://rashodnika.net/Rch-841637.html;RICOH Гелевый картридж пурпурный тип MPCW2200;841637;MPCW2200
http://rashodnika.net/Rch-841638.html;RICOH Гелевый картридж желтый тип MPCW2200;841638;MPCW2200
http://rashodnika.net/Rch-405700.html;RICOH Емкость для отработанных чернил тип GXe3300;405700;GXe3300
http://rashodnika.net/Rch-405714.html;RICOH Емкость для отработанных чернил тип GXe5500;405700;GXe3300
