http://rashodnika.net/8_1_2_1.html;Samsung Цветной струйный картридж;Ink-C10;C10
http://rashodnika.net/8_1_2_5.html;Samsung Черный струйный картридж;Ink-M10;M10
http://rashodnika.net/8_1_2_2.html;Samsung Цветной струйный картридж;Ink-C40;C40
http://rashodnika.net/8_1_2_6.html;Samsung Черный струйный картридж;Ink-M40;M40
http://rashodnika.net/8_1_2_7.html;Samsung Двойная ураковка черного струйного картриджа Ink-M40;Ink-M40V;M40V
http://rashodnika.net/8_1_2_8.html;Samsung Черный струйный картридж;Ink-M41;M41
http://rashodnika.net/SgInk-M41V.html;Samsung Двойная ураковка черного струйного картриджа Ink-M41;Ink-M41V;M41V
http://rashodnika.net/8_1_2_3.html;Samsung Цветной струйный картридж;Ink-C50;C50
http://rashodnika.net/8_1_2_9.html;Samsung Черный струйный картридж;Ink-M50;M50
http://rashodnika.net/Samsung-Ink-M55.html;Samsung Черный струйный картридж;Ink-M55;M55
http://rashodnika.net/8_1_2_4.html;Samsung Цветной струйный картридж;Ink-C60;C60
http://rashodnika.net/SgInk-C210.html;Samsung Цветной струйный картридж;Ink-C210;C210
http://rashodnika.net/8_1_2_10.html;Samsung Черный струйный картридж;Ink-M210;M210
http://rashodnika.net/SgInk-M215.html;Samsung Черный струйный картридж повышенной емкости;Ink-M215;M215
http://rashodnika.net/8_1_2_12.html;Samsung Ленточный картридж и 40 листов фотобумаги 10*15;IPP-4640G;4640
http://rashodnika.net/8_1_2_11.html;Samsung Ленточный картридж и 120 листов фотобумаги 10*15;IPP-46120G;46120
