http://rashodnika.net/SgMLT-D101S.html;Samsung 101S Тонер-картридж черный;MLT-D101S;101S
http://rashodnika.net/SgMLT-D101X.html;Samsung 101X Тонер-картридж черный;MLT-D101X;101X
http://rashodnika.net/SgMLT-D103L.html;Samsung 103L Тонер-картридж черный увеличенной емкости;MLT-D103L;103L
http://rashodnika.net/SgMLT-D103S.html;Samsung 103S Тонер-картридж черный;MLT-D103S;103S
http://rashodnika.net/8_1_1_117.html;Samsung 104S Тонер-картридж черный;MLT-D104S;104S
http://rashodnika.net/8_1_1_118.html;Samsung 104X Тонер-картридж черный;MLT-D104X;104X
http://rashodnika.net/8_1_1_119.html;Samsung 105L Тонер-картридж черный увеличенной емкости;MLT-D105L;105L
http://rashodnika.net/8_1_1_120.html;Samsung 105S Тонер-картридж черный;MLT-D105S;105S
http://rashodnika.net/SgMLT-P105A.html;Samsung Двойная упаковка черного тонер-картриджа MLT-D105L;MLT-P105A;P105
http://rashodnika.net/8_1_1_121.html;Samsung 106 Тонер-картридж черный;MLT-D106S;106
http://rashodnika.net/SgMLT-R106S.html;Samsung Блок фотобарабана;MLT-R106;R106
http://rashodnika.net/8_1_1_122.html;Samsung 108 Тонер-картридж черный;MLT-D108S;108
http://rashodnika.net/Sg-MLT-P108A.html;Samsung Двойная упаковка черного тонер-картриджа MLT-D108S;MLT-P108A;P108
http://rashodnika.net/8_1_1_123.html;Samsung 109 Тонер-картридж черный;MLT-D109S;109
http://rashodnika.net/SgMLT-D111L.html;Samsung 111L Тонер-картридж черный (1.8K);MLT-D111L;111L
http://rashodnika.net/SgMLT-D111S.html;Samsung 111S Тонер-картридж черный (1K);MLT-D111S;111S
http://rashodnika.net/SgMLT-D115L.html;Samsung 115L Тонер-картридж черный (3K);MLT-D115L;115L
http://rashodnika.net/SgMLT-D115S.html;Samsung 115S Тонер-картридж черный (1.5K);MLT-D115S;115S
http://rashodnika.net/SgMLT-D116L.html;Samsung 116L Тонер-картридж черный (3K);MLT-D116L;116L
http://rashodnika.net/SgMLT-D116S.html;Samsung 116S Тонер-картридж черный (1.2K);MLT-D116S;116S
http://rashodnika.net/samsung-mlt-r116.html;Samsung R116 Блок фотобарабана;MLT-R116;R116
http://rashodnika.net/SgMLT-D117S.html;Samsung 117 Тонер-картридж черный;MLT-D117S;117
http://rashodnika.net/samsung-mlt-d118l.html;Samsung 118S Тонер-картридж черный (4K);MLT-D118L;118L
http://rashodnika.net/samsung-mlt-d118s.html;Samsung 118S Тонер-картридж черный (1.2K);MLT-D118S;118S
http://rashodnika.net/SgMLT-D119S.html;Samsung 119 Тонер-картридж черный;MLT-D119S;119
http://rashodnika.net/Samsung-MLT-D201L-cartridge.html;Samsung 201L Тонер-картридж черный;MLT-D201L;201L
http://rashodnika.net/Samsung-MLT-D201S-cartridge.html;Samsung 201S Тонер-картридж черный 10K;MLT-D201S;201S
http://rashodnika.net/SgMLT-D203E.html;Samsung 203E Тонер-картридж (10000 стр.);MLT-D203E;203E
http://rashodnika.net/SgMLT-D203L.html;Samsung 203L Тонер-картридж (5000 стр.);MLT-D203L;203L
http://rashodnika.net/SgMLT-D203S.html;Samsung 203S Тонер-картридж (3000 стр.);MLT-D203S;203S
http://rashodnika.net/SgMLT-D203U.html;Samsung 203U Тонер-картридж (15000 стр.);MLT-D203U;203U
http://rashodnika.net/Samsung-MLT-D204E.html;Samsung 204E Тонер-картридж (10000 стр.);MLT-D204E;204E
http://rashodnika.net/Samsung-MLT-D204L.html;Samsung 204L Тонер-картридж (5000 стр.);MLT-D204L;204L
http://rashodnika.net/Samsung-MLT-D204S.html;Samsung 204S Тонер-картридж (3000 стр.);MLT-D204S;204S
http://rashodnika.net/Samsung-MLT-R204-Drum.html;Samsung R204 Блок фотобарабана;MLT-R204;R204
http://rashodnika.net/8_1_1_124.html;Samsung 205E Тонер-картридж (10000 стр.);MLT-D205E;205E
http://rashodnika.net/8_1_1_125.html;Samsung 205L Тонер-картридж (5000 стр.);MLT-D205L;205L
http://rashodnika.net/8_1_1_126.html;Samsung 205S Тонер-картридж (2000 стр.);MLT-D205S;205S
http://rashodnika.net/8_1_1_127.html;Samsung 208L Тонер-картридж увеличенной емкости (10000 стр.);MLT-D208L;208L
http://rashodnika.net/8_1_1_128.html;Samsung 208S Тонер-картридж (4000 стр.);MLT-D208S;208S
http://rashodnika.net/Samsung-MLT-P208A.html;Samsung P208A Twin Pack Два картриджа увеличенной емкости (20000 стр.);MLT-P208A;P208
http://rashodnika.net/8_1_1_129.html;Samsung 209L Тонер-картридж повышенной емкости (5000 стр.);MLT-D209L;209L
http://rashodnika.net/8_1_1_130.html;Samsung 209S Тонер-картридж (2000 стр.);MLT-D209S;209S
http://rashodnika.net/Samsung-JC96-03609A.html;Samsung Узел термозакрепления;JC96-03609A;CLP-300 Fuser
http://rashodnika.net/Samsung-JC96-03611.html;Samsung Узел ленты переноса;JC96-03611;CLP-300 ITB
http://rashodnika.net/8_1_1_18.html;Samsung Тонер-картридж голубой;CLP-C300A;C300
http://rashodnika.net/8_1_1_23.html;Samsung Тонер-картридж черный;CLP-K300A;K300
http://rashodnika.net/8_1_1_28.html;Samsung Тонер-картридж пурпурный;CLP-M300A;M300
http://rashodnika.net/SgCLP-P300A.html;Samsung Тонер-картриджей цветных комплект /CMY/;CLP-P300A;P300A
http://rashodnika.net/8_1_1_33.html;Samsung Тонер-картриджей комплект 4 шт. /CMYK/;CLP-P300C;P300C
http://rashodnika.net/8_1_1_34.html;Samsung Блок фотобарабана;CLP-R300A;R300
http://rashodnika.net/8_1_1_38.html;Samsung Контейнер для отроботанного тонера;CLP-W300A;W300
http://rashodnika.net/8_1_1_40.html;Samsung Тонер-картридж желтый;CLP-Y300A;Y300
http://rashodnika.net/SgMLT-D303E.html;Samsung 303E Тонер-картридж черный;MLT-D303E;303E
http://rashodnika.net/Samsung-MLT-P303E.html;Samsung Двойная упаковка тонер-картриджей MLT-D303E;MLT-P303E;P303
http://rashodnika.net/SgMLT-R303.html;Samsung Блок фотобарабана;MLT-R303;R303
http://rashodnika.net/Samsung-MLT-D304E.html;Samsung 304E Тонер-картридж черный;MLT-D304E;304E
http://rashodnika.net/Samsung-MLT-D304L.html;Samsung 304LТонер-картридж черный 20K;MLT-D304L;304L
http://rashodnika.net/Samsung-MLT-D304S.html;Samsung 304S Тонер-картридж черный 7K;MLT-D304S;304S
http://rashodnika.net/Samsung-MLT-R304-drum.html;Samsung Блок фотобарабана;MLT-R304;R304
http://rashodnika.net/SgMLT-D305L.html;Samsung 305 Тонер-картридж черный 15K;MLT-D305L;305L
http://rashodnika.net/Samsung-MLT-D305S.html;Samsung 305s Тонер-картридж черный 7K;MLT-D305S;305S
http://rashodnika.net/SgMLT-D307E.html;Samsung 307E Тонер-картридж (20000 стр.);MLT-D307E;307E
http://rashodnika.net/SgMLT-D307L.html;Samsung 307L Тонер-картридж (15000 стр.);MLT-D307L;307L
http://rashodnika.net/SgMLT-D307S.html;Samsung 307S Тонер-картридж (7000 стр.);MLT-D307S;307S
http://rashodnika.net/SgMLT-D307U.html;Samsung 307U Тонер-картридж (30000 стр.);MLT-D307U;307U
http://rashodnika.net/SgMLT-R307.html;Samsung Блок фотобарабана;MLT-R307;R307
http://rashodnika.net/samsung-mlt-d308l.html;Samsung 308L Тонер-картридж (20000 стр.);MLT-D308L;308L
http://rashodnika.net/samsung-mlt-d308s.html;Samsung 308L Тонер-картридж черный (10000 стр.);MLT-D308S;308S
http://rashodnika.net/SgMLT-D309E.html;Samsung 309E Тонер-картридж (40000 стр.);MLT-D309E;309E
http://rashodnika.net/8_1_1_131.html;Samsung 309L Тонер-картридж (30000 стр.);MLT-D309L;309L
http://rashodnika.net/8_1_1_132.html;Samsung 309S Тонер-картридж (10000 стр.);MLT-D309S;309S
http://rashodnika.net/SgMLT-P309E.html;Samsung Двойная упаковка тонер-картриджей MLT-D309E;MLT-P309E;309E twin
http://rashodnika.net/SgMLT-R309.html;Samsung Блок фотобарабана;MLT-R309;R309
http://rashodnika.net/8_1_1_19.html;Samsung Тонер-картридж голубой;CLP-C350A;C350
http://rashodnika.net/8_1_1_24.html;Samsung Тонер-картридж черный;CLP-K350A;K350
http://rashodnika.net/8_1_1_29.html;Samsung Тонер-картридж пурпурный;CLP-M350A;M350
http://rashodnika.net/8_1_1_35.html;Samsung Блок фотобарабана;CLP-R350A;R350
http://rashodnika.net/8_1_1_39.html;Samsung Контейнер для отроботанного тонера;CLP-W350A;W350
http://rashodnika.net/8_1_1_41.html;Samsung Тонер-картридж желтый;CLP-Y350A;Y350
http://rashodnika.net/SgMLT-D358S.html;Samsung 358S Тонер-картридж черный;MLT-D358S;358S
http://rashodnika.net/SgMLT-R358.html;Samsung Блок фотобарабана;MLT-R358;R358
http://rashodnika.net/SgCLT-C404S.html;Samsung C404 Тонер-картридж голубой;CLT-C404S;C404
http://rashodnika.net/SgCLT-K404S.html;Samsung K404 Тонер-картридж черный;CLT-K404S;K404
http://rashodnika.net/SgCLT-M404S.html;Samsung M404 Тонер-картридж пурпурный;CLT-M404S;M404
http://rashodnika.net/SgCLT-P404C.html;Samsung Комплект тонер-картриджей CLT-404S /CMYK/;CLT-P404C;P404
http://rashodnika.net/SgCLT-Y404S.html;Samsung Y404 Тонер-картридж желтый;CLT-Y404S;Y404
http://rashodnika.net/SgCLT-C406S.html;Samsung C406 Тонер-картридж голубой;CLT-C406S;C406
http://rashodnika.net/SgCLT-K406S.html;Samsung K406 Тонер-картридж черный;CLT-K406S;K406
http://rashodnika.net/SgCLT-M406S.html;Samsung M406 Тонер-картридж пурпурный;CLT-M406S;M406
http://rashodnika.net/Samsung-CLT-P406C.html;Samsung Комплект картриджей 406s /CMYK/;CLT-P406C;P406C
http://rashodnika.net/SgCLT-R406.html;Samsung Блок фотобарабана;CLT-R406;R406
http://rashodnika.net/SgCLT-W406.html;Samsung Емкость для отработанного тонера;CLT-W406;W406
http://rashodnika.net/SgCLT-Y406S.html;Samsung Y406 Тонер-картридж желтый;CLT-Y406S;Y406
http://rashodnika.net/8_1_1_45.html;Samsung C407 Тонер-картридж голубой;CLT-C407S;C407S
http://rashodnika.net/8_1_1_50.html;Samsung K407 Тонер-картридж черный;CLT-K407S;K407S
http://rashodnika.net/8_1_1_55.html;Samsung M407 Тонер-картридж пурпурный;CLT-M407S;M407S
http://rashodnika.net/Samsung-CLT-P407A.html;Samsung Комплект цветных картриджей 407s /CMY/;CLT-P407A;P407A
http://rashodnika.net/SgCLT-P407B.html;Samsung Двойная упаковка черных картриджей K407;CLT-P407B;P407B
http://rashodnika.net/SgCLT-P407C.html;Samsung Комплект картриджей 407s /CMYK/;CLT-P407C;P407C
http://rashodnika.net/8_1_1_60.html;Samsung Блок фотобарабана;CLT-R407;R407
http://rashodnika.net/8_1_1_64.html;Samsung Емкость для отработанного тонера;CLT-W407;W407
http://rashodnika.net/8_1_1_66.html;Samsung Y407 Тонер-картридж желтый;CLT-Y407S;Y407S
http://rashodnika.net/8_1_1_46.html;Samsung C409 Тонер-картридж голубой;CLT-C409S;C409
http://rashodnika.net/8_1_1_51.html;Samsung K409 Тонер-картридж черный;CLT-K409S;K409
http://rashodnika.net/8_1_1_56.html;Samsung M409 Тонер-картридж пурпурный;CLT-M409S;M409
http://rashodnika.net/Samsung-CLT-P409A.html;Samsung Комплект цветных картриджей 409 CMY;CLT-P409A;P409A
http://rashodnika.net/SgCLT-P409B.html;Samsung Двойная упаковка черных картриджей K409;CLT-P409B;P409B
http://rashodnika.net/SgCLT-P409C.html;Samsung Комплект картриджей 409s CMYK;CLT-P409C;P409C
http://rashodnika.net/8_1_1_61.html;Samsung Блок фотобарабана;CLT-R409;R409
http://rashodnika.net/8_1_1_65.html;Samsung Емкость для отработанного тонера;CLT-W409;W409
http://rashodnika.net/8_1_1_67.html;Samsung Y409 Тонер-картридж желтый;CLT-Y409S;Y409
http://rashodnika.net/8_1_1_1.html;Samsung Голубой тонер-картридж;CLP-500D5C;500C
http://rashodnika.net/8_1_1_2.html;Samsung Пурпурный тонер-картридж;CLP-500D5M;500M
http://rashodnika.net/8_1_1_3.html;Samsung Желтый тонер-картридж;CLP-500D5Y;500Y
http://rashodnika.net/8_1_1_4.html;Samsung Черный тонер-картридж;CLP-500D7K;500K
http://rashodnika.net/8_1_1_5.html;Samsung Блок фотобарабана;CLP-500RB;500RB
http://rashodnika.net/8_1_1_6.html;Samsung Блок переноса изображения;CLP-500RT;500RT
http://rashodnika.net/8_1_1_7.html;Samsung Емкость для отработанного тонера;CLP-500WB;500WB
http://rashodnika.net/SgJC96-02773A.html;Samsung Печка в сборе 220v;JC96-02773A;500 Fuser
http://rashodnika.net/Samsung-CLT-C503L.html;Samsung C503 Тонер-картридж голубой;CLT-C503L;C503L
http://rashodnika.net/Samsung-CLT-K503L.html;Samsung K503 Тонер-картридж черный 5K;CLT-K503L;K503L
http://rashodnika.net/Samsung-CLT-K503S-Toner.html;Samsung K503s Тонер-картридж черный 2.5K;CLT-K503S;K503S
http://rashodnika.net/Samsung-CLT-M503L.html;Samsung M503 Тонер-картридж пурпурный 5K;CLT-M503L;M503L
http://rashodnika.net/Samsung-CLT-M503S.html;Samsung M503s Тонер-картридж пурпурный 2.5K;CLT-M503S;M503S
http://rashodnika.net/Samsung-CLT-Y503L.html;Samsung Y503 Тонер-картридж желтый;CLT-Y503L;Y503L
http://rashodnika.net/SgCLT-C504S.html;Samsung C504 Тонер-картридж голубой;CLT-C504S;C504S
http://rashodnika.net/SgCLT-K504S.html;Samsung K504 Тонер-картридж черный;CLT-K504S;K504S
http://rashodnika.net/SgCLT-M504S.html;Samsung M504 Тонер-картридж пурпурный;CLT-M504S;M504S
http://rashodnika.net/SgCLT-W504.html;Samsung Емкость для отработанного тонера;CLT-W504;W504
http://rashodnika.net/SgCLT-Y504S.html;Samsung Y504 Тонер-картридж желтый;CLT-Y504S;Y504S
http://rashodnika.net/Samsung-CLT-C505L.html;Samsung C505 Тонер-картридж голубой;CLT-C505L;C505L
http://rashodnika.net/Samsung-CLT-K505L.html;Samsung K505 Тонер-картридж черный;CLT-K505L;K505L
http://rashodnika.net/Samsung-CLT-M505L.html;Samsung M505 Тонер-картридж пурпурный;CLT-M505L;M505L
http://rashodnika.net/Samsung-CLT-Y505L.html;Samsung Y505 Тонер-картридж желтый;CLT-Y505L;Y505L
http://rashodnika.net/SgCLT-C506L.html;Samsung C506L Тонер-картридж голубой повышенной емкости;CLT-C506L;C506L
http://rashodnika.net/SgCLT-C506S.html;Samsung C506S Тонер-картридж голубой;CLT-C506S;C506S
http://rashodnika.net/SgCLT-K506L.html;Samsung K506L Тонер-картридж черный повышенной емкости;CLT-K506L;K506L
http://rashodnika.net/SgCLT-K506S.html;Samsung K506S Тонер-картридж черный;CLT-K506S;K506S
http://rashodnika.net/SgCLT-M506L.html;Samsung M506L Тонер-картридж пурпурный повышенной емкости;CLT-M506L;M506L
http://rashodnika.net/SgCLT-M506S.html;Samsung M506S Тонер-картридж пурпурный;CLT-M506S;M506S
http://rashodnika.net/SgCLT-W506.html;Samsung Емкость для отработанного тонера;CLT-W506;W506
http://rashodnika.net/SgCLT-Y506L.html;Samsung Y506L Тонер-картридж желтый повышенной емкости;CLT-Y506L;Y506L
http://rashodnika.net/SgCLT-Y506S.html;Samsung Y506S Тонер-картридж желтый;CLT-Y506S;Y506S
http://rashodnika.net/8_1_1_47.html;Samsung Тонер-картридж голубой повышенной емкости (4000 стр.);CLT-C508L;C508L
http://rashodnika.net/8_1_1_48.html;Samsung Тонер-картридж голубой (2000 стр.);CLT-C508S;C508S
http://rashodnika.net/8_1_1_52.html;Samsung Тонер-картридж черный повышенной емкости (4000 стр.);CLT-K508L;K508L
http://rashodnika.net/8_1_1_53.html;Samsung Тонер-картридж черный (2000 стр.);CLT-K508S;K508S
http://rashodnika.net/8_1_1_57.html;Samsung Тонер-картридж пурпурный повышенной емкости (4000 стр.);CLT-M508L;M508L
http://rashodnika.net/8_1_1_58.html;Samsung Тонер-картридж пурпурный (2000 стр.);CLT-M508S;M508S
http://rashodnika.net/8_1_1_62.html;Samsung Ремень переноса изображения;CLT-T508;T508
http://rashodnika.net/8_1_1_68.html;Samsung Тонер-картридж желтый повышенной емкости (4000 стр.);CLT-Y508L;Y508L
http://rashodnika.net/8_1_1_69.html;Samsung Тонер-картридж желтый (2000 стр.);CLT-Y508S;Y508S
http://rashodnika.net/8_1_1_8.html;Samsung Голубой тонер-картридж (2000 стр.);CLP-510D2C;510c
http://rashodnika.net/8_1_1_9.html;Samsung Пурпурный тонер-картридж (2000 стр.);CLP-510D2M;510m
http://rashodnika.net/8_1_1_10.html;Samsung Желтый тонер-картридж (2000 стр.);CLP-510D2Y;510y
http://rashodnika.net/8_1_1_11.html;Samsung Черный тонер-картридж (3000 стр.);CLP-510D3K;510k
http://rashodnika.net/8_1_1_12.html;Samsung Голубой тонер-картридж (5000 стр.);CLP-510D5C;510C
http://rashodnika.net/8_1_1_13.html;Samsung Пурпурный тонер-картридж (5000 стр.);CLP-510D5M;510M
http://rashodnika.net/8_1_1_14.html;Samsung Желтый тонер-картридж (5000 стр.);CLP-510D5Y;510Y
http://rashodnika.net/8_1_1_15.html;Samsung Черный тонер-картридж (7000 стр.);CLP-510D7K;510K
http://rashodnika.net/8_1_1_16.html;Samsung Блок фотобарабана;CLP-510RB;510RB
http://rashodnika.net/8_1_1_17.html;Samsung Блок ремня переноса изображения;CLP-510RT;510RT
http://rashodnika.net/SgSF-550D3.html;Samsung Тонер-картридж черный;SF-550D3;550
http://rashodnika.net/SgSF-D560RA.html;Samsung Тонер-картридж черный;SF-D560RA;560R
http://rashodnika.net/8_1_1_20.html;Samsung Тонер-картридж голубой;CLP-C600A;C600
http://rashodnika.net/SgCLP-F600B.html;Samsung Блок термозакрепления в сборе (печка);CLP-F600B;F600
http://rashodnika.net/8_1_1_25.html;Samsung Тонер-картридж черный;CLP-K600A;K600
http://rashodnika.net/8_1_1_30.html;Samsung Тонер-картридж пурпурный;CLP-M600A;M600
http://rashodnika.net/8_1_1_36.html;Samsung Ремень переноса изображения в сборе;CLP-T600A;T600
http://rashodnika.net/8_1_1_42.html;Samsung Тонер-картридж желтый;CLP-Y600A;Y600
http://rashodnika.net/SgCLT-C606S.html;Samsung C606 Тонер-картридж голубой (20000 стр.);CLT-C606S;C606
http://rashodnika.net/SgCLT-K606S.html;Samsung K606 Тонер-картридж черный (25000 стр.);CLT-K606S;K606
http://rashodnika.net/SgCLT-M606S.html;Samsung M606 Тонер-картридж пурпурный (20000 стр.);CLT-M606S;M606
http://rashodnika.net/SgCLT-W606.html;Samsung Емкость для отработанного тонера;CLT-W606;W606
http://rashodnika.net/SgCLT-Y606S.html;Samsung Y606 Тонер-картридж желтый (20000 стр.);CLT-Y606S;Y606
http://rashodnika.net/SgMLT-K606S.html;Samsung K606 Тонер-картридж черный (35000стр.);MLT-K606S;K606
http://rashodnika.net/SgMLT-W606.html;Samsung Емкость для отработанного тонера;MLT-W606;W606
http://rashodnika.net/SgCLT-C607S.html;Samsung C607 Тонер-картридж голубой (15000 стр.);CLT-C607S;C607
http://rashodnika.net/SgCLT-K607S.html;Samsung K607 Тонер-картридж черный (20000 стр.);CLT-K607S;K607
http://rashodnika.net/SgCLT-M607S.html;Samsung M607 Тонер-картридж пурпурный (15000 стр.);CLT-M607S;M607
http://rashodnika.net/SgCLT-R607C.html;Samsung Блок фотобарабана голубой;CLT-R607C;R607C
http://rashodnika.net/SgCLT-R607K.html;Samsung Блок фотобарабана черный;CLT-R607K;R607K
http://rashodnika.net/SgCLT-R607M.html;Samsung Блок фотобарабана пурпурный;CLT-R607M;R607M
http://rashodnika.net/SgCLT-R607Y.html;Samsung  Блок фотобарабана желтый;CLT-R607Y;R607Y
http://rashodnika.net/SgCLT-Y607S.html;Samsung Y607 Тонер-картридж желтый (15000 стр.);CLT-Y607S;Y607
http://rashodnika.net/SgMLT-K607S.html;Samsung K607 Тонер-картридж черный (20000стр.);MLT-K607S;K607
http://rashodnika.net/SgMLT-R607K.html;Samsung Блок фотобарабана;MLT-R607K;R607
http://rashodnika.net/8_1_1_49.html;Samsung C609 Тонер-картридж голубой;CLT-C609S;C609
http://rashodnika.net/8_1_1_54.html;Samsung K609 Тонер-картридж черный;CLT-K609S;K609
http://rashodnika.net/8_1_1_59.html;Samsung M609 Тонер-картридж пурпурный;CLT-M609S;M609
http://rashodnika.net/8_1_1_63.html;Samsung Ремень переноса изображения;CLT-T609;T609
http://rashodnika.net/8_1_1_70.html;Samsung Y609 Тонер-картридж желтый;CLT-Y609S;Y609
http://rashodnika.net/SgCLP-F650A.html;Samsung Блок термозакрепления в сборе (печка);CLP-F650A;F650
http://rashodnika.net/SgCLT-C659S.html;Samsung Тонер-картридж голубой;CLT-C659S;C659
http://rashodnika.net/SgCLT-K659S.html;Samsung Тонер-картридж черный;CLT-K659S;K659
http://rashodnika.net/SgCLT-M659S.html;Samsung Тонер-картридж пурпурный;CLT-M659S;M659
http://rashodnika.net/SgCLT-R659.html;Samsung Блок фотобарабана;CLT-R659;R659
http://rashodnika.net/SgCLT-W659.html;Samsung Емкость для отработанного тонера;CLT-W659;W659
http://rashodnika.net/SgCLT-Y659S.html;Samsung Тонер-картридж желтый;CLT-Y659S;Y659
http://rashodnika.net/8_1_1_21.html;Samsung Тонер-картридж голубой (2000 стр.);CLP-C660A;C660A
http://rashodnika.net/8_1_1_22.html;Samsung Тонер-картридж голубой (5000 стр.);CLP-C660B;C660B
http://rashodnika.net/8_1_1_26.html;Samsung Тонер-картридж черный (2500 стр.);CLP-K660A;K660A
http://rashodnika.net/8_1_1_27.html;Samsung Тонер-картридж черный (5500 стр.);CLP-K660B;K660B
http://rashodnika.net/8_1_1_31.html;Samsung Тонер-картридж пурпурный (2000 стр.);CLP-M660A;M660A
http://rashodnika.net/8_1_1_32.html;Samsung Тонер-картридж пурпурный (5000 стр.);CLP-M660B;M660B
http://rashodnika.net/8_1_1_37.html;Samsung Узел ремня переноса в сборе;CLP-T660B;T660
http://rashodnika.net/8_1_1_43.html;Samsung Тонер-картридж желтый (2000 стр.);CLP-Y660A;Y660A
http://rashodnika.net/8_1_1_44.html;Samsung Тонер-картридж желтый (5000 стр.);CLP-Y660B;Y660B
http://rashodnika.net/Samsung-MLT-D704S-SS772A.html;Samsung Тонер-картридж черный;MLT-D704S;704
http://rashodnika.net/Samsung-MLT-R704-SS825A.html;Samsung Блок фотобарабана;MLT-R704;R704
http://rashodnika.net/Samsung-MLT-K706S.html;Samsung K706 Тонер-картридж черный (45000 стр.);MLT-K706S;K706
http://rashodnika.net/Samsung-MLT-W706.html;Samsung Емкость для отработанного тонера;MLT-W706;W706
http://rashodnika.net/SgMLT-D707L.html;Samsung 707L Тонер-картридж черный;MLT-D707L;707L
http://rashodnika.net/SgMLT-R707.html;Samsung Блок фотобарабана;MLT-R707;R707
http://rashodnika.net/SgMLT-D708L.html;Samsung D708 Тонер-картридж черный (35K);MLT-D708L;708L
http://rashodnika.net/SgMLT-D708S.html;Samsung D708 Тонер-картридж черный (25K);MLT-D708S;708S
http://rashodnika.net/SgMLT-R708.html;Samsung Блок фотобарабана;MLT-R708;R708
http://rashodnika.net/SgMLT-W708.html;Samsung Емкость для отработанного тонера;MLT-W708;W708
http://rashodnika.net/SgMLT-D709S.html;Samsung D709 Картридж с черным тонером;MLT-D709S;D709
http://rashodnika.net/SgMLT-R709.html;Samsung Блок фотобарабана;MLT-R709;R709
http://rashodnika.net/SgMLT-W709.html;Samsung Емкость для отработанного тонера;MLT-W709;W709
http://rashodnika.net/Samsung-CLT-C804S-SS549A.html;Samsung Тонер-картридж голубой;CLT-C804S;C804
http://rashodnika.net/Samsung-CLT-K804S-SS589A.html;Samsung K804 Тонер-картридж черный;CLT-K804S;K804
http://rashodnika.net/Samsung-CLT-M804S-SS631A.html;Samsung Тонер-картридж пурпурный;CLT-M804S;M804
http://rashodnika.net/Samsung-CLT-R804-SS673A.html;Samsung Блок фотобарабана черный;CLT-R804;R804
http://rashodnika.net/Samsung-CLT-Y804S-SS724A.html;Samsung Тонер-картридж желтый;CLT-Y804S;Y804
http://rashodnika.net/Samsung-CLT-C806S.html;Samsung C806 Тонер-картридж голубой;CLT-C806S;C806S
http://rashodnika.net/Samsung-CLT-K806S.html;Samsung K806 Тонер-картридж черный;CLT-K806S;K806S
http://rashodnika.net/Samsung-CLT-M806S.html;Samsung M806 Тонер-картридж пурпурный;CLT-M806S;M806S
http://rashodnika.net/Samsung-CLT-Y806S.html;Samsung Y806 Тонер-картридж желтый;CLT-Y806S;Y806S
http://rashodnika.net/SgCLT-C808S.html;Samsung Тонер-картридж голубой;CLT-C808S;C808
http://rashodnika.net/SgCLT-K808S.html;Samsung K808 Тонер-картридж черный;CLT-K808S;K808
http://rashodnika.net/SgCLT-M808S.html;Samsung Тонер-картридж пурпурный;CLT-M808S;M808
http://rashodnika.net/SgCLT-R808.html;Samsung Блок фотобарабана /CMYK/;CLT-R808;R808
http://rashodnika.net/SgCLT-W808.html;Samsung Емкость для отработанного тонера;CLT-W808;W808
http://rashodnika.net/SgCLT-Y808S.html;Samsung Тонер-картридж желтый;CLT-Y808S;Y808
http://rashodnika.net/SgCLT-C809S.html;Samsung C809 Тонер-картридж голубой;CLT-C809S;C809
http://rashodnika.net/SgCLT-K809S.html;Samsung K809 Тонер-картридж черный;CLT-K809S;K809
http://rashodnika.net/SgCLT-M809S.html;Samsung M809 Тонер-картридж пурпурный;CLT-M809S;M809
http://rashodnika.net/SgCLT-R809.html;Samsung Блок фотобарабана;CLT-R809;R809
http://rashodnika.net/SgCLT-W809.html;Samsung Емкость для отработанного тонера;CLT-W809;W809
http://rashodnika.net/SgCLT-Y809S.html;Samsung Y809 Тонер-картридж желтый;CLT-Y809S;Y809
http://rashodnika.net/8_1_1_108.html;Samsung Тонер-картридж черный;ML-C810;810
http://rashodnika.net/8_1_1_81.html;Samsung Блок фотобарабана голубой;CLX-R838XC;R838XC
http://rashodnika.net/8_1_1_82.html;Samsung Блок фотобарабана черный;CLX-R838XK;R838XK
http://rashodnika.net/8_1_1_83.html;Samsung Блок фотобарабана пурпурный;CLX-R838XM;R838XM
http://rashodnika.net/8_1_1_84.html;Samsung Блок фотобарабана желтый;CLX-R838XY;R838XY
http://rashodnika.net/8_1_1_116.html;Samsung 1043 Тонер-картридж черный;MLT-D1043S;1043
http://rashodnika.net/8_1_1_88.html;Samsung Тонер-картридж черный;ML-1210D3;1210
http://rashodnika.net/8_1_1_89.html;Samsung Тонер-картридж черный;ML-1520D3;1520
http://rashodnika.net/8_1_1_90.html;Samsung Тонер-картридж черный;ML-1610D2;1610
http://rashodnika.net/8_1_1_109.html;Samsung Тонер-картридж черный;ML-D1630A;1630
http://rashodnika.net/8_1_1_91.html;Samsung Тонер-картридж черный;ML-1650D8;1650
http://rashodnika.net/8_1_1_92.html;Samsung Тонер-картридж черный;ML-1710D3;1710
http://rashodnika.net/8_1_1_93.html;Samsung Тонер-картридж черный;ML-2010D3;2010
http://rashodnika.net/8_1_1_94.html;Samsung Тонер-картридж черный;ML-2150D8;2150
http://rashodnika.net/8_1_1_95.html;Samsung Тонер-картридж черный;ML-2250D5;2250
http://rashodnika.net/8_1_1_96.html;Samsung Тонер-картридж черный;ML-2550DA;2550
http://rashodnika.net/8_1_1_110.html;Samsung Тонер-картридж черный;ML-D2850A;2850A
http://rashodnika.net/8_1_1_111.html;Samsung Тонер-картридж черный увеличенной емкости;ML-D2850B;2850B
http://rashodnika.net/8_1_1_112.html;Samsung Тонер-картридж черный (4000 стр.);ML-D3050A;3050
http://rashodnika.net/8_1_1_113.html;Samsung Тонер-картридж (8000 стр.);ML-D3050B;3050
http://rashodnika.net/8_1_1_114.html;Samsung Тонер-картридж черный;ML-D3470A;3470A
http://rashodnika.net/8_1_1_115.html;Samsung Тонер-картридж черный увеличенного объёма;ML-D3470B;3470B
http://rashodnika.net/8_1_1_97.html;Samsung Тонер-картридж черный;ML-3550DF;3550
http://rashodnika.net/8_1_1_99.html;Samsung Картридж черный (12000 стр.);ML-3560DB;3560DB
http://rashodnika.net/8_1_1_133.html;Samsung Тонер-картридж черный;SCX-4100D3;4100
http://rashodnika.net/8_1_1_143.html;Samsung Тонер-картридж черный;SCX-D4200A;4200
http://rashodnika.net/8_1_1_134.html;Samsung Тонер-картридж черный;SCX-4216D3;4216
http://rashodnika.net/SgSCX-P4216A.html;Samsung Двойная упаковка тонер-картриджа SCX-4216D3;SCX-P4216A;4216 twin
http://rashodnika.net/8_1_1_100.html;Samsung Тонер-картридж черный;ML-4500D3;4500
http://rashodnika.net/8_1_1_135.html;Samsung Тонер-картридж черный;SCX-4521D3;4521
http://rashodnika.net/SgSCX-P4521A.html;Samsung Двойная упаковка тонер-картриджа SCX-4521D3;SCX-P4521A;4521 twin
http://rashodnika.net/8_1_1_101.html;Samsung Тонер-картридж (10000 стр.);ML-D4550A;4550A
http://rashodnika.net/8_1_1_102.html;Samsung Тонер-картридж (20000 стр.);ML-D4550B;4550B
http://rashodnika.net/8_1_1_144.html;Samsung Тонер-картридж черный;SCX-D4725A;4725
http://rashodnika.net/8_1_1_103.html;Samsung Тонер-картридж черный;ML-5000D5;5000
http://rashodnika.net/8_1_1_151.html;Samsung Тонер-картридж черный;SF-5100D3;5100
http://rashodnika.net/8_1_1_139.html;Samsung Блок фотобарабана;SCX-5312R2;5312R
http://rashodnika.net/8_1_1_140.html;Samsung Блок фотобарабана;SCX-5315R2;5315R
http://rashodnika.net/8_1_1_145.html;Samsung Тонер-картридж черный;SCX-D5530A;5530A
http://rashodnika.net/8_1_1_146.html;Samsung Тонер-картридж черный;SCX-D5530B;5530B
http://rashodnika.net/8_1_1_152.html;Samsung Тонер-картридж черный;SF-5556DRTD;5556
http://rashodnika.net/8_1_1_153.html;Samsung Тонер-картридж черный;SF-5800D5;5800
http://rashodnika.net/8_1_1_104.html;Samsung Тонер-картридж черный;ML-6000D6;6000
http://rashodnika.net/8_1_1_105.html;Samsung Тонер-картридж черный;ML-6060D6;6060
http://rashodnika.net/8_1_1_154.html;Samsung Тонер-картридж черный;SF-6061DRTD;6061
http://rashodnika.net/8_1_1_141.html;Samsung Тонер-картридж черный;SCX-6320D8;6320
http://rashodnika.net/8_1_1_142.html;Samsung Блок формирования изображения;SCX-6320R2;6320R
http://rashodnika.net/SgSCX-P6320A.html;Samsung Двойная упаковка тонер-картриджа SCX-6320D8;SCX-P6320A;6320 twin
http://rashodnika.net/8_1_1_147.html;Samsung Тонер-картридж черный;SCX-D6345A;D6345
http://rashodnika.net/8_1_1_149.html;Samsung Блок фотобарабана;SCX-R6345A;R6345
http://rashodnika.net/8_1_1_155.html;Samsung Тонер-картридж черный;SF-6500R6;6500
http://rashodnika.net/8_1_1_148.html;Samsung Тонер-картридж черный;SCX-D6555A;D6555
http://rashodnika.net/8_1_1_150.html;Samsung Блок формирования изображения;SCX-R6555A;R6555
http://rashodnika.net/8_1_1_156.html;Samsung Тонер-картридж черный;SF-6800D6;6800
http://rashodnika.net/8_1_1_106.html;Samsung Тонер-картридж черный;ML-7000D8;7000
http://rashodnika.net/8_1_1_157.html;Samsung Тонер-картридж черный;SF-7020R7;7020
http://rashodnika.net/8_1_1_107.html;Samsung Тонер-картридж черный;ML-7300DA;7300
http://rashodnika.net/8_1_1_71.html;Samsung Тонер-картридж голубой;CLX-C8380A;C8380
http://rashodnika.net/8_1_1_73.html;Samsung Тонер-картридж черный;CLX-K8380A;K8380
http://rashodnika.net/8_1_1_75.html;Samsung Тонер-картридж пурпурный;CLX-M8380A;M8380
http://rashodnika.net/8_1_1_85.html;Samsung Емкость для отработанного тонера;CLX-W8380A;W8380
http://rashodnika.net/8_1_1_86.html;Samsung Тонер-картридж желтый;CLX-Y8380A;Y8380
http://rashodnika.net/8_1_1_72.html;Samsung Тонер-картридж голубой;CLX-C8385A;C8385
http://rashodnika.net/8_1_1_74.html;Samsung Тонер-картридж черный;CLX-K8385A;K8385
http://rashodnika.net/8_1_1_76.html;Samsung Тонер-картридж пурпурный;CLX-M8385A;M8385
http://rashodnika.net/8_1_1_77.html;Samsung Блок фотобарабана голубой;CLX-R8385C;R8385C
http://rashodnika.net/8_1_1_78.html;Samsung Блок фотобарабана черный;CLX-R8385K;R8385K
http://rashodnika.net/8_1_1_79.html;Samsung Блок фотобарабана пурпурный;CLX-R8385M;R8385M
http://rashodnika.net/8_1_1_80.html;Samsung Блок фотобарабана желтый;CLX-R8385Y;R8385Y
http://rashodnika.net/8_1_1_87.html;Samsung Тонер-картридж желтый;CLX-Y8385A;Y8385
http://rashodnika.net/8_1_1_98.html;Samsung Картридж черный (6000 стр.);ML-3560D6;3560D6
http://rashodnika.net/8_1_1_136.html;Samsung Тонер-картридж черный;SCX-4720D3;4720D3
http://rashodnika.net/8_1_1_137.html;Samsung Тонер-картридж черный повышенной емкости;SCX-4720D5;4720D5
http://rashodnika.net/8_1_1_138.html;Samsung Тонер-картридж черный;SCX-5312D6;5312D6
http://rashodnika.net/SgJC96-03891A.html;Samsung Печка в сборе 220v;JC96-03891A;
