http://rashodnika.net/ShAJ-H10B.html;SHARP Черная печатающая головка;AJ-H10B
http://rashodnika.net/ShAJ-H10C.html;SHARP Цветная печатающая головка;AJ-H10C
http://rashodnika.net/ShAJ-T10BR.html;SHARP Картридж с черными чернилами;AJ-T10BR
http://rashodnika.net/ShAJ-T10C.html;SHARP Картридж с голубыми чернилами;AJ-T10C
http://rashodnika.net/ShAJ-T10M.html;SHARP Картридж с пурпурными чернилами;AJ-T10M
http://rashodnika.net/ShAJ-T10Y.html;SHARP Картридж с желтыми чернилами;AJ-T10Y
http://rashodnika.net/sharp-aj-h20b.html;SHARP Черная  печатающая головка;AJ-H20B
http://rashodnika.net/sharp-aj-h20c.html;SHARP Цветная печатающая головка;AJ-H20C
http://rashodnika.net/ShAJ-T20B.html;SHARP Картридж с черными чернилами;AJ-T20B
http://rashodnika.net/ShAJ-T20C.html;SHARP Картридж с голубыми чернилами;AJ-T20C
http://rashodnika.net/ShAJ-T20M.html;SHARP Картридж с пурпурными чернилами;AJ-T20M
http://rashodnika.net/ShAJ-T20Y.html;SHARP Картридж с желтыми чернилами;AJ-T20Y
http://rashodnika.net/sharp-aj-h21p.html;SHARP Фото печатающая головка;AJ-H21P
http://rashodnika.net/sharp-aj-t21b.html;SHARP Картридж с фото черными чернилами;AJ-T21B
http://rashodnika.net/sharp-aj-t21lc.html;SHARP Картридж с фото голубыми чернилами;AJ-T21LC
http://rashodnika.net/sharp-aj-t21lm.html;SHARP Картридж с фото пурпурными чернилами;AJ-T21LM
http://rashodnika.net/ShFO-21BC.html;SHARP Картридж с черными чернилами;FO-21BC
http://rashodnika.net/sharp-ux-22bc.html;SHARP Картридж с черными чернилами;UX-22BC
http://rashodnika.net/ShFO-25CC.html;SHARP Картридж с цветными чернилами;FO-25CC
http://rashodnika.net/ShUX-27CC.html;SHARP Картридж с цветными чернилами;UX-27CC
http://rashodnika.net/sharp-ux-c35b.html;SHARP Картридж с черными чернилами;UX-C35B
http://rashodnika.net/ShFO-40CG.html;SHARP Картридж с черными чернилами;FO-40CG
http://rashodnika.net/ShAJ-C50B.html;SHARP Картридж с черными чернилами;AJ-C50B
http://rashodnika.net/ShAJ-C50C.html;SHARP Картридж с цветными чернилами;AJ-C50C
http://rashodnika.net/sharp-fo-c60b.html;SHARP Картридж с черными чернилами;FO-C60B
http://rashodnika.net/ShUXC70B.html;SHARP Картридж с черными чернилами;UX-C70B
http://rashodnika.net/ShUX-C80B.html;SHARP Картридж с черными чернилами;UX-C80B
