http://rashodnika.net/ShUX3CR.html;SHARP Термопленка для факса;UX-3CR
http://rashodnika.net/ShUX5CR.html;SHARP Термопленка для факса;UX-5CR
http://rashodnika.net/ShUX6CR.html;SHARP (FO-6CR) Термопленка для факса;UX-6CR
http://rashodnika.net/ShUX-9CR.html;SHARP Термопленка для факса;UX-9CR
http://rashodnika.net/sharp-ux-10cr.html;SHARP Термопленка для факса;UX-10CR
http://rashodnika.net/sharp-fo-15cr.html;SHARP Термопленка для факса;FO-15CR
http://rashodnika.net/ShUX15CR.html;SHARP (FO-15CR) Термопленка для факса;UX-15CR
http://rashodnika.net/ShFO16CR.html;SHARP Термопленка для факса;FO-16CR
http://rashodnika.net/sharp-fo-20pr.html;SHARP Термобумага для факса;FO-20PR
http://rashodnika.net/sharp-ux-31cr.html;SHARP Термопленка для факса;UX-31CR
http://rashodnika.net/sharp-ux-32cr.html;SHARP Термопленка для факса, 2 рулона;UX-32CR
http://rashodnika.net/ShUX71CR.html;SHARP Термопленка для факса;UX-71CR
http://rashodnika.net/sharp-ux-72cr.html;SHARP Термопленка для факса, 2 рулона.;UX-72CR
http://rashodnika.net/sharp-ux-91cr.html;SHARP Термопленка для факса;UX-91CR
http://rashodnika.net/sharp-ux-92cr.html;SHARP Термопленка для факса, 2 рулона.;UX-92CR
http://rashodnika.net/sharp-ux-93cr.html;SHARP Термопленка для факса, 3 рулона.;UX-93CR
