http://rashodnika.net/ShARSC1.html;SHARP Картридж со скрепками;AR-SC1;
http://rashodnika.net/ShARSV1.html;SHARP Модуль штампа;AR-SV1;
http://rashodnika.net/ShMXSCX1.html;SHARP Картридж со скобами;MX-SCX1;
http://rashodnika.net/ShARSC2.html;SHARP Картридж со скрепками;AR-SC2;
http://rashodnika.net/ShMX-SCX2.html;SHARP Картридж со скобами;MX-SCX2;
http://rashodnika.net/ShARSC3.html;SHARP Картридж со скрепками;AR-SC3;
http://rashodnika.net/ShMX-SCX3.html;SHARP Картридж со скобами;MX-SCX3;
http://rashodnika.net/ShMX-SCX4.html;SHARP Картридж со скобами;MX-SCX4;
http://rashodnika.net/ShMX-SC10.html;SHARP Картридж со скрепками;MX-SC10;
http://rashodnika.net/sharp-mx-sc11.html;SHARP Картридж со скрепками;MX-SC11;
http://rashodnika.net/ShSFSC11.html;SHARP Картридж со скрепками;SF-SC11;
http://rashodnika.net/sharp-mx-sc12.html;SHARP Картридж со скрепками;MX-SC12;
http://rashodnika.net/sharp-sf-sc12.html;SHARP Картридж со скрепками;SF-SC12;SF-LS12
http://rashodnika.net/sharp-ar-015dr.html;SHARP Фотобарабан;AR-015DR;
http://rashodnika.net/ShAR016RT.html;SHARP Набор для перезаправки;AR-016RT;
http://rashodnika.net/ShAR016T.html;SHARP Тонер-картридж черный;AR-016T;AR-016LT
http://rashodnika.net/ShAR020T.html;SHARP Тонер-картридж черный;AR-020T;AR-020LT
http://rashodnika.net/sharp-bpgt20ba.html;SHARP Тонер-картридж черный 18K;BPGT20BA;
http://rashodnika.net/sharp-bpgt20bb.html;SHARP Тонер-картридж черный 9K;BPGT20BB;
http://rashodnika.net/sharp-bpgt20ca.html;SHARP Тонер-картридж голубой 10K;BPGT20CA;
http://rashodnika.net/sharp-bpgt20cb.html;SHARP Тонер-картридж голубой 5K;BPGT20CB;
http://rashodnika.net/sharp-bpgt20ma.html;SHARP Тонер-картридж пурпурный 10K;BPGT20MA;
http://rashodnika.net/sharp-bpgt20mb.html;SHARP Тонер-картридж пурпурный 5K;BPGT20MB;
http://rashodnika.net/sharp-bpgt20ya.html;SHARP Тонер-картридж желтый 10K;BPGT20YA;
http://rashodnika.net/sharp-bpgt20yb.html;SHARP Тонер-картридж желтый 5K;BPGT20YB;
http://rashodnika.net/sharp-sd-sc20.html;SHARP Картридж со скрепками;SD-CS20;SD-LS20
http://rashodnika.net/ShZT20DR.html;SHARP Блок фотобарабана в сборе;ZT20DR;
http://rashodnika.net/ShUX-21DR.html;SHARP Фотобарабан;UX-21DR;
http://rashodnika.net/ShUX-21ND.html;SHARP Девелопер черный;UX-21ND;
http://rashodnika.net/ShUX-21NT.html;SHARP Тонер-картридж черный;UX-21NT;
http://rashodnika.net/ShMX23GTBA.html;SHARP Тонер-картридж черный;MX-23GTBA;MX-23NTBA
http://rashodnika.net/ShMX23GTCA.html;SHARP Тонер-картридж голубой;MX-23GTCA;MX-23NTCA
http://rashodnika.net/ShMX23GTMA.html;SHARP Тонер-картридж пурпурный;MX-23GTMA;MX-23NTMA
http://rashodnika.net/ShMX23GTYA.html;SHARP Тонер-картридж желтый;MX-23GTYA;MX-23NTYA
http://rashodnika.net/sharp-ar-c25fu.html;SHARP Узел термозакрепления;AR-C25FU;
http://rashodnika.net/ShFO-25DR.html;SHARP Фотобарабан-картридж;FO-25DR;
http://rashodnika.net/ShFO-25ND.html;SHARP Тонер-картридж черный;FO-25ND;FO-25DC
http://rashodnika.net/ShARC26DMN.html;SHARP Фотобарабан;AR-C26DMN;
http://rashodnika.net/ShARC26DUN.html;SHARP Драм-картридж;AR-C26DUN;
http://rashodnika.net/ShARC26FL.html;SHARP Набор фильтров;AR-C26FL;
http://rashodnika.net/ShARC26FU.html;SHARP Узел термозакрепления;AR-C26FU;
http://rashodnika.net/ShARC26HB.html;SHARP Контейнер для отработанного тонера;AR-C26HB;
http://rashodnika.net/ShARC26LH.html;SHARP Нижний термовал (комплект);AR-C26LH;
http://rashodnika.net/ShARC26MKE.html;SHARP Главный коротрон;AR-C26MKE;AR-C26MK
http://rashodnika.net/sharp-ar-26tbe.html;SHARP Тонер картридж черный;AR-C26TBE;AR-C26TBU
http://rashodnika.net/ShARC26TBN.html;SHARP Тонер картридж черный;AR-C26TBN;
http://rashodnika.net/ShARC26TCE.html;SHARP Тонер картридж голубой;AR-C26TCE;AR-C26TCU
http://rashodnika.net/ShARC26TME.html;SHARP Тонер картридж пурпурный;AR-C26TME;AR-C26TMU
http://rashodnika.net/ShARC26TT.html;SHARP Комплект ремня переноса;AR-C26TT;
http://rashodnika.net/ShARC26TU.html;SHARP Узел переноса;AR-C26TU;
http://rashodnika.net/ShARC26TX.html;SHARP Вал переноса изображения;AR-C26TX;
http://rashodnika.net/ShARC26TYE.html;SHARP Тонер картридж желтый;AR-C26TYE;AR-C26TYU
http://rashodnika.net/ShARC26UH.html;SHARP Комплект верхнего термовала;AR-C26UH;
http://rashodnika.net/ShFO-26ND.html;SHARP Тонер-картридж черный;FO-26DC;FO-26ND
http://rashodnika.net/ShFO-26DR.html;SHARP Блок фотобарабана;FO-26DR;
http://rashodnika.net/sharp-cdrm-0002rs7j.html;SHARP Узел барабана (в сборе) без фотобарабана;CDRM-0002RS7J;
http://rashodnika.net/ShMX27GRSA.html;SHARP Фотобарабан;MX-27GRSA;MX-27NRSA
http://rashodnika.net/ShMX27GTBA.html;SHARP Тонер-картридж черный;MX-27GTBA;MX-27NTBA
http://rashodnika.net/ShMX27GTCA.html;SHARP Тонер-картридж голубой;MX-27GTCA;MX-27NTCA
http://rashodnika.net/ShMX27GTMA.html;SHARP Тонер-картридж пурпурный;MX-27GTMA;MX-27NTMA
http://rashodnika.net/ShMX27GTYA.html;SHARP Тонер-картридж желтый;MX-27GTYA;MX-27NTYA
http://rashodnika.net/ShMX27GUSA.html;SHARP Блок фотобарабана в сборе;MX-27GUSA;MX-27NUSA
http://rashodnika.net/ShMX27GVBA.html;SHARP Девелопер черный;MX-27GVBA;MX-27NVBA
http://rashodnika.net/ShMX27GVSA.html;SHARP Комплект цветных девелоперов (CMY);MX-27GVSA;MX-27NVSA
http://rashodnika.net/ShFO-28DR.html;SHARP Блок фотобарабана;FO-28DR;
http://rashodnika.net/ShFO-28ND.html;SHARP Тонер-картридж черный;FO-28ND;
http://rashodnika.net/ShFO-29DR.html;SHARP Блок фотобарабана;FO-29DR;
http://rashodnika.net/ShFO-29ND.html;SHARP Тонер-картридж черный;FO-29ND;FO-29DC
http://rashodnika.net/ShAM30DC.html;SHARP Тонер-картридж черный;AM-30DC;
http://rashodnika.net/ShMX-C30DR.html;SHARP Драм-картридж;MX-C30DR;
http://rashodnika.net/sharp-mx-c30fu.html;SHARP Узел термозакрепления;MX-C30FU;
http://rashodnika.net/ShMX-C30GTB.html;SHARP Тонер-картридж черный;MX-C30GTB;MX-C30NTB
http://rashodnika.net/ShMX-C30GTC.html;SHARP Тонер-картридж голубой;MX-C30GTC;MX-C30NTC
http://rashodnika.net/ShMX-C30GTM.html;SHARP Тонер-картридж пурпурный;MX-C30GTM;MX-C30NTM
http://rashodnika.net/ShMX-C30GTY.html;SHARP Тонер-картридж желтый;MX-C30GTY;MX-C30NTY
http://rashodnika.net/ShMX-C30GVB.html;SHARP Девелопер-картридж черный;MX-C30GVB;MX-C30NVB
http://rashodnika.net/ShMX-C30GVC.html;SHARP Девелопер-картридж голубой;MX-C30GVC;MX-C30NVC
http://rashodnika.net/ShMX-C30GVM.html;SHARP Девелопер-картридж пурпурный;MX-C30GVM;MX-C30NVM
http://rashodnika.net/ShMX-C30GVY.html;SHARP Девелопер-картридж желтый;MX-C30GVY;MX-C30NVY
http://rashodnika.net/sharp-mx-c30hb.html;SHARP Емкость для отработанного тонера;MX-C30HB;
http://rashodnika.net/ShUX-30TD.html;SHARP Тонер картридж черный;UX-30TD;
http://rashodnika.net/ShZT30DR.html;SHARP Барабан-картридж;ZT30DR;
http://rashodnika.net/ShMX31GRSA.html;SHARP Фотобарабан;MX-31GRSA;MX-31NRSA
http://rashodnika.net/ShMX31GTBA.html;SHARP Тонер-картридж черный;MX-31GTBA;MX-31NTBA
http://rashodnika.net/ShMX31GTCA.html;SHARP Тонер-картридж голубой;MX-31GTCA;MX-31NTCA
http://rashodnika.net/ShMX31GTMA.html;SHARP Тонер-картридж пурпурный;MX-31GTMA;MX-31NTMA
http://rashodnika.net/ShMX31GTYA.html;SHARP Тонер-картридж желтый;MX-31GTYA;MX-31NTYA
http://rashodnika.net/ShMX31GUSA.html;SHARP Блок фотобарабана в сборе;MX-31GUSA;MX-31NUSA
http://rashodnika.net/ShMX31GVBA.html;SHARP Девелопер черный;MX-31GVBA;MX-31NVBA
http://rashodnika.net/ShMX31GVSA.html;SHARP Комплект цветных девелоперов (C/M/Y);MX-31GVSA;MX-31NVSA
http://rashodnika.net/sharp-mx-c31df.html;SHARP DF roller kit;MX-C31DF;
http://rashodnika.net/ShMXC31FL.html;SHARP Комплект фильтра;MX-C31FL;
http://rashodnika.net/sharp-mx-c31fu.html;SHARP Узел термозакрепления;MX-C32FU;MX-C31FU
http://rashodnika.net/sharp-mx-c31hb.html;SHARP Емкость для отработанного тонера;MX-C31HB;
http://rashodnika.net/sharp-mx-c32hk.html;SHARP Комплект термороликов;MX-C32HK;MX-C31HK
http://rashodnika.net/sharp-mx-c31mr.html;SHARP MF paper feed roller kit;MX-C31MR;
http://rashodnika.net/sharp-mx-c31rt.html;SHARP FT Roller Kit;MX-C31RT;
http://rashodnika.net/ShFO-32TD.html;SHARP Тонер-девелопер картридж;FO-32TD;
http://rashodnika.net/ShFO-33DR.html;SHARP Драм-картридж;FO-33DR;
http://rashodnika.net/ShFO-33ND.html;SHARP Девелопера блок;FO-33ND;
http://rashodnika.net/ShFO-33NT.html;SHARP Тонер-картридж черный;FO-33NT;
http://rashodnika.net/sharp-mx-c33fu.html;SHARP Узел термозакрепления;MX-C33FU;
http://rashodnika.net/ShFO-34DR.html;SHARP Фотобарабан-картридж;FO-34DR;
http://rashodnika.net/ShFO-34ND.html;SHARP Тонер-девелопер картридж;FO-34ND;
http://rashodnika.net/ShFO-35DR.html;SHARP Фотобарабан-картридж;FO-35DR;
http://rashodnika.net/ShFO-35ND.html;SHARP Девелопер картридж;FO-35ND;
http://rashodnika.net/ShFO-35TD.html;SHARP Тонер-девелопер картридж;FO-35TD;
http://rashodnika.net/ShFO-35TK.html;SHARP Тонера комплект;FO-35TK;
http://rashodnika.net/sharp-mx-b35fk.html;SHARP Комплект фильтра;MX-B35FK;
http://rashodnika.net/sharp-mx-b35fu.html;SHARP Термоблок в сборе;MX-B35FU;
http://rashodnika.net/sharp-mx-b35gt.html;SHARP Тонер-картридж черный 12K;MX-B35GT;
http://rashodnika.net/sharp-mx-b45du.html;SHARP Блок фотобарабана;MX-B45DU;MX-B35DU
http://rashodnika.net/ShMX36GRSA.html;SHARP Фотобарабан;MX-36GRSA;MX-36NRSA
http://rashodnika.net/ShMX36GTBA.html;SHARP Тонер-картридж черный;MX-36GTBA;MX-36NTBA
http://rashodnika.net/ShMX36GTCA.html;SHARP Тонер-картридж голубой;MX-36GTCA;MX-36NTCA
http://rashodnika.net/ShMX36GTMA.html;SHARP Тонер-картридж пурпурный;MX-36GTMA;MX-36NTMA
http://rashodnika.net/ShMX36GTYA.html;SHARP Тонер-картридж желтый;MX-36GTYA;MX-36NTYA
http://rashodnika.net/ShMX36GUSA.html;SHARP Блок фотобарабана в сборе;MX-36GUSA;MX-36NUSA
http://rashodnika.net/ShMX36GVBA.html;SHARP Девелопер черный;MX-36GVBA;MX-36NVBA
http://rashodnika.net/ShMX36GVSA.html;SHARP Комплект цветных девелоперов (CMY);MX-36GVSA;MX-36NVSA
http://rashodnika.net/ShUX-36DR.html;SHARP Драм-картридж;UX-36DR;
http://rashodnika.net/ShUX-36ND.html;SHARP Тонер-девелопер картридж;UX-36ND;
http://rashodnika.net/sharp-mx-c38gtb.html;SHARP Тонер-картридж черный;MX-C38GTB;
http://rashodnika.net/sharp-mx-40gusa.html;SHARP Блок фотобарабана в сборе;MX-40GUSA;MX-40NUSA
http://rashodnika.net/sharp-mx-b38hb.html;SHARP Контейнер отработанного тонера;MX-B38HB;MX-B40HB
http://rashodnika.net/sharp-mx-c38grb.html;SHARP Блок фотобарабана черный;MX-C38GRB;MX-C40NRB
http://rashodnika.net/sharp-mx-c38grs.html;SHARP Блок фотобарабана цветной CMY;MX-C38GRS;MX-C40NRS
http://rashodnika.net/sharp-mx-c38gtc.html;SHARP Тонер-картридж голубой;MX-C38GTC;MX-C40NTC
http://rashodnika.net/sharp-mx-c38gtm.html;SHARP Тонер-картридж пурпурный;MX-C38GTM;MX-C40NTM
http://rashodnika.net/sharp-mx-c38gty.html;SHARP Тонер-картридж желтый;MX-C38GTY;MX-C40NTY
http://rashodnika.net/sharp-mx-c38gvb.html;SHARP Девелопер-картридж черный;MX-C38GVB;MX-C40NVB
http://rashodnika.net/sharp-mx-c38gvc.html;SHARP Девелопер-картридж голубой;MX-C38GVC;MX-C40NVC
http://rashodnika.net/sharp-mx-c38gvm.html;SHARP Девелопер-картридж пурпурный;MX-C38GVM;MX-C40NVM
http://rashodnika.net/sharp-mx-c38gvy.html;SHARP Девелопер-картридж желтый;MX-C38GVY;MX-C40NVY
http://rashodnika.net/sharp-fo-42dc.html;SHARP Тонер-картридж черный;FO-42DC;
http://rashodnika.net/sharp-mx-b42cl.html;SHARP Комплект очистки;MX-B42CL;
http://rashodnika.net/sharp-mx-b42fl.html;SHARP Озоновый фильтр;MX-B42FL;
http://rashodnika.net/sharp-mx-b42hk.html;SHARP Комплект терморолика;MX-B42HK;
http://rashodnika.net/ShFO-45DR.html;SHARP Фотобарабан-картридж;FO-45DR;
http://rashodnika.net/ShFO-45ND.html;SHARP Тонер-картридж черный;FO-45ND;
http://rashodnika.net/ShMX45GTBA.html;SHARP Тонер-картридж черный;MX-45GTBA;MX-45NTBA
http://rashodnika.net/sharp-mx-b45gt.html;SHARP Тонер-картридж черный 30K;MX-B45GT;
http://rashodnika.net/sharp-mx-b45gv.html;SHARP Девелопер черный;MX-B45GV;
http://rashodnika.net/ShFO-47DR.html;SHARP Фотобарабан-картридж;FO-47DR;
http://rashodnika.net/ShFO-47ND.html;SHARP Тонер-девелопер картридж;FO-47ND;FO-47DC
http://rashodnika.net/ShFO-48DR.html;SHARP Фотобарабан-картридж;FO-48DR;
http://rashodnika.net/ShFO-48ND.html;SHARP Тонер-девелопер картридж;FO-48ND;FO-48DC
http://rashodnika.net/ShFO-50ND.html;SHARP Тонер-картридж черный;FO-50ND;
http://rashodnika.net/ShMX-50GTBA.html;SHARP Тонер-картридж черный;MX-50GTBA;MX-50NTBA
http://rashodnika.net/ShUX-50DR.html;SHARP Фотобарабан-картридж;UX-50DR;
http://rashodnika.net/ShUX-50ND.html;SHARP Тонер картридж черный;UX-50ND;
http://rashodnika.net/ShZT50DR.html;SHARP Блок фотобарабана в сборе;ZT50DR;
http://rashodnika.net/ShMX-51GTBA.html;SHARP Тонер-картридж черный;MX-51GTBA;MX-51NTBA
http://rashodnika.net/ShMX-51GTCA.html;SHARP Тонер-картридж голубой;MX-51GTCA;MX-51NTCA
http://rashodnika.net/ShMX-51GTMA.html;SHARP Тонер-картридж пурпурный;MX-51GTMA;MX-51NTMA
http://rashodnika.net/ShMX-51GTYA.html;SHARP Тонер-картридж желтый;MX-51GTYA;MX-51NTYA
http://rashodnika.net/ShMX-51GUSA.html;SHARP Блок фотобарабана в сборе;MX-51GUSA;MX-51NUSA
http://rashodnika.net/ShMX-51GVBA.html;SHARP Девелопер черный;MX-51GVBA;MX-51NVBA
http://rashodnika.net/ShMX51GVSA.html;SHARP Девелопер цветной;MX-51GVSA;MX-51NVSA
http://rashodnika.net/ShSFSC51.html;SHARP Картридж со скрепками;SF-SC51;
http://rashodnika.net/ShFO-52DR.html;SHARP Фотобарабан-картридж;FO-52DR;
http://rashodnika.net/ShFO-52ND.html;SHARP Девелопер-картридж;FO-52ND;
http://rashodnika.net/ShFO-52NT.html;SHARP Тонер-картридж черный;FO-52NT;FO-52TC
http://rashodnika.net/ShFO-55DR.html;SHARP Фотобарабан-картридж;FO-55DR;
http://rashodnika.net/ShFO-55ND.html;SHARP Тонер-картридж черный;FO-55ND;
http://rashodnika.net/ShFO-56ND.html;SHARP Тонер-картридж черный;FO-56ND;
http://rashodnika.net/sharp-mx-60grsa.html;SHARP Фотобарабан;MX-60GRSA;MX-60NRSA
http://rashodnika.net/Sharp-MX-60GTBA.html;SHARP Тонер-картридж черный 40K;MX-61GTBA;MX-60NTBA
http://rashodnika.net/sharp-mx-60gtbb.html;SHARP Тонер-картридж черный 20K;MX-61GTBB;MX-60GTBB
http://rashodnika.net/Sharp-MX-60GTCA.html;SHARP Тонер-картридж голубой 24K;MX-61GTCA;MX-60NTCA
http://rashodnika.net/sharp-mx-60gtcb.html;SHARP Тонер-картридж голубой 12K;MX-61GTCB;MX-60GTCB
http://rashodnika.net/Sharp-MX-60GTMA.html;SHARP Тонер-картридж пурпурный 24K;MX-61GTMA;MX-60NTMA
http://rashodnika.net/sharp-mx-60gtmb.html;SHARP Тонер-картридж пурпурный 12K;MX-61GTMB;MX-60GTMB
http://rashodnika.net/Sharp-MX-60GTYA.html;SHARP Тонер-картридж желтый 24K;MX-61GTYA;MX-60NTYA
http://rashodnika.net/sharp-mx-60gtyb.html;SHARP Тонер-картридж желтый 12K;MX-61GTYB;MX-60GTYB
http://rashodnika.net/sharp-mx-60gusa.html;SHARP Блок фотобарабана в сборе;MX-60GUSA;MX-60NUSA
http://rashodnika.net/Sharp-MX-60GVBA.html;SHARP Девелопер черный;MX-60GVBA;MX-60NVBA
http://rashodnika.net/Sharp-MX-60GVSA.html;SHARP Девелопер голубой, пурпурный, желтый;MX-60GVSA;MX-60NVSA
http://rashodnika.net/ShMX-62GRSA.html;SHARP Фотобарабан;MX-62GRSA;MX-62NRSA
http://rashodnika.net/ShMX-62GTBA.html;SHARP Тонер-картридж черный;MX-62GTBA;MX-62NTBA
http://rashodnika.net/ShMX-62GTCA.html;SHARP Тонер-картридж голубой;MX-62GTCB;MX-62GTCA
http://rashodnika.net/ShMX-62GTMA.html;SHARP Тонер-картридж пурпурный;MX-62GTMB;MX-62GTMA
http://rashodnika.net/ShMX-62GTYA.html;SHARP Тонер-картридж желтый;MX-62GTYB;MX-62GTYA
http://rashodnika.net/ShMX-62GVBA.html;SHARP Девелопер черный;MX-62GVBA;MX-62NVBA
http://rashodnika.net/ShMX-62GVSA.html;SHARP Девелопер цветной /CMY/;MX-62GVSB;MX-62GVSA
http://rashodnika.net/ShMX-70GRBA.html;SHARP Фотобарабан черный;MX-70GRBA;MX-70NRBA
http://rashodnika.net/ShMX-70GTBA.html;SHARP Тонер-картридж черный;MX-70GTBA;MX-70NTBA
http://rashodnika.net/ShMX-70GTCA.html;SHARP Тонер-картридж голубой;MX-70GTCA;MX-70NTCA
http://rashodnika.net/ShMX-70GTMA.html;SHARP Тонер-картридж пурпурный;MX-70GTMA;MX-70NTMA
http://rashodnika.net/ShMX-70GTYA.html;SHARP Тонер-картридж желтый;MX-70GTYA;MX-70NTYA
http://rashodnika.net/ShMX-70GVBA.html;SHARP Девелопер черный;MX-70GVBA;MX-70NVBA
http://rashodnika.net/ShMX-70GVSA.html;SHARP Девелопер цветной /CMY/;MX-71GVSA;MX-70NVSA
http://rashodnika.net/ShMX-71GTBA.html;SHARP Тонер-картридж черный;MX-71GTBA;MX-71NTBA
http://rashodnika.net/ShMX-71GVBA.html;SHARP Девелопер черный;MX-71GVBA;MX-71NVBA
http://rashodnika.net/ShMX-71GVSA.html;SHARP Девелопер цветной /CMY/;MX-71GVSA;MX-71NVSA
http://rashodnika.net/ShMX-75GTCA.html;SHARP Тонер-картридж голубой;MX-75GTCA;MX-75NTCA
http://rashodnika.net/ShMX-75GTMA.html;SHARP Тонер-картридж пурпурный;MX-75GTMA;MX-75NTMA
http://rashodnika.net/ShMX-75GTYA.html;SHARP Тонер-картридж желтый;MX-75GTYA;MX-75NTYA
http://rashodnika.net/ShAL80DR.html;SHARP Драм-картридж;AL-80DR;
http://rashodnika.net/ShAL80TD.html;SHARP Тонер-картридж черный;AL-80TD;
http://rashodnika.net/ShZT81DR.html;SHARP Блок фотобарабана в сборе;ZT81DR;
http://rashodnika.net/ShAM90DR.html;SHARP Драм-картридж;AM-90DR;
http://rashodnika.net/sharp-jx-92nd.html;SHARP Тонер-картридж черный;JX-92ND;JX-92TC
http://rashodnika.net/ShJX-93DC.html;SHARP Девелопер-картридж;JX-93DC;
http://rashodnika.net/ShJX-93DR.html;SHARP Фотобарабан-картридж;JX-93DR;
http://rashodnika.net/ShJX-93TC.html;SHARP Тонер-картридж черный;JX-93TC;
http://rashodnika.net/ShAL100DR.html;SHARP Драм-картридж;AL-100DR;
http://rashodnika.net/ShAL100TD.html;SHARP Тонер-картридж черный;AL-100TD;
http://rashodnika.net/ShAL103DR.html;SHARP Драм-картридж;AL-103DR;
http://rashodnika.net/ShAL103TD.html;SHARP Тонер-картридж черный;AL-103TD;AL-103T
http://rashodnika.net/ShAL110DC.html;SHARP Тонер-картридж черный;AL-110DC;
http://rashodnika.net/ShSF125T.html;SHARP Тонер-картридж черный;SF-125T;SF-125LT
http://rashodnika.net/ShAR150CB.html;SHARP Ракель с уплотнителями;AR-150CB;
http://rashodnika.net/ShAR150DC.html;SHARP Тонер-картридж черный;AR-150DC;AR-150TD
http://rashodnika.net/ShAR150DM.html;SHARP Драм-картридж;AR-150DM;AR-150DR
http://rashodnika.net/ShAR150LI.html;SHARP Набор для перезаправки тонером и девелопером;AR-150LI;AR-150MI
http://rashodnika.net/ShAR150RL.html;SHARP Фотобарабана комплект;AR-150RL;
http://rashodnika.net/ShAR150T.html;SHARP Оригинальный тонер для заправки;AR-150T;
http://rashodnika.net/sharp-ar-c15dv1.html;SHARP Девелопер черный;AR-C15DV1;AR-C15ND1
http://rashodnika.net/ShAR152DM.html;SHARP Фотобарабан;AR-152DM;AR-152DR
http://rashodnika.net/ShAR152DV.html;SHARP Девелопер черный;AR-152DV;AR-152ND
http://rashodnika.net/ShAR152RT.html;SHARP Набор для перезаправки тонером;AR-152RT;
http://rashodnika.net/ShAR152T.html;SHARP Тонер-картридж черный;AR-152T;AR-152NT
http://rashodnika.net/ShAR156RT.html;SHARP Набор для перезаправки тонером;AR-156RT;
http://rashodnika.net/ShAR156T.html;SHARP Тонер-картридж черный;AR-156T;AR-156LT
http://rashodnika.net/ShARC15ND9.html;SHARP Комплект цветных девелоперов (CMY);AR-C15DV9;AR-C15ND9
http://rashodnika.net/sharp-al-160dr.html;SHARP Драм-картридж;AL-160DR;
http://rashodnika.net/ShAR160UH.html;SHARP Тефлоновый термовал;AR-160UH;
http://rashodnika.net/sharp-al-161td.html;SHARP Тонер-картридж черный;AL-161TD;
http://rashodnika.net/ShAR168RT.html;SHARP Набор для перезаправки тонером;AR-168RT;
http://rashodnika.net/ShAR168T.html;SHARP Тонер-картридж черный;AR-168T;AR-168NT
http://rashodnika.net/ShAR200CB.html;SHARP Ракель (лезвие очистки);AR-200CB;AR-200BL
http://rashodnika.net/ShAR200DC.html;SHARP Тонер-картридж черный;AR-200DC;AR-200TD
http://rashodnika.net/ShAR200DM.html;SHARP Фотобарабан-картридж;AR-200DM;AR-200DR
http://rashodnika.net/ShAR200DV.html;SHARP Девелопер черный;AR-200DV;AR-200ND
http://rashodnika.net/ShAR200T.html;SHARP Набор для перезаправки тонером;AR-200T;AR-200NT
http://rashodnika.net/ShAR200TB.html;SHARP Бункер для отработанного тонера;AR-200TB;
http://rashodnika.net/ShMX200LH.html;SHARP Комплект нижнего терморолика;MX-200LH;
http://rashodnika.net/ShMX200UH.html;SHARP Комплект вернего терморолика;MX-200UH;
http://rashodnika.net/ShMXB20GT1.html;SHARP Тонер-картридж черный;MX-B20GT1;MX-B20NT1
http://rashodnika.net/ShMXB20GV1.html;SHARP Девелопер черный;MX-B20GV1;MX-B20NV1
http://rashodnika.net/ShZT20TD1.html;SHARP Тонер-картридж черный;ZT20TD1;
http://rashodnika.net/ShAR202DM.html;SHARP Фотовал;AR-202DM;AR-202DR
http://rashodnika.net/ShAR202DV.html;SHARP Девелопер черный;AR-202DV;AR-202ND
http://rashodnika.net/ShAR202T.html;SHARP Тонер-картридж черный;AR-202T;AR-202NT
http://rashodnika.net/ShZT20TD2.html;SHARP Тонер-картридж красный;ZT20TD2;
http://rashodnika.net/ShZT20TD3.html;SHARP Тонер-картридж синий;ZT20TD3;
http://rashodnika.net/ShAR205DM.html;SHARP Фотобарабана комплект;AR-205DM;AR-205DR
http://rashodnika.net/ShAR205DV.html;SHARP Девелопер черный;AR-205DV;AR-205ND
http://rashodnika.net/sharp-mx-206gt.html;SHARP Тонер-картридж черный;MX-206GT;MX-206NT
http://rashodnika.net/ShAR208DV.html;SHARP Девелопер черный;AR-208DV;AR-208ND
http://rashodnika.net/ShAR208T.html;SHARP Тонер-картридж черный;AR-208T;AR-208NT
http://rashodnika.net/ShAL214TD.html;SHARP Тонер-картридж черный;AL-214TD;
http://rashodnika.net/ShSF214DM.html;SHARP Блок фотобарабана в сборе;SF-214DM;SF-214DR
http://rashodnika.net/ShSF214HR.html;SHARP Набор термовалов;SF-214HR;
http://rashodnika.net/ShCFRM-0021RS5T.html;SHARP Блок фотобарабана в сборе (без барабана);CFRM-0021RS5T;
http://rashodnika.net/ShSF216DM.html;SHARP Фотобарабан + ракель;SF-216DM;SF-216DR
http://rashodnika.net/ShSF216LH.html;SHARP Комплект нижнего термовала;SF-216LH;
http://rashodnika.net/ShSF216UH.html;SHARP Комплект верхнего термовала;SF-216UH;
http://rashodnika.net/ShSF220LH.html;SHARP Комплект нижнего термовала;SF-220LH;
http://rashodnika.net/ShSF222DM.html;SHARP Фотобарабан;SF-222DM;SF-222DR
http://rashodnika.net/ShSF222KA.html;SHARP Сервисный набор;SF-222KA;
http://rashodnika.net/ShSF222KB.html;SHARP Сервисный набор;SF-222KB;
http://rashodnika.net/ShSF226DM.html;SHARP Фотобарабан + ракель;SF-226DM;SF-226DR
http://rashodnika.net/ShSF226DV.html;SHARP Девелопер черный;SF-226DV1;SF-226LD
http://rashodnika.net/ShSF226T.html;SHARP Тонер-картридж черный;SF-226T1;SF-226T
http://rashodnika.net/ShMX230CR.html;SHARP Комплект ролика очистки;MX-230CR;
http://rashodnika.net/ShMX230CU.html;SHARP Коротрон предпереноса;MX-230CU;
http://rashodnika.net/ShMX230FB.html;SHARP Комплект ленты фьюзера;MX-230FB;
http://rashodnika.net/ShMX230HB.html;SHARP Контейнер для отработанного тонера;MX-230HB;
http://rashodnika.net/ShMX230LH.html;SHARP Комплект нижнего термовала;MX-230LH;
http://rashodnika.net/ShMX230MK.html;SHARP Набор главного коротрона;MX-230MK;
http://rashodnika.net/ShMX230PD.html;SHARP Узел очистки бумажной пыли;MX-230PD;
http://rashodnika.net/ShMX230TL.html;SHARP Набор лезвия очистки ленты первичного переноса;MX-230TL;
http://rashodnika.net/ShSF230DM.html;SHARP Фотобарабан;SF-230DM;SF-230DR
http://rashodnika.net/ShSF234DM.html;SHARP Фотобарабан + ракель;SF-234DM;SF-234DR
http://rashodnika.net/ShSF234DV.html;SHARP Девелопер черный;SF-234DV;SF-234ND
http://rashodnika.net/ShSF234T.html;SHARP Тонер-картридж черный;SF-234T;SF-234NT
http://rashodnika.net/ShMX235GT.html;SHARP Тонер-картридж черный;MX-235GT;MX-235NT
http://rashodnika.net/ShMX235GV.html;SHARP Девелопер черный;MX-235GV;MX-235NV
http://rashodnika.net/ShMX235UH.html;SHARP Верхний термовал;MX-235UH;
http://rashodnika.net/ShSF235DM.html;SHARP Фотобарабан;SF-235DM;SF-235DR
http://rashodnika.net/ShSF235KA.html;SHARP Сервисный набор;SF-235KA;
http://rashodnika.net/ShSF235KB.html;SHARP Сервисный набор;SF-235KB;
http://rashodnika.net/ShMX237GT.html;SHARP Тонер-картридж черный;MX-237GT;MX-237NT
http://rashodnika.net/ShMX238GT.html;SHARP Тонер-картридж черный;MX-238GT;
http://rashodnika.net/ShSF240DM.html;SHARP Фотобарабан;SF-240DM;SF-240DR
http://rashodnika.net/ShSF250DM.html;SHARP Фотобарабан;SF-250DM;SF-250DR
http://rashodnika.net/ShARC25NT1.html;SHARP Тонер-картридж черный;AR-C25T1;AR-C25NT1
http://rashodnika.net/ShARC25NT6.html;SHARP Тонер-картридж голубой;AR-C25T6;AR-C25NT6
http://rashodnika.net/ShARC25NT7.html;SHARP Тонер-картридж пурпурный;AR-C25T7;AR-C25NT7
http://rashodnika.net/ShARC25NT8.html;SHARP Тонер-картридж желтый;AR-C25T8;AR-C25NT8
http://rashodnika.net/ShAR270CB.html;SHARP Ракель (чистящий нож);AR-270BL;AR-270CB
http://rashodnika.net/sharp-ar270du.html;SHARP Блок фотобарабана (без барабана);AR-270DU;
http://rashodnika.net/sharp-ar270fu.html;SHARP Блок фьюзера 110v;AR-270FU;
http://rashodnika.net/sharp-ar270ir.html;SHARP Ролики подачи;AR-270IR;
http://rashodnika.net/ShAR270KA.html;SHARP Сервисный комплект с валом переноса.;AR-270KA;
http://rashodnika.net/ShAR270LH.html;SHARP Сервисный комплект нижнего термовала;AR-270LH;
http://rashodnika.net/ShAR270NC.html;SHARP Главный коротрон;AR-270NC;AR-270MC
http://rashodnika.net/ShAR270T.html;SHARP Тонер-картридж черный;AR-270T;AR-270NT
http://rashodnika.net/ShAR270UH.html;SHARP Сервисный комплект верхнего термовала;AR-270UH;
http://rashodnika.net/ShMX270DS.html;SHARP Уплотнители для блока проявки;MX-270DS;
http://rashodnika.net/ShMX270FL.html;SHARP Комплект фильтров;MX-270FL;
http://rashodnika.net/ShMX270HB.html;SHARP Бункер отработанного тонера;MX-270HB;
http://rashodnika.net/sharp-mx-270hk.html;SHARP Комплект термовалов;MX-270HK;
http://rashodnika.net/ShMX270LH.html;SHARP Комплект нижнего термовала;MX-270LH;
http://rashodnika.net/ShMX270MK.html;SHARP Главный коротрон;MX-270MK;
http://rashodnika.net/ShMX270UH.html;SHARP Комплект верхнего термовала;MX-270UH;
http://rashodnika.net/ShAR271DM.html;SHARP Фотобарабан;AR-271DM;AR-271DR
http://rashodnika.net/ShAR271DV.html;SHARP Девелопер черный;AR-271DV;AR-271ND
http://rashodnika.net/ShAR272DU.html;SHARP Блок фотобарабана (без барабана);AR-272DU;
http://rashodnika.net/ShAR272KA.html;SHARP Сервисный набор с валом переноса;AR-272KA;
http://rashodnika.net/ShAR272LH.html;SHARP Сервисный комплект нижнего термовала;AR-272LH;
http://rashodnika.net/ShAR272TX.html;SHARP Вал переноса изображения;AR-272TX;
http://rashodnika.net/ShAR272UH.html;SHARP Сервисный комплект верхнего термовала;AR-272UH;
http://rashodnika.net/sharp-mx-c30u1.html;SHARP Первичный модуль переноса;MX-C30U1;
http://rashodnika.net/ShZT30DC1.html;SHARP Тонер-картридж черный;ZT30DC1;
http://rashodnika.net/ShAR310DM.html;SHARP Фотобарабан;AR-310DM;AR-310DR
http://rashodnika.net/ShAR310DU.html;SHARP Блок фотобарабана (без барабана);AR-310DU;
http://rashodnika.net/ShAR310KA.html;SHARP Сервисный набор с валом переноса;AR-310KA;
http://rashodnika.net/ShAR310LH.html;SHARP Сервисный комплект нижнего термовала;AR-310LH;
http://rashodnika.net/ShAR310NC.html;SHARP Главный коротрон;AR-310NC;AR-310MC
http://rashodnika.net/ShAR310T.html;SHARP Тонер-картридж черный;AR-310T;AR-310NT
