http://rashodnika.net/XX013R00008.html;XEROX Фотобарабан / Копи картридж;013R00008;13R8
http://rashodnika.net/XX001R00085.html;XEROX Фоторецептор / Копи-картридж;001R00085;1R85
http://rashodnika.net/XX001R00088.html;XEROX Узел фоторецептора;001R00088;1R88
http://rashodnika.net/XX001R00098.html;XEROX Узел фоторецептора;001R00098;1R98
http://rashodnika.net/XXCWAA0711.html;XEROX Принт-картридж;CWAA0711;
http://rashodnika.net/XXCWAA0718.html;XEROX Maintenance Kit 220V ;CWAA0718;
http://rashodnika.net/9_1_1_320.html;XEROX (113R161) Копи-картридж;013R00013;13R13
http://rashodnika.net/9_1_1_321.html;XEROX Блок фотобарабана;013R00022;13R22
http://rashodnika.net/9_1_1_322.html;XEROX Блок фотобарабана;013R00033;13R33
http://rashodnika.net/XX013R00044.html;XEROX Копи-картридж;013R00044;13R44
http://rashodnika.net/XX013R00046.html;XEROX Принт-картридж (+Fuser Web);013R00046;13R46
http://rashodnika.net/xerox-013r00049.html;XEROX Копи-картридж;013R00049;13R49
http://rashodnika.net/XX013R00050.html;XEROX Копи-картридж / Фотобарабан;013R00050;13R50
http://rashodnika.net/9_1_1_323.html;XEROX Копи-картридж / Фотобарабан;013R00054;13R54
http://rashodnika.net/9_1_1_324.html;XEROX Драм-картридж / Копи картридж;013R00057;13R57
http://rashodnika.net/9_1_1_325.html;XEROX (13R55) Блок фотобарабана / Копи картридж;013R00059;13R59
http://rashodnika.net/XX013R00061.html;XEROX Драм-картридж;013R00061;13R61
http://rashodnika.net/XX013R00062.html;XEROX Копи-картридж;013R00062;13R62
http://rashodnika.net/9_1_1_326.html;XEROX Блок фотобарабана / Копи-картридж;013R00064;13R64
http://rashodnika.net/9_1_1_327.html;XEROX Копи-картридж;013R00068;13R68
http://rashodnika.net/XX013R00074.html;XEROX Копи-картридж;013R00074;13R74
http://rashodnika.net/9_1_1_328.html;XEROX Копи-картридж;013R00076;13R76
http://rashodnika.net/XX013R00088.html;XEROX Принт-картридж (+Fuser Web);013R00088;13R88
http://rashodnika.net/9_1_1_13.html;XEROX Фотобарабан;001R00557;1R557
http://rashodnika.net/9_1_1_23.html;XEROX Девелопер черный;005R00178;5R178
http://rashodnika.net/XX005R00302.html;XEROX Девелопер черный;005R00302;5R302
http://rashodnika.net/XX005R00318.html;XEROX Девелопер черный;005R00318;5R318
http://rashodnika.net/9_1_1_31.html;XEROX Девелопер черный;005R00634;5R634
http://rashodnika.net/XX005R00646.html;XEROX Девелопер черный;005R00646;5R646
http://rashodnika.net/9_1_1_32.html;XEROX Девелопер синий;005R00688;5R688
http://rashodnika.net/9_1_1_33.html;XEROX Девелопер красный;005R00689;5R689
http://rashodnika.net/9_1_1_34.html;XEROX Девелопер зеленый;005R00690;5R690
http://rashodnika.net/9_1_1_35.html;XEROX Девелопер черный;005R00704;5R704
http://rashodnika.net/XX005R00711.html;XEROX Девелопер черный;005R00711;5R711
http://rashodnika.net/XX005R00712.html;XEROX Девелопер голубой;005R00712;5R712
http://rashodnika.net/XX005R00713.html;XEROX Девелопер пурпурный;005R00713;5R713
http://rashodnika.net/XX005R00714.html;XEROX Девелопер желтый;005R00714;5R714
http://rashodnika.net/XX005R00730.html;XEROX Девелопер черный;005R00730;5R730
http://rashodnika.net/XX005R00731.html;XEROX Девелопер голубой;005R00731;5R731
http://rashodnika.net/XX005R00732.html;XEROX Девелопер пурпурный;005R00732;5R732
http://rashodnika.net/XX005R00733.html;XEROX Девелопер желтый;005R00733;5R733
http://rashodnika.net/XX005R00737.html;XEROX Девелопер черный;005R00737;5R737
http://rashodnika.net/XX005R00738.html;XEROX Девелопер голубой;005R00738;5R738
http://rashodnika.net/XX005R00739.html;XEROX Девелопер пурпурный;005R00739;5R739
http://rashodnika.net/XX005R00740.html;XEROX Девелопер желтый;005R00740;5R740
http://rashodnika.net/XX005R00742.html;XEROX Девелопер черный;005R00742;5R742
http://rashodnika.net/XX005R00743.html;XEROX Девелопер голубой;005R00743;5R743
http://rashodnika.net/XX005R00744.html;XEROX Девелопер пурпурный;005R00744;5R744
http://rashodnika.net/XX005R00745.html;XEROX Девелопер желтый;005R00745;5R745
http://rashodnika.net/XX005R00746.html;XEROX Девелопер прозрачный;005R00746;5R746
http://rashodnika.net/XX006R00112.html;XEROX Тонер черный (4 шт.);006R00112;6R112
http://rashodnika.net/9_1_1_91.html;XEROX Тонер черный;006R00135;6R135
http://rashodnika.net/XX006R00244.html;XEROX Тонер-картридж черный 2 шт.;006R00244;6R244
http://rashodnika.net/Xexox-006R00248-Cartridge.html;XEROX Тонер-картридж красный;006R00248;6R248
http://rashodnika.net/Xexox-006R00249-Cartridge.html;XEROX Тонер-картридж синий;006R00249;6R249
http://rashodnika.net/XX006R00257.html;XEROX Тонер-картридж черный. Двойная упаковка.;006R00257;6R257
http://rashodnika.net/9_1_1_93.html;XEROX Тонер-картридж черный;006R00282;6R282
http://rashodnika.net/9_1_1_94.html;XEROX Тонер черный;006R00303;6R303
http://rashodnika.net/xerox-013r00339.html;XEROX Девелопер картридж + тонер-картридж;006R00339;6R339
http://rashodnika.net/XX006R00340.html;XEROX (6R348) Тонер-картридж 2 шт.;006R00340;6R340
http://rashodnika.net/xerox-006r00342.html;XEROX Тонер-картридж (2шт.);006R00342;6R342
http://rashodnika.net/XX006R00343.html;XEROX Тонер-картридж черный;006R00343;6R343
http://rashodnika.net/9_1_1_99.html;XEROX Тонер-картридж черный 2шт.;006R00364;6R364
http://rashodnika.net/XX006R00380.html;XEROX Тонер-картридж черный. 2 шт.;006R00380;6R380
http://rashodnika.net/XX006R00396.html;XEROX Тонер-картридж черный 2шт.;006R00396;6R396
http://rashodnika.net/9_1_1_101.html;XEROX (6R333) Тонер-картридж черный;006R00589;6R589
http://rashodnika.net/XX006R00708.html;XEROX Тонер-картридж черный;006R00708;6R708
http://rashodnika.net/XX006R00742.html;XEROX Тонер-картридж MICR;006R00742;6R742
http://rashodnika.net/9_1_1_103.html;XEROX Тонер-картридж черный;006R00833;6R833
http://rashodnika.net/XX006R00842.html;XEROX Тонер коричневый;006R00842;6R842
http://rashodnika.net/9_1_1_104.html;XEROX Тонер-картридж черный;006R00856;6R856
http://rashodnika.net/9_1_1_105.html;XEROX Тонер-картридж голубой;006R00857;6R857
http://rashodnika.net/9_1_1_106.html;XEROX Тонер-картридж пурпурный;006R00858;6R858
http://rashodnika.net/9_1_1_107.html;XEROX Тонер-картридж желтый;006R00859;6R859
http://rashodnika.net/XX006R00910.html;XEROX Тонер-картридж черный;006R00910;6R910
http://rashodnika.net/9_1_1_109.html;XEROX (6R915) Тонер-картридж черный;006R00914;6R914
http://rashodnika.net/9_1_1_110.html;XEROX Тонер-картридж черный;006R00916;6R916
http://rashodnika.net/XX006R00972.html;XEROX Тонер-картридж черный;006R00972;6R972
http://rashodnika.net/9_1_1_111.html;XEROX Тонер-картридж черный;006R00988;6R988
http://rashodnika.net/XX008R00111.html;XEROX Масло фьюзерное;008R00111;8R111
http://rashodnika.net/XX008R00983.html;XEROX Фьюзерное масло;008R00983;8R983
http://rashodnika.net/XX113R00080.html;XEROX Копи-картридж;113R00081;113R81
http://rashodnika.net/XX113R00086.html;XEROX Копи-картридж;113R00086;113R86
http://rashodnika.net/9_1_1_329.html;XEROX Фотобарабан / Копи-картридж;013R00532;13R532
http://rashodnika.net/9_1_1_330.html;XEROX Фоторецептор;013R00538;13R538
http://rashodnika.net/XX013R00542.html;XEROX Ремень переноса;013R00542;13R542
http://rashodnika.net/9_1_1_331.html;XEROX Фоторецептор;013R00543;13R543
http://rashodnika.net/9_1_1_332.html;XEROX (13R547) Драм картридж;013R00544;13R544
http://rashodnika.net/XX013R00546.html;XEROX Копи-картридж / Барабан;013R00546;13R546
http://rashodnika.net/XX013R00548.html;XEROX Тонер картридж черный;013R00548;13R548
http://rashodnika.net/9_1_1_333.html;XEROX Барабан / Копи-картридж;013R00551;13R551
http://rashodnika.net/9_1_1_334.html;XEROX Барабан / Копи-картридж;013R00553;13R553
http://rashodnika.net/9_1_1_335.html;XEROX Фотобарабан / Принт-картридж;013R00556;13R556
http://rashodnika.net/9_1_1_336.html;XEROX Копи-картридж ;013R00562;13R562
http://rashodnika.net/9_1_1_337.html;XEROX Фотобарабан / Копи-картридж;013R00573;13R573
http://rashodnika.net/9_1_1_100.html;XEROX Фотобарабан / Копи-картридж;013R00575;13R575
http://rashodnika.net/9_1_1_338.html;XEROX Копи-картридж;013R00577;13R577
http://rashodnika.net/9_1_1_339.html;XEROX (13R586) Блок фотобарабана / Копи-картридж;013R00579;13R579
http://rashodnika.net/XX013R00587.html;XEROX Блок фотобарабана / Копи-картридж;013R00587;13R587
http://rashodnika.net/9_1_1_341.html;XEROX Блок фотобарабана / Драм картридж;013R00588;13R588
http://rashodnika.net/9_1_1_342.html;XEROX Блок фотобарабана;013R00589;13R589
http://rashodnika.net/XX013R00591.html;XEROX Блок фотобарабана;013R00591;13R591
http://rashodnika.net/xerox-013r00651.html;XEROX Блок фотобарабана (Копи-картридж);013R00651;13R598
http://rashodnika.net/9_1_1_343.html;XEROX Тонер-картридж (3500 стр.);013R00601;13R601
http://rashodnika.net/9_1_1_344.html;XEROX Блок фотобарабана черный;013R00602;13R602
http://rashodnika.net/9_1_1_345.html;XEROX Блок фотобарабана цветной;013R00603;13R603
http://rashodnika.net/9_1_1_346.html;XEROX Тонер-картридж черный;013R00605;13R605
http://rashodnika.net/9_1_1_347.html;XEROX Тонер-картридж (5000 стр.);013R00606;13R606
http://rashodnika.net/9_1_1_348.html;XEROX Тонер-картридж черный;013R00607;13R607
http://rashodnika.net/9_1_1_349.html;XEROX Тонер-картридж, двойная упаковка;013R00608;13R608
http://rashodnika.net/9_1_1_350.html;XEROX Блок фотобарабана;013R00611;13R611
http://rashodnika.net/9_1_1_351.html;XEROX Тонер-картридж черный;013R00621;13R621
http://rashodnika.net/9_1_1_352.html;XEROX Принт картридж / Блок фотобарабана ;013R00623;13R623
http://rashodnika.net/9_1_1_353.html;XEROX Копи-картридж;013R00624;13R624
http://rashodnika.net/9_1_1_354.html;XEROX Тонер-картридж черный;013R00625;13R625
http://rashodnika.net/XX013R00628.html;XEROX Блок фотобарабана ;013R00628;13R628
http://rashodnika.net/9_1_1_355.html;XEROX (13R596) Коротрон заряда;013R00629;13R629
http://rashodnika.net/9_1_1_356.html;XEROX (13R622) Драм-картридж;013R00636;13R636
http://rashodnika.net/9_1_1_358.html;XEROX Драм-картридж;013R00639;13R639
http://rashodnika.net/9_1_1_359.html;XEROX (13R640) Драм-картридж;013R00646;13R646
http://rashodnika.net/XX013R00647.html;XEROX Драм-картридж / Фотобарабан;013R00647;13R647
http://rashodnika.net/XX013R00648.html;XEROX (13R617) Драм-картридж черный;013R00648;13R648
http://rashodnika.net/XX013R00649.html;XEROX (13R620/616) Драм-картридж цветной;013R00649;13R649
http://rashodnika.net/9_1_1_357.html;XEROX (13R630/13R637) Коротрон заряда;013R00650;13R650
http://rashodnika.net/9_1_1_340.html;XEROX (13R583) Драм-картридж;013R00654;13R654
http://rashodnika.net/9_1_1_360.html;XEROX Блок фотобарабана черный;013R00655;13R655
http://rashodnika.net/9_1_1_361.html;XEROX Блок фотобарабана цветной;013R00656;13R656
http://rashodnika.net/XX013R00657.html;XEROX Блок фотобарабана черный;013R00657;13R657
http://rashodnika.net/XX013R00658.html;XEROX Блок фотобарабана желтый;013R00658;13R658
http://rashodnika.net/XX013R00659.html;XEROX Блок фотобарабана пурпурный;013R00659;13R659
http://rashodnika.net/XX013R00660.html;XEROX Блок фотобарабана голубой;013R00660;13R660
http://rashodnika.net/XX013R00662.html;XEROX Блок фотобарабана / Копи-картридж;013R00662;13R662
http://rashodnika.net/XX013R00663.html;XEROX Блок фотобарабана черный;013R00663;13R663
http://rashodnika.net/XX013R00664.html;XEROX Блок фотобарабана цветной;013R00664;13R664
http://rashodnika.net/XX013R00667.html;XEROX (13R661) Драм-картридж / Копи-картридж;013R00667;13R667
http://rashodnika.net/XX013R00666.html;XEROX (13R666) Копи-картридж;013R00668;13R668
http://rashodnika.net/XX013R00669.html;XEROX Принт картридж / Фотобарабан;013R00669;13R669
http://rashodnika.net/XX013R00670.html;XEROX Блок фотобарабана / Копи-картридж;013R00670;13R670
http://rashodnika.net/XX013R00671.html;XEROX Блок фотобарабана черный;013R00671;13R671
http://rashodnika.net/XX013R00672.html;XEROX Блок фотобарабана цветной;013R00672;13R672
http://rashodnika.net/XX013R00674.html;XEROX Модуль фоторецептора / Фотобарабан;013R00674;13R674
http://rashodnika.net/xerox-013r00675-drum.html;XEROX Принт-картридж / Фотобарабан;013R00675;13R675
http://rashodnika.net/xerox-013r00677.html;XEROX Блок фотобарабана ;013R00677;13R677
http://rashodnika.net/XX006R01049.html;XEROX Тонер-картридж черный 2шт.;006R01049;6R1049
http://rashodnika.net/XX006R01145.html;XEROX Тонер-картридж черный;006R01145;6R1145
http://rashodnika.net/9_1_1_126.html;XEROX Тонер-картридж черный 2шт.;006R01146;6R1146
http://rashodnika.net/XX006R01147.html;XEROX Тонер-картридж черный MICR (2 шт.);006R01147;6R1147
http://rashodnika.net/XX006R01148.html;XEROX Тонер-картридж черный MICR (6 шт.);006R01148;6R1148
http://rashodnika.net/XX006R01606.html;XEROX Тонер-картридж (2 шт.);006R01606;6R1606
http://rashodnika.net/9_1_1_270.html;XEROX Проволока для финишера;008R01174;8R1174
http://rashodnika.net/9_1_1_271.html;XEROX Скрепки для сортер-степлера на 20 ячеек;008R01296;8R1296
http://rashodnika.net/9_1_1_272.html;XEROX Скрепки для финишера;008R03631;8R3631
http://rashodnika.net/XX008R03692.html;XEROX Fuser Web;008R03692;8R3692
http://rashodnika.net/XX008R03839.html;XEROX Скрепки для ASF-100/135;008R03839;8R3839
http://rashodnika.net/XX008R03903.html;XEROX Масло фьюзерное 6 шт.;008R03903;8R3903
http://rashodnika.net/9_1_1_274.html;XEROX Масло фьюзера;008R04004;8R4004
http://rashodnika.net/9_1_1_275.html;XEROX Фьюзерное масло с очистителем;008R04097;8R4097
http://rashodnika.net/9_1_1_276.html;XEROX Сборник использованного тонера;008R04099;8R4099
http://rashodnika.net/9_1_1_277.html;XEROX Картриджи со скрепками;008R07636;8R7636
http://rashodnika.net/9_1_1_278.html;XEROX Скрепки для полуавтоматического степлера;008R07645;8R7645
http://rashodnika.net/9_1_1_280.html;XEROX Очиститель фьюзера (с маслом);008R07724;8R7724
http://rashodnika.net/9_1_1_282.html;XEROX Скрепки для финишера;008R07810;8R7810
http://rashodnika.net/XX008R07906.html;XEROX Скрепки 10 яч. сортера-степлера;008R07906;8R7906
http://rashodnika.net/9_1_1_283.html;XEROX Фьюзер (печка);008R07981;8R7981
http://rashodnika.net/9_1_1_284.html;XEROX Картридж фьюзерного масла;008R07982;8R7982
http://rashodnika.net/9_1_1_285.html;XEROX Емкость для отработанного тонера;008R07983;8R7983
http://rashodnika.net/XX008R07984.html;XEROX Емкость для отработанного девелопера;008R07984;8R7984
http://rashodnika.net/XX008R07985.html;XEROX Чистящий комплект печки (паутинка);603L07985;8R7985
http://rashodnika.net/9_1_1_12.html;XEROX Ремень фоторецептора;001R00112;
http://rashodnika.net/9_1_1_2.html;XEROX Копи-картридж;001R00115;
http://rashodnika.net/9_1_1_3.html;XEROX Фоторепторный ремень;001R00119;
http://rashodnika.net/XX001R00125.html;XEROX Фоторецептор;001R00125;
http://rashodnika.net/9_1_1_4.html;XEROX Ремень фоторецептора;001R00129;
http://rashodnika.net/9_1_1_5.html;XEROX Ремень фоторецептора;001R00301;
http://rashodnika.net/9_1_1_6.html;XEROX Фоторецептор;001R00307;
http://rashodnika.net/9_1_1_7.html;XEROX Фотобарабан;001R00535;
http://rashodnika.net/9_1_1_8.html;XEROX Фотобарабан;001R00541;
http://rashodnika.net/9_1_1_9.html;XEROX Фотобарабан;001R00542;
http://rashodnika.net/9_1_1_10.html;XEROX Фоторецептор;001R00543;
http://rashodnika.net/9_1_1_11.html;XEROX (1R81) Фотобарабан;001R00552;
http://rashodnika.net/9_1_1_14.html;XEROX Фоторецептор;001R00574;
http://rashodnika.net/9_1_1_15.html;XEROX (1R538) Фоторецепторный ремень;001R00575;
http://rashodnika.net/9_1_1_16.html;XEROX Ремень переноса изображения;001R00576;
http://rashodnika.net/9_1_1_19.html;XEROX Фотобарабан;001R00583;
http://rashodnika.net/XX001R00586.html;XEROX Ремень промежуточного переноса;001R00586;
http://rashodnika.net/9_1_1_20.html;(1R561) XEROX Фотобарабан;001R00590;
http://rashodnika.net/XX001R00591.html;XEROX Ремень переноса;001R00591;
http://rashodnika.net/XX001R00593.html;(1R588) XEROX Узел очистки в сборе;001R00593;
http://rashodnika.net/XX001R00596.html;XEROX Фотобарабан;001R00596;
http://rashodnika.net/XX001R00600.html;XEROX Узел очистки ремня переноса;001R00600;
http://rashodnika.net/XX001R00608.html;XEROX (1R598) Ремень переноса;001R00608;
http://rashodnika.net/XX001R00610.html;XEROX Ремень переноса;001R00610;
http://rashodnika.net/XX001R00611.html;XEROX Ремень переноса;001R00611;
http://rashodnika.net/XX001R00613.html;XEROX Узел очистки ремня переноса;001R00613;
http://rashodnika.net/9_1_1_17.html;(1R577) XEROX Узел фоторецептора;001R00615;
http://rashodnika.net/xerox-001r00620.html;XEROX Узел ремня фьюзера ;001R00620;
http://rashodnika.net/9_1_1_528.html;XEROX Тонер-картридж черный;106R00402;106R402
http://rashodnika.net/9_1_1_529.html;XEROX Тонер-картридж черный;106R00405;106R405
http://rashodnika.net/9_1_1_536.html;XEROX Тонер-картридж черный;106R00646;106R646
http://rashodnika.net/9_1_1_673.html;XEROX Скрепки для офисного финишера ;108R00535;108R535
http://rashodnika.net/9_1_1_750.html;XEROX Фьюзерный модуль (печка);109R00334;109R334
http://rashodnika.net/9_1_1_753.html;XEROX (109R499)  Узел термозакрепления в сборе (печка);109R00498;109R498
http://rashodnika.net/9_1_1_772.html;XEROX Фотобарабан / Копи-картридж;113R00105;113R105
http://rashodnika.net/9_1_1_773.html;XEROX Принт-картридж;113R00110;113R110
http://rashodnika.net/9_1_1_774.html;XEROX Копи-картридж;113R00182;113R182
http://rashodnika.net/9_1_1_779.html;XEROX (13R90130) Тонер-картридж / Принт-картридж;113R00276;113R276
http://rashodnika.net/9_1_1_785.html;XEROX Блок фотобарабана;113R00457;113R457
http://rashodnika.net/9_1_1_786.html;XEROX Блок фотобарабана;113R00460;113R460
http://rashodnika.net/9_1_1_787.html;XEROX Тонер-картридж / Принт-картридж;113R00462;113R462
http://rashodnika.net/9_1_1_792.html;XEROX (113R134) Модуль ксерографии;113R00623;113R623
http://rashodnika.net/9_1_1_796.html;XEROX (113R00497) Блок роликов подачи;113R00651;113R651
http://rashodnika.net/XX001R90035.html;XEROX Фотобарабан;001R90035;1R90035
http://rashodnika.net/9_1_1_21.html;XEROX Фотобарабан;001R90054;
http://rashodnika.net/9_1_1_22.html;XEROX Фотобарабан;001R90082;1R90082
http://rashodnika.net/XXCT200719.html;XEROX Тонер-картридж черный;CT200719;
http://rashodnika.net/XXCT201114.html;XEROX Тонер-картридж черный;CT201114;
http://rashodnika.net/XXCT201115.html;XEROX Тонер-картридж голубой;CT201115;
http://rashodnika.net/XXCT201116.html;XEROX Тонер-картридж пурпурный;CT201116;
http://rashodnika.net/XXCT201117.html;XEROX Тонер-картридж желтый;CT201117;
http://rashodnika.net/XXCT201591.html;XEROX Тонер-картридж черный;CT201591;
http://rashodnika.net/XXCT201592.html;XEROX Тонер-картридж голубой;CT201592;
http://rashodnika.net/XXCT201593.html;XEROX Тонер-картридж пурпурный;CT201593;
http://rashodnika.net/XXCT201594.html;XEROX Тонер-картридж желтый;CT201594;
http://rashodnika.net/XX002N02806.html;XEROX Узел термозакрепления в сборе;002N02806;
http://rashodnika.net/XXEL300689.html;XEROX Блок термозакрепления (печка) 220V;EL300689;
http://rashodnika.net/XXEL300691.html;XEROX Feed roller unit;EL300691;
http://rashodnika.net/9_1_1_777.html;XEROX (CT350251) Тонер-картридж черный;113R00247;CT350251
http://rashodnika.net/XXCT350268.html;XEROX Тонер-картридж черный 10000 стр.;CT350268;
http://rashodnika.net/XXCT350269.html;XEROX Тонер-картридж черный 17000 стр.;CT350269;
http://rashodnika.net/XXCT350413.html;XEROX Блок фотобарабана;CT350413;
http://rashodnika.net/XXCT350604.html;XEROX Блок фотобарабана;CT350604;
http://rashodnika.net/XXCT350936.html;XEROX Тонер-картридж черный;CT350936;
http://rashodnika.net/XX005R00573.html;XEROX MICR Девелопер черный;005R00573;
http://rashodnika.net/9_1_1_30.html;XEROX (5R90261) Девелопер черный;005R00633;
http://rashodnika.net/XX005K12790.html;XEROX Кассета паутинки фьюзера;005K12790;
http://rashodnika.net/xerox-005r90070.html;XEROX (5R140) Девелопер черный;005R90070;5R90070
http://rashodnika.net/XX005R90075.html;XEROX Девелопер черный;005R90075;5R90075
http://rashodnika.net/9_1_1_40.html;XEROX Девелопер черный;005R90092;5R90092
http://rashodnika.net/XX005R00161.html;XEROX (5R161) Девелопер черный 2 шт.;005R90095;5R90095
http://rashodnika.net/9_1_1_42.html;XEROX (5R162) Девелопер черный;005R90119;5R90119
http://rashodnika.net/9_1_1_43.html;XEROX (5R177) Девелопер черный;005R90152;5R90152
http://rashodnika.net/9_1_1_44.html;XEROX (5R179) Девелопер черный 2шт.;005R90154;5R90154
http://rashodnika.net/9_1_1_45.html;XEROX (5R140) Девелопер черный;005R90157;5R90157
http://rashodnika.net/XX005R90162.html;XEROX (5R206) Девелопер красный;005R90162;5R90162
http://rashodnika.net/9_1_1_47.html;XEROX Девелопер синий;005R90163;
http://rashodnika.net/XX005R90164.html;XEROX Девелопер зеленый;005R90164;
http://rashodnika.net/XX005R90165.html;XEROX Девелопер коричневый;005R90165;
http://rashodnika.net/9_1_1_50.html;XEROX (5R195) Девелопер черный;005R90166;5R90166
http://rashodnika.net/9_1_1_51.html;XEROX (5R196) Девелопер красный;005R90167;5R90167
http://rashodnika.net/9_1_1_52.html;XEROX (5R198) Девелопер зеленый;005R90168;5R90168
http://rashodnika.net/9_1_1_53.html;XEROX (5R199) Девелопер коричневый;005R90169;5R90169
http://rashodnika.net/9_1_1_54.html;XEROX Девелопер синий;005R90170;5R90170
http://rashodnika.net/XX005R90175.html;XEROX Девелопер черный;005R90175;5R90175
http://rashodnika.net/XX005R90176.html;XEROX Девелопер голубой;005R90176;5R90176
http://rashodnika.net/XX005R90177.html;XEROX Девелопер желтый;005R90177;5R90177
http://rashodnika.net/XX005R90178.html;XEROX Девелопер пурпурный;005R90178;5R90178
http://rashodnika.net/9_1_1_25.html;XEROX (5R310) Девелопер черный ;005R90179;5R90179
http://rashodnika.net/XX005R90180.html;XEROX (5R311) Девелопер черный;005R90180;5R90180
http://rashodnika.net/9_1_1_59.html;XEROX Девелопер черный;005R90188;5R90188
http://rashodnika.net/9_1_1_60.html;XEROX Девелопер голубой;005R90189;5R90189
http://rashodnika.net/9_1_1_61.html;XEROX Девелопер желтый;005R90190;5R90190
http://rashodnika.net/9_1_1_62.html;XEROX Девелопер пурпурный;005R90191;5R90191
http://rashodnika.net/9_1_1_63.html;XEROX Девелопер-картридж желтый;005R90195;5R90195
http://rashodnika.net/9_1_1_64.html;XEROX Девелопер-картридж пурпурный;005R90196;
http://rashodnika.net/9_1_1_65.html;XEROX Девелопер-картридж голубой;005R90197;
http://rashodnika.net/9_1_1_67.html;XEROX Девелопер-картридж черный;005R90204;
http://rashodnika.net/9_1_1_68.html;XEROX Девелопер-картридж голубой;005R90205;
http://rashodnika.net/9_1_1_69.html;XEROX Девелопер-картридж пурпурный;005R90206;
http://rashodnika.net/9_1_1_70.html;XEROX Девелопер-картридж желтый;005R90207;
http://rashodnika.net/9_1_1_71.html;XEROX Девелопер-картридж черный;005R90209;
http://rashodnika.net/9_1_1_72.html;XEROX Девелопер черный;005R90210;
http://rashodnika.net/9_1_1_73.html;XEROX Девелопер желтый;005R90211;
http://rashodnika.net/9_1_1_74.html;XEROX Девелопер пурпурный;005R90212;
http://rashodnika.net/9_1_1_75.html;XEROX Девелопер голубой;005R90213;
http://rashodnika.net/9_1_1_76.html;XEROX Девелопер черный;005R90217;
http://rashodnika.net/XX005R90218.html;XEROX Девелопер голубой;005R90218;
http://rashodnika.net/XX005R90219.html;XEROX Девелопер пурпурный;005R90219;
http://rashodnika.net/XX005R90220.html;XEROX Девелопер желтый;005R90220;
http://rashodnika.net/9_1_1_80.html;XEROX Девелопер черный;005R90226;
http://rashodnika.net/9_1_1_81.html;XEROX Девелопер цветной (3 цвета);005R90227;
http://rashodnika.net/9_1_1_82.html;XEROX Девелопер черный;005R90241;
http://rashodnika.net/9_1_1_83.html;XEROX Девелопер голубой;005R90242;
http://rashodnika.net/9_1_1_84.html;XEROX Девелопер пурпурный;005R90243;
http://rashodnika.net/9_1_1_85.html;XEROX Девелопер желтый;005R90244;
http://rashodnika.net/9_1_1_86.html;XEROX Девелопер черный;005R90245;
http://rashodnika.net/9_1_1_87.html;XEROX Девелопер черный;005R90246;
http://rashodnika.net/XX005R90247.html;XEROX (5R630) Девелопер голубой;005R90247;
http://rashodnika.net/XX005R90248.html;XEROX (5R631) Девелопер пурпурный;005R90248;
http://rashodnika.net/XX005R90249.html;XEROX (5R632) Девелопер желтый;005R90249;
http://rashodnika.net/9_1_1_95.html;XEROX Тонер-картридж коричневый;006R00360;
http://rashodnika.net/9_1_1_96.html;XEROX Тонер-картридж красный;006R00361;
http://rashodnika.net/9_1_1_97.html;XEROX Тонер-картридж синий;006R00362;
http://rashodnika.net/9_1_1_98.html;XEROX Тонер-картридж зеленый;006R00363;
http://rashodnika.net/9_1_1_102.html;XEROX Тонер-картридж черный;006R00713;6R00713
http://rashodnika.net/XX006R00819.html;XEROX MICR Тонер черный. 3 шт.;006R00819;
http://rashodnika.net/9_1_1_108.html;XEROX (6R890) Тонер-картридж черный;006R00881;006R00890
http://rashodnika.net/9_1_1_112.html;XEROX Тонер-картридж черный;006R01004;
http://rashodnika.net/9_1_1_113.html;XEROX Тонер-картридж черный;006R01009;
http://rashodnika.net/9_1_1_114.html;XEROX Тонер-картридж голубой;006R01010;
http://rashodnika.net/9_1_1_115.html;XEROX Тонер-картридж пурпурный;006R01011;
http://rashodnika.net/9_1_1_116.html;XEROX Тонер-картридж желтый;006R01012;
http://rashodnika.net/9_1_1_117.html;XEROX Тонер-картридж черный;006R01020;
http://rashodnika.net/9_1_1_118.html;XEROX Тонер черный (2 шт.);006R01044;
http://rashodnika.net/9_1_1_119.html;XEROX Тонер-картридж черный (2 шт.);006R01046;
http://rashodnika.net/XX006R01048.html;XEROX Тонер черный;006R01048;
http://rashodnika.net/XX006R01050.html;XEROX Тонер-картридж голубой 2шт.;006R01050;
http://rashodnika.net/XX006R01051.html;XEROX Тонер-картридж пурпурный 2шт.;006R01051;
http://rashodnika.net/XX006R01052.html;XEROX Тонер-картридж желтый 2шт.;006R01052;
http://rashodnika.net/9_1_1_120.html;XEROX Тонер-картридж черный;006R01122;
http://rashodnika.net/9_1_1_121.html;XEROX Тонер-картридж голубой;006R01123;
http://rashodnika.net/9_1_1_122.html;XEROX Тонер-картридж пурпурный;006R01124;
http://rashodnika.net/9_1_1_123.html;XEROX Тонер-картридж желтый;006R01125;
http://rashodnika.net/9_1_1_124.html;XEROX Тонер-картридж черный;006R01141;
http://rashodnika.net/9_1_1_127.html;XEROX Тонер-картридж черный;006R01153;
http://rashodnika.net/9_1_1_128.html;XEROX Тонер-картридж голубой;006R01154;
http://rashodnika.net/9_1_1_129.html;XEROX Тонер-картридж пурпурный;006R01155;
http://rashodnika.net/9_1_1_130.html;XEROX Тонер-картридж желтый;006R01156;
http://rashodnika.net/XX006R01160.html;XEROX Тонер-картридж черный;006R01160;
http://rashodnika.net/9_1_1_131.html;XEROX (6R1280) Тонер-картридж черный;006R01175;
http://rashodnika.net/9_1_1_132.html;XEROX (6R1281) Тонер-картридж голубой;006R01176;
http://rashodnika.net/9_1_1_133.html;XEROX (6R1282) Тонер-картридж пурпурный;006R01177;
http://rashodnika.net/9_1_1_134.html;XEROX (6R1283) Тонер-картридж желтый;006R01178;
http://rashodnika.net/9_1_1_135.html;XEROX Тонер-картридж черный;006R01179;
http://rashodnika.net/9_1_1_136.html;XEROX Тонер-картридж черный;006R01182;
http://rashodnika.net/9_1_1_137.html;XEROX Тонер-картридж черный;006R01185;
http://rashodnika.net/XX006R01194.html;XEROX Тонер-картридж черный MICR;006R01194;
http://rashodnika.net/XX006R01235.html;XEROX Тонер-картридж черный. Двойная упаковка.;006R01235;
http://rashodnika.net/9_1_1_142.html;XEROX Тонер-картридж черный;006R01237;
http://rashodnika.net/9_1_1_143.html;XEROX Тонер-картридж черный;006R01238;
http://rashodnika.net/9_1_1_144.html;XEROX Тонер-картридж черный;006R01240;
http://rashodnika.net/9_1_1_145.html;XEROX Тонер-картридж голубой;006R01241;
http://rashodnika.net/9_1_1_146.html;XEROX Тонер-картридж пурпурный;006R01242;
http://rashodnika.net/9_1_1_147.html;XEROX Тонер-картридж желтый;006R01243;
http://rashodnika.net/9_1_1_148.html;XEROX Тонер-картридж черный;006R01251;
http://rashodnika.net/9_1_1_149.html;XEROX Тонер-картридж голубой;006R01252;
http://rashodnika.net/9_1_1_150.html;XEROX Тонер-картридж пурпурный;006R01253;
http://rashodnika.net/9_1_1_151.html;XEROX Тонер-картридж желтый;006R01254;
http://rashodnika.net/9_1_1_154.html;XEROX Тонер-картридж желтый;006R01271;
http://rashodnika.net/9_1_1_153.html;XEROX Тонер-картридж пурпурный;006R01272;
http://rashodnika.net/9_1_1_152.html;XEROX Тонер-картридж голубой;006R01273;
http://rashodnika.net/9_1_1_155.html;XEROX Тонер-картридж черный;006R01276;
http://rashodnika.net/9_1_1_156.html;XEROX Тонер-картридж черный;006R01278;
http://rashodnika.net/XX006R01297.html;XEROX Тонер-картридж черный.;006R01297;
http://rashodnika.net/XX006R01298.html;XEROX Тонер-картридж черный. Двойная упаковка.;006R01298;
http://rashodnika.net/9_1_1_157.html;XEROX Тонер-картридж черный;006R01300;
http://rashodnika.net/9_1_1_158.html;XEROX Тонер-картридж голубой;006R01301;
http://rashodnika.net/9_1_1_159.html;XEROX Тонер-картридж пурпурный;006R01302;
http://rashodnika.net/9_1_1_160.html;XEROX Тонер-картридж желтый;006R01303;
http://rashodnika.net/9_1_1_161.html;XEROX (006R01270) Тонер-картридж черный;006R01319;
http://rashodnika.net/9_1_1_162.html;XEROX Тонер-картридж черный;006R01358;
http://rashodnika.net/9_1_1_163.html;XEROX Тонер-картридж голубой;006R01359;
http://rashodnika.net/9_1_1_164.html;XEROX Тонер-картридж пурпурный;006R01360;
http://rashodnika.net/9_1_1_165.html;XEROX Тонер-картридж желтый;006R01361;
http://rashodnika.net/9_1_1_166.html;XEROX Тонер-картридж черный;006R01374;
http://rashodnika.net/9_1_1_167.html;XEROX Тонер-картридж черный;006R01379;
http://rashodnika.net/9_1_1_168.html;XEROX Тонер-картридж голубой;006R01380;
http://rashodnika.net/9_1_1_169.html;XEROX Тонер-картридж пурпурный;006R01381;
http://rashodnika.net/9_1_1_170.html;XEROX Тонер-картридж желтый;006R01382;
http://rashodnika.net/9_1_1_171.html;XEROX Тонер-картридж черный;006R01399;
http://rashodnika.net/9_1_1_172.html;XEROX Тонер-картридж желтый;006R01400;
http://rashodnika.net/9_1_1_173.html;XEROX Тонер-картридж пурпурный;006R01401;
http://rashodnika.net/9_1_1_174.html;XEROX Тонер-картридж голубой;006R01402;
http://rashodnika.net/XX006R01403.html;XEROX Тонер-картридж черный;006R01403;
http://rashodnika.net/XX006R01404.html;XEROX Тонер-картридж голубой;006R01404;
http://rashodnika.net/XX006R01405.html;XEROX Тонер-картридж пурпурный;006R01405;
http://rashodnika.net/XX006R01406.html;XEROX Тонер-картридж желтый;006R01406;
http://rashodnika.net/XX006R01445.html;XEROX Тонер черный (4 тубы);006R01445;
http://rashodnika.net/9_1_1_138.html;XEROX Тонер-картридж черный (2шт.);006R01449;
http://rashodnika.net/9_1_1_139.html;XEROX Тонер-картридж желтый (2 шт.);006R01450;
http://rashodnika.net/9_1_1_140.html;XEROX Тонер-картридж пурпурный (2 шт.);006R01451;
http://rashodnika.net/9_1_1_141.html;XEROX Тонер-картридж голубой (2 шт.);006R01452;
http://rashodnika.net/XX006R01461.html;XEROX Тонер-картридж черный;006R01461;
http://rashodnika.net/XX006R01462.html;XEROX Тонер-картридж желтый;006R01462;
http://rashodnika.net/XX006R01463.html;XEROX Тонер-картридж пурпурный;006R01463;
http://rashodnika.net/XX006R01464.html;XEROX Тонер-картридж голубой;006R01464;
http://rashodnika.net/XX006R01480.html;XEROX Тонер-картридж черный;006R01480;
http://rashodnika.net/XX006R01481.html;XEROX Тонер-картридж голубой;006R01481;
http://rashodnika.net/XX006R01482.html;XEROX Тонер-картридж пурпурный;006R01482;
http://rashodnika.net/XX006R01483.html;XEROX Тонер-картридж желтый;006R01483;
http://rashodnika.net/XX006R01484.html;XEROX Тонер-картридж прозрачный;006R01484;
http://rashodnika.net/XX006R01517.html;XEROX Тонер-картридж черный;006R01517;
http://rashodnika.net/XX006R01518.html;XEROX Тонер-картридж желтый;006R01518;
http://rashodnika.net/XX006R01519.html;XEROX Тонер-картридж пурпурный;006R01519;
http://rashodnika.net/XX006R01520.html;XEROX Тонер-картридж голубой;006R01520;
http://rashodnika.net/XX006R01529.html;XEROX Тонер-картридж черный;006R01529;
http://rashodnika.net/XX006R01530.html;XEROX Тонер-картридж желтый;006R01530;
http://rashodnika.net/XX006R01531.html;XEROX Тонер-картридж пурпурный;006R01531;
http://rashodnika.net/XX006R01532.html;XEROX Тонер-картридж голубой;006R01532;
http://rashodnika.net/XX006R01551.html;XEROX Тонер-картридж черный (2шт.);006R01551;
http://rashodnika.net/XX006R01552.html;XEROX Тонер-картридж черный (2 шт.);006R01552;
http://rashodnika.net/XX006R01557.html;XEROX Тонер-картридж черный;006R01557;
http://rashodnika.net/XX006R01558.html;XEROX Тонер-картридж голубой;006R01558;
http://rashodnika.net/XX006R01559.html;XEROX Тонер-картридж пурпурный;006R01559;
http://rashodnika.net/XX006R01560.html;XEROX Тонер-картридж желтый;006R01560;
http://rashodnika.net/XX006R01561.html;XEROX Тонер-картридж черный;006R01561;
http://rashodnika.net/XX006R01573.html;XEROX Тонер-картридж черный;006R01573;
http://rashodnika.net/XX006R01634.html;XEROX (6R1630) Тонер-картридж черный;006R01634;
http://rashodnika.net/XX006R01635.html;XEROX (6R1631) Тонер-картридж голубой;006R01635;
http://rashodnika.net/XX006R01636.html;XEROX (6R1632) Тонер-картридж пурпурный;006R01636;
http://rashodnika.net/XX006R01637.html;XEROX (6R1633) Тонер-картридж желтый;006R01637;
http://rashodnika.net/XX006R01646.html;XEROX Тонер-картридж черный;006R01646;
http://rashodnika.net/XX006R01647.html;XEROX Тонер-картридж голубой;006R01647;
http://rashodnika.net/XX006R01648.html;XEROX Тонер-картридж пурпурный;006R01648;
http://rashodnika.net/XX006R01649.html;XEROX Тонер-картридж желтый;006R01649;
http://rashodnika.net/xerox-006r01659.html;XEROX Тонер-картридж черный;006R01659;
http://rashodnika.net/xerox-006r01660.html;XEROX Тонер-картридж голубой;006R01660;
http://rashodnika.net/xerox-006r01661.html;XEROX Тонер-картридж пурпурный;006R01661;
http://rashodnika.net/xerox-006r01662.html;XEROX Тонер-картридж желтый;006R01662;
http://rashodnika.net/XX006R01663.html;XEROX Тонер-картридж черный;006R01663;
http://rashodnika.net/Xerox-006R01668.html;XEROX Тонер-картридж черный;006R01668;
http://rashodnika.net/xerox-006R01683.html;XEROX Тонер-картридж черный. Двойная упаковка.(100K);006R01683;
http://rashodnika.net/xerox-006r01693.html;XEROX Тонер-картридж черный;006R01693;
http://rashodnika.net/xerox-006r01694.html;XEROX Тонер-картридж голубой;006R01694;
http://rashodnika.net/xerox-006r01695.html;XEROX Тонер-картридж пурпурный;006R01695;
http://rashodnika.net/xerox-006r01696.html;XEROX Тонер-картридж желтый;006R01696;
http://rashodnika.net/xerox-006R01701-black.html;XEROX Тонер-картридж черный (26K);006R01701;
http://rashodnika.net/xerox-006R01702-cyan.html;XEROX Тонер-картридж голубой (15K);006R01702;
http://rashodnika.net/xerox-006R01703-magenta.html;XEROX Тонер-картридж пурпурный (15K);006R01703;
http://rashodnika.net/xerox-006R01704-yellow.html;XEROX Тонер-картридж желтый (15K);006R01704;
http://rashodnika.net/xerox-006R01731.html;XEROX Тонер-картридж черный ;006R01731;
http://rashodnika.net/9_1_1_175.html;XEROX Тонер-картридж черный;006R60387;
http://rashodnika.net/XX006R90070.html;XEROX Тонер черный;006R90070;
http://rashodnika.net/xerox-006r90076.html;XEROX Тонер черный;006R90076;6R90076
http://rashodnika.net/9_1_1_176.html;XEROX Тонер черный 3шт.;006R90094;
http://rashodnika.net/9_1_1_177.html;XEROX Тонер черный 2шт.;006R90099;
http://rashodnika.net/9_1_1_92.html;XEROX (6R206) Тонер черный. 3 шт.;006R90100;6R90100
http://rashodnika.net/9_1_1_179.html;XEROX Тонер-картридж черный;006R90127;
http://rashodnika.net/9_1_1_180.html;XEROX Тонер черный;006R90129;6R90129
http://rashodnika.net/9_1_1_181.html;XEROX Тонер черный 3 шт.;006R90130;
http://rashodnika.net/9_1_1_182.html;XEROX Тонер черный 3 шт.;006R90147;6R90147
http://rashodnika.net/XX006R90157.html;XEROX Тонер черный 2шт.;006R90157;6R90157
http://rashodnika.net/XX006R90159.html;XEROX (6R258) Тонер черный 2шт.;006R90159;
http://rashodnika.net/9_1_1_184.html;XEROX Тонер-картридж черный;006R90161;
http://rashodnika.net/9_1_1_185.html;XEROX Тонер черный;006R90162;
http://rashodnika.net/9_1_1_186.html;XEROX Тонер черный;006R90166;
http://rashodnika.net/9_1_1_187.html;XEROX Тонер-картридж черный;006R90168;
http://rashodnika.net/9_1_1_188.html;XEROX Тонер черный;006R90169;
http://rashodnika.net/9_1_1_189.html;XEROX Тонер-картридж черный;006R90170;
http://rashodnika.net/XX006R00379.html;XEROX (6R379) Тонер-картридж черный. 2 шт.;006R90177;
http://rashodnika.net/9_1_1_190.html;XEROX Тонер черный;006R90182;
http://rashodnika.net/9_1_1_191.html;XEROX Тонер красный;006R90183;
http://rashodnika.net/XX013R00008.html;XEROX Фотобарабан / Копи картридж;013R00008;13R8
http://rashodnika.net/XX001R00085.html;XEROX Фоторецептор / Копи-картридж;001R00085;1R85
http://rashodnika.net/XX001R00088.html;XEROX Узел фоторецептора;001R00088;1R88
http://rashodnika.net/XX001R00098.html;XEROX Узел фоторецептора;001R00098;1R98
http://rashodnika.net/XXCWAA0711.html;XEROX Принт-картридж;CWAA0711;
http://rashodnika.net/XXCWAA0718.html;XEROX Maintenance Kit 220V ;CWAA0718;
http://rashodnika.net/9_1_1_320.html;XEROX (113R161) Копи-картридж;013R00013;13R13
http://rashodnika.net/9_1_1_321.html;XEROX Блок фотобарабана;013R00022;13R22
http://rashodnika.net/9_1_1_322.html;XEROX Блок фотобарабана;013R00033;13R33
http://rashodnika.net/XX013R00044.html;XEROX Копи-картридж;013R00044;13R44
http://rashodnika.net/XX013R00046.html;XEROX Принт-картридж (+Fuser Web);013R00046;13R46
http://rashodnika.net/xerox-013r00049.html;XEROX Копи-картридж;013R00049;13R49
http://rashodnika.net/XX013R00050.html;XEROX Копи-картридж / Фотобарабан;013R00050;13R50
http://rashodnika.net/9_1_1_323.html;XEROX Копи-картридж / Фотобарабан;013R00054;13R54
http://rashodnika.net/9_1_1_324.html;XEROX Драм-картридж / Копи картридж;013R00057;13R57
http://rashodnika.net/9_1_1_325.html;XEROX (13R55) Блок фотобарабана / Копи картридж;013R00059;13R59
http://rashodnika.net/XX013R00061.html;XEROX Драм-картридж;013R00061;13R61
http://rashodnika.net/XX013R00062.html;XEROX Копи-картридж;013R00062;13R62
http://rashodnika.net/9_1_1_326.html;XEROX Блок фотобарабана / Копи-картридж;013R00064;13R64
http://rashodnika.net/9_1_1_327.html;XEROX Копи-картридж;013R00068;13R68
http://rashodnika.net/XX013R00074.html;XEROX Копи-картридж;013R00074;13R74
http://rashodnika.net/9_1_1_328.html;XEROX Копи-картридж;013R00076;13R76
http://rashodnika.net/XX013R00088.html;XEROX Принт-картридж (+Fuser Web);013R00088;13R88
http://rashodnika.net/9_1_1_13.html;XEROX Фотобарабан;001R00557;1R557
http://rashodnika.net/9_1_1_23.html;XEROX Девелопер черный;005R00178;5R178
http://rashodnika.net/XX005R00302.html;XEROX Девелопер черный;005R00302;5R302
http://rashodnika.net/XX005R00318.html;XEROX Девелопер черный;005R00318;5R318
http://rashodnika.net/9_1_1_31.html;XEROX Девелопер черный;005R00634;5R634
http://rashodnika.net/XX005R00646.html;XEROX Девелопер черный;005R00646;5R646
http://rashodnika.net/9_1_1_32.html;XEROX Девелопер синий;005R00688;5R688
http://rashodnika.net/9_1_1_33.html;XEROX Девелопер красный;005R00689;5R689
http://rashodnika.net/9_1_1_34.html;XEROX Девелопер зеленый;005R00690;5R690
http://rashodnika.net/9_1_1_35.html;XEROX Девелопер черный;005R00704;5R704
http://rashodnika.net/XX005R00711.html;XEROX Девелопер черный;005R00711;5R711
http://rashodnika.net/XX005R00712.html;XEROX Девелопер голубой;005R00712;5R712
http://rashodnika.net/XX005R00713.html;XEROX Девелопер пурпурный;005R00713;5R713
http://rashodnika.net/XX005R00714.html;XEROX Девелопер желтый;005R00714;5R714
http://rashodnika.net/XX005R00730.html;XEROX Девелопер черный;005R00730;5R730
http://rashodnika.net/XX005R00731.html;XEROX Девелопер голубой;005R00731;5R731
http://rashodnika.net/XX005R00732.html;XEROX Девелопер пурпурный;005R00732;5R732
http://rashodnika.net/XX005R00733.html;XEROX Девелопер желтый;005R00733;5R733
http://rashodnika.net/XX005R00737.html;XEROX Девелопер черный;005R00737;5R737
http://rashodnika.net/XX005R00738.html;XEROX Девелопер голубой;005R00738;5R738
http://rashodnika.net/XX005R00739.html;XEROX Девелопер пурпурный;005R00739;5R739
http://rashodnika.net/XX005R00740.html;XEROX Девелопер желтый;005R00740;5R740
http://rashodnika.net/XX005R00742.html;XEROX Девелопер черный;005R00742;5R742
http://rashodnika.net/XX005R00743.html;XEROX Девелопер голубой;005R00743;5R743
http://rashodnika.net/XX005R00744.html;XEROX Девелопер пурпурный;005R00744;5R744
http://rashodnika.net/XX005R00745.html;XEROX Девелопер желтый;005R00745;5R745
http://rashodnika.net/XX005R00746.html;XEROX Девелопер прозрачный;005R00746;5R746
http://rashodnika.net/XX006R00112.html;XEROX Тонер черный (4 шт.);006R00112;6R112
http://rashodnika.net/9_1_1_91.html;XEROX Тонер черный;006R00135;6R135
http://rashodnika.net/XX006R00244.html;XEROX Тонер-картридж черный 2 шт.;006R00244;6R244
http://rashodnika.net/Xexox-006R00248-Cartridge.html;XEROX Тонер-картридж красный;006R00248;6R248
http://rashodnika.net/Xexox-006R00249-Cartridge.html;XEROX Тонер-картридж синий;006R00249;6R249
http://rashodnika.net/XX006R00257.html;XEROX Тонер-картридж черный. Двойная упаковка.;006R00257;6R257
http://rashodnika.net/9_1_1_93.html;XEROX Тонер-картридж черный;006R00282;6R282
http://rashodnika.net/9_1_1_94.html;XEROX Тонер черный;006R00303;6R303
http://rashodnika.net/xerox-013r00339.html;XEROX Девелопер картридж + тонер-картридж;006R00339;6R339
http://rashodnika.net/XX006R00340.html;XEROX (6R348) Тонер-картридж 2 шт.;006R00340;6R340
http://rashodnika.net/xerox-006r00342.html;XEROX Тонер-картридж (2шт.);006R00342;6R342
http://rashodnika.net/XX006R00343.html;XEROX Тонер-картридж черный;006R00343;6R343
http://rashodnika.net/9_1_1_99.html;XEROX Тонер-картридж черный 2шт.;006R00364;6R364
http://rashodnika.net/XX006R00380.html;XEROX Тонер-картридж черный. 2 шт.;006R00380;6R380
http://rashodnika.net/XX006R00396.html;XEROX Тонер-картридж черный 2шт.;006R00396;6R396
http://rashodnika.net/9_1_1_101.html;XEROX (6R333) Тонер-картридж черный;006R00589;6R589
http://rashodnika.net/XX006R00708.html;XEROX Тонер-картридж черный;006R00708;6R708
http://rashodnika.net/XX006R00742.html;XEROX Тонер-картридж MICR;006R00742;6R742
http://rashodnika.net/9_1_1_103.html;XEROX Тонер-картридж черный;006R00833;6R833
http://rashodnika.net/XX006R00842.html;XEROX Тонер коричневый;006R00842;6R842
http://rashodnika.net/9_1_1_104.html;XEROX Тонер-картридж черный;006R00856;6R856
http://rashodnika.net/9_1_1_105.html;XEROX Тонер-картридж голубой;006R00857;6R857
http://rashodnika.net/9_1_1_106.html;XEROX Тонер-картридж пурпурный;006R00858;6R858
http://rashodnika.net/9_1_1_107.html;XEROX Тонер-картридж желтый;006R00859;6R859
http://rashodnika.net/XX006R00910.html;XEROX Тонер-картридж черный;006R00910;6R910
http://rashodnika.net/9_1_1_109.html;XEROX (6R915) Тонер-картридж черный;006R00914;6R914
http://rashodnika.net/9_1_1_110.html;XEROX Тонер-картридж черный;006R00916;6R916
http://rashodnika.net/XX006R00972.html;XEROX Тонер-картридж черный;006R00972;6R972
http://rashodnika.net/9_1_1_111.html;XEROX Тонер-картридж черный;006R00988;6R988
http://rashodnika.net/XX008R00111.html;XEROX Масло фьюзерное;008R00111;8R111
http://rashodnika.net/XX008R00983.html;XEROX Фьюзерное масло;008R00983;8R983
http://rashodnika.net/XX113R00080.html;XEROX Копи-картридж;113R00081;113R81
http://rashodnika.net/XX113R00086.html;XEROX Копи-картридж;113R00086;113R86
http://rashodnika.net/9_1_1_329.html;XEROX Фотобарабан / Копи-картридж;013R00532;13R532
http://rashodnika.net/9_1_1_330.html;XEROX Фоторецептор;013R00538;13R538
http://rashodnika.net/XX013R00542.html;XEROX Ремень переноса;013R00542;13R542
http://rashodnika.net/9_1_1_331.html;XEROX Фоторецептор;013R00543;13R543
http://rashodnika.net/9_1_1_332.html;XEROX (13R547) Драм картридж;013R00544;13R544
http://rashodnika.net/XX013R00546.html;XEROX Копи-картридж / Барабан;013R00546;13R546
http://rashodnika.net/XX013R00548.html;XEROX Тонер картридж черный;013R00548;13R548
http://rashodnika.net/9_1_1_333.html;XEROX Барабан / Копи-картридж;013R00551;13R551
http://rashodnika.net/9_1_1_334.html;XEROX Барабан / Копи-картридж;013R00553;13R553
http://rashodnika.net/9_1_1_335.html;XEROX Фотобарабан / Принт-картридж;013R00556;13R556
http://rashodnika.net/9_1_1_336.html;XEROX Копи-картридж ;013R00562;13R562
http://rashodnika.net/9_1_1_337.html;XEROX Фотобарабан / Копи-картридж;013R00573;13R573
http://rashodnika.net/9_1_1_100.html;XEROX Фотобарабан / Копи-картридж;013R00575;13R575
http://rashodnika.net/9_1_1_338.html;XEROX Копи-картридж;013R00577;13R577
http://rashodnika.net/9_1_1_339.html;XEROX (13R586) Блок фотобарабана / Копи-картридж;013R00579;13R579
http://rashodnika.net/XX013R00587.html;XEROX Блок фотобарабана / Копи-картридж;013R00587;13R587
http://rashodnika.net/9_1_1_341.html;XEROX Блок фотобарабана / Драм картридж;013R00588;13R588
http://rashodnika.net/9_1_1_342.html;XEROX Блок фотобарабана;013R00589;13R589
http://rashodnika.net/XX013R00591.html;XEROX Блок фотобарабана;013R00591;13R591
http://rashodnika.net/xerox-013r00651.html;XEROX Блок фотобарабана (Копи-картридж);013R00651;13R598
http://rashodnika.net/9_1_1_343.html;XEROX Тонер-картридж (3500 стр.);013R00601;13R601
http://rashodnika.net/9_1_1_344.html;XEROX Блок фотобарабана черный;013R00602;13R602
http://rashodnika.net/9_1_1_345.html;XEROX Блок фотобарабана цветной;013R00603;13R603
http://rashodnika.net/9_1_1_346.html;XEROX Тонер-картридж черный;013R00605;13R605
http://rashodnika.net/9_1_1_347.html;XEROX Тонер-картридж (5000 стр.);013R00606;13R606
http://rashodnika.net/9_1_1_348.html;XEROX Тонер-картридж черный;013R00607;13R607
http://rashodnika.net/9_1_1_349.html;XEROX Тонер-картридж, двойная упаковка;013R00608;13R608
http://rashodnika.net/9_1_1_350.html;XEROX Блок фотобарабана;013R00611;13R611
http://rashodnika.net/9_1_1_351.html;XEROX Тонер-картридж черный;013R00621;13R621
http://rashodnika.net/9_1_1_352.html;XEROX Принт картридж / Блок фотобарабана ;013R00623;13R623
http://rashodnika.net/9_1_1_353.html;XEROX Копи-картридж;013R00624;13R624
http://rashodnika.net/9_1_1_354.html;XEROX Тонер-картридж черный;013R00625;13R625
http://rashodnika.net/XX013R00628.html;XEROX Блок фотобарабана ;013R00628;13R628
http://rashodnika.net/9_1_1_355.html;XEROX (13R596) Коротрон заряда;013R00629;13R629
http://rashodnika.net/9_1_1_356.html;XEROX (13R622) Драм-картридж;013R00636;13R636
http://rashodnika.net/9_1_1_358.html;XEROX Драм-картридж;013R00639;13R639
http://rashodnika.net/9_1_1_359.html;XEROX (13R640) Драм-картридж;013R00646;13R646
http://rashodnika.net/XX013R00647.html;XEROX Драм-картридж / Фотобарабан;013R00647;13R647
http://rashodnika.net/XX013R00648.html;XEROX (13R617) Драм-картридж черный;013R00648;13R648
http://rashodnika.net/XX013R00649.html;XEROX (13R620/616) Драм-картридж цветной;013R00649;13R649
http://rashodnika.net/9_1_1_357.html;XEROX (13R630/13R637) Коротрон заряда;013R00650;13R650
http://rashodnika.net/9_1_1_340.html;XEROX (13R583) Драм-картридж;013R00654;13R654
http://rashodnika.net/9_1_1_360.html;XEROX Блок фотобарабана черный;013R00655;13R655
http://rashodnika.net/9_1_1_361.html;XEROX Блок фотобарабана цветной;013R00656;13R656
http://rashodnika.net/XX013R00657.html;XEROX Блок фотобарабана черный;013R00657;13R657
http://rashodnika.net/XX013R00658.html;XEROX Блок фотобарабана желтый;013R00658;13R658
http://rashodnika.net/XX013R00659.html;XEROX Блок фотобарабана пурпурный;013R00659;13R659
http://rashodnika.net/XX013R00660.html;XEROX Блок фотобарабана голубой;013R00660;13R660
http://rashodnika.net/XX013R00662.html;XEROX Блок фотобарабана / Копи-картридж;013R00662;13R662
http://rashodnika.net/XX013R00663.html;XEROX Блок фотобарабана черный;013R00663;13R663
http://rashodnika.net/XX013R00664.html;XEROX Блок фотобарабана цветной;013R00664;13R664
http://rashodnika.net/XX013R00667.html;XEROX (13R661) Драм-картридж / Копи-картридж;013R00667;13R667
http://rashodnika.net/XX013R00666.html;XEROX (13R666) Копи-картридж;013R00668;13R668
http://rashodnika.net/XX013R00669.html;XEROX Принт картридж / Фотобарабан;013R00669;13R669
http://rashodnika.net/XX013R00670.html;XEROX Блок фотобарабана / Копи-картридж;013R00670;13R670
http://rashodnika.net/XX013R00671.html;XEROX Блок фотобарабана черный;013R00671;13R671
http://rashodnika.net/XX013R00672.html;XEROX Блок фотобарабана цветной;013R00672;13R672
http://rashodnika.net/XX013R00674.html;XEROX Модуль фоторецептора / Фотобарабан;013R00674;13R674
http://rashodnika.net/xerox-013r00675-drum.html;XEROX Принт-картридж / Фотобарабан;013R00675;13R675
http://rashodnika.net/xerox-013r00677.html;XEROX Блок фотобарабана ;013R00677;13R677
http://rashodnika.net/XX006R01049.html;XEROX Тонер-картридж черный 2шт.;006R01049;6R1049
http://rashodnika.net/XX006R01145.html;XEROX Тонер-картридж черный;006R01145;6R1145
http://rashodnika.net/9_1_1_126.html;XEROX Тонер-картридж черный 2шт.;006R01146;6R1146
http://rashodnika.net/XX006R01147.html;XEROX Тонер-картридж черный MICR (2 шт.);006R01147;6R1147
http://rashodnika.net/XX006R01148.html;XEROX Тонер-картридж черный MICR (6 шт.);006R01148;6R1148
http://rashodnika.net/XX006R01606.html;XEROX Тонер-картридж (2 шт.);006R01606;6R1606
http://rashodnika.net/9_1_1_270.html;XEROX Проволока для финишера;008R01174;8R1174
http://rashodnika.net/9_1_1_271.html;XEROX Скрепки для сортер-степлера на 20 ячеек;008R01296;8R1296
http://rashodnika.net/9_1_1_272.html;XEROX Скрепки для финишера;008R03631;8R3631
http://rashodnika.net/XX008R03692.html;XEROX Fuser Web;008R03692;8R3692
http://rashodnika.net/XX008R03839.html;XEROX Скрепки для ASF-100/135;008R03839;8R3839
http://rashodnika.net/XX008R03903.html;XEROX Масло фьюзерное 6 шт.;008R03903;8R3903
http://rashodnika.net/9_1_1_274.html;XEROX Масло фьюзера;008R04004;8R4004
http://rashodnika.net/9_1_1_275.html;XEROX Фьюзерное масло с очистителем;008R04097;8R4097
http://rashodnika.net/9_1_1_276.html;XEROX Сборник использованного тонера;008R04099;8R4099
http://rashodnika.net/9_1_1_277.html;XEROX Картриджи со скрепками;008R07636;8R7636
http://rashodnika.net/9_1_1_278.html;XEROX Скрепки для полуавтоматического степлера;008R07645;8R7645
http://rashodnika.net/9_1_1_280.html;XEROX Очиститель фьюзера (с маслом);008R07724;8R7724
http://rashodnika.net/9_1_1_282.html;XEROX Скрепки для финишера;008R07810;8R7810
http://rashodnika.net/XX008R07906.html;XEROX Скрепки 10 яч. сортера-степлера;008R07906;8R7906
http://rashodnika.net/9_1_1_283.html;XEROX Фьюзер (печка);008R07981;8R7981
http://rashodnika.net/9_1_1_284.html;XEROX Картридж фьюзерного масла;008R07982;8R7982
http://rashodnika.net/9_1_1_285.html;XEROX Емкость для отработанного тонера;008R07983;8R7983
http://rashodnika.net/XX008R07984.html;XEROX Емкость для отработанного девелопера;008R07984;8R7984
http://rashodnika.net/XX008R07985.html;XEROX Чистящий комплект печки (паутинка);603L07985;8R7985
http://rashodnika.net/9_1_1_12.html;XEROX Ремень фоторецептора;001R00112;
http://rashodnika.net/9_1_1_2.html;XEROX Копи-картридж;001R00115;
http://rashodnika.net/9_1_1_3.html;XEROX Фоторепторный ремень;001R00119;
http://rashodnika.net/XX001R00125.html;XEROX Фоторецептор;001R00125;
http://rashodnika.net/9_1_1_4.html;XEROX Ремень фоторецептора;001R00129;
http://rashodnika.net/9_1_1_5.html;XEROX Ремень фоторецептора;001R00301;
http://rashodnika.net/9_1_1_6.html;XEROX Фоторецептор;001R00307;
http://rashodnika.net/9_1_1_7.html;XEROX Фотобарабан;001R00535;
http://rashodnika.net/9_1_1_8.html;XEROX Фотобарабан;001R00541;
http://rashodnika.net/9_1_1_9.html;XEROX Фотобарабан;001R00542;
http://rashodnika.net/9_1_1_10.html;XEROX Фоторецептор;001R00543;
http://rashodnika.net/9_1_1_11.html;XEROX (1R81) Фотобарабан;001R00552;
http://rashodnika.net/9_1_1_14.html;XEROX Фоторецептор;001R00574;
http://rashodnika.net/9_1_1_15.html;XEROX (1R538) Фоторецепторный ремень;001R00575;
http://rashodnika.net/9_1_1_16.html;XEROX Ремень переноса изображения;001R00576;
http://rashodnika.net/9_1_1_19.html;XEROX Фотобарабан;001R00583;
http://rashodnika.net/XX001R00586.html;XEROX Ремень промежуточного переноса;001R00586;
http://rashodnika.net/9_1_1_20.html;(1R561) XEROX Фотобарабан;001R00590;
http://rashodnika.net/XX001R00591.html;XEROX Ремень переноса;001R00591;
http://rashodnika.net/XX001R00593.html;(1R588) XEROX Узел очистки в сборе;001R00593;
http://rashodnika.net/XX001R00596.html;XEROX Фотобарабан;001R00596;
http://rashodnika.net/XX001R00600.html;XEROX Узел очистки ремня переноса;001R00600;
http://rashodnika.net/XX001R00608.html;XEROX (1R598) Ремень переноса;001R00608;
http://rashodnika.net/XX001R00610.html;XEROX Ремень переноса;001R00610;
http://rashodnika.net/XX001R00611.html;XEROX Ремень переноса;001R00611;
http://rashodnika.net/XX001R00613.html;XEROX Узел очистки ремня переноса;001R00613;
http://rashodnika.net/9_1_1_17.html;(1R577) XEROX Узел фоторецептора;001R00615;
http://rashodnika.net/xerox-001r00620.html;XEROX Узел ремня фьюзера ;001R00620;
http://rashodnika.net/9_1_1_528.html;XEROX Тонер-картридж черный;106R00402;106R402
http://rashodnika.net/9_1_1_529.html;XEROX Тонер-картридж черный;106R00405;106R405
http://rashodnika.net/9_1_1_536.html;XEROX Тонер-картридж черный;106R00646;106R646
http://rashodnika.net/9_1_1_673.html;XEROX Скрепки для офисного финишера ;108R00535;108R535
http://rashodnika.net/9_1_1_750.html;XEROX Фьюзерный модуль (печка);109R00334;109R334
http://rashodnika.net/9_1_1_753.html;XEROX (109R499)  Узел термозакрепления в сборе (печка);109R00498;109R498
http://rashodnika.net/9_1_1_772.html;XEROX Фотобарабан / Копи-картридж;113R00105;113R105
http://rashodnika.net/9_1_1_773.html;XEROX Принт-картридж;113R00110;113R110
http://rashodnika.net/9_1_1_774.html;XEROX Копи-картридж;113R00182;113R182
http://rashodnika.net/9_1_1_779.html;XEROX (13R90130) Тонер-картридж / Принт-картридж;113R00276;113R276
http://rashodnika.net/9_1_1_785.html;XEROX Блок фотобарабана;113R00457;113R457
http://rashodnika.net/9_1_1_786.html;XEROX Блок фотобарабана;113R00460;113R460
http://rashodnika.net/9_1_1_787.html;XEROX Тонер-картридж / Принт-картридж;113R00462;113R462
http://rashodnika.net/9_1_1_792.html;XEROX (113R134) Модуль ксерографии;113R00623;113R623
http://rashodnika.net/9_1_1_796.html;XEROX (113R00497) Блок роликов подачи;113R00651;113R651
http://rashodnika.net/XX001R90035.html;XEROX Фотобарабан;001R90035;1R90035
http://rashodnika.net/9_1_1_21.html;XEROX Фотобарабан;001R90054;
http://rashodnika.net/9_1_1_22.html;XEROX Фотобарабан;001R90082;1R90082
http://rashodnika.net/XXCT200719.html;XEROX Тонер-картридж черный;CT200719;
http://rashodnika.net/XXCT201114.html;XEROX Тонер-картридж черный;CT201114;
http://rashodnika.net/XXCT201115.html;XEROX Тонер-картридж голубой;CT201115;
http://rashodnika.net/XXCT201116.html;XEROX Тонер-картридж пурпурный;CT201116;
http://rashodnika.net/XXCT201117.html;XEROX Тонер-картридж желтый;CT201117;
http://rashodnika.net/XXCT201591.html;XEROX Тонер-картридж черный;CT201591;
http://rashodnika.net/XXCT201592.html;XEROX Тонер-картридж голубой;CT201592;
http://rashodnika.net/XXCT201593.html;XEROX Тонер-картридж пурпурный;CT201593;
http://rashodnika.net/XXCT201594.html;XEROX Тонер-картридж желтый;CT201594;
http://rashodnika.net/XX002N02806.html;XEROX Узел термозакрепления в сборе;002N02806;
http://rashodnika.net/XXEL300689.html;XEROX Блок термозакрепления (печка) 220V;EL300689;
http://rashodnika.net/XXEL300691.html;XEROX Feed roller unit;EL300691;
http://rashodnika.net/9_1_1_777.html;XEROX (CT350251) Тонер-картридж черный;113R00247;CT350251
http://rashodnika.net/XXCT350268.html;XEROX Тонер-картридж черный 10000 стр.;CT350268;
http://rashodnika.net/XXCT350269.html;XEROX Тонер-картридж черный 17000 стр.;CT350269;
http://rashodnika.net/XXCT350413.html;XEROX Блок фотобарабана;CT350413;
http://rashodnika.net/XXCT350604.html;XEROX Блок фотобарабана;CT350604;
http://rashodnika.net/XXCT350936.html;XEROX Тонер-картридж черный;CT350936;
http://rashodnika.net/XX005R00573.html;XEROX MICR Девелопер черный;005R00573;
http://rashodnika.net/9_1_1_30.html;XEROX (5R90261) Девелопер черный;005R00633;
http://rashodnika.net/XX005K12790.html;XEROX Кассета паутинки фьюзера;005K12790;
http://rashodnika.net/xerox-005r90070.html;XEROX (5R140) Девелопер черный;005R90070;5R90070
http://rashodnika.net/XX005R90075.html;XEROX Девелопер черный;005R90075;5R90075
http://rashodnika.net/9_1_1_40.html;XEROX Девелопер черный;005R90092;5R90092
http://rashodnika.net/XX005R00161.html;XEROX (5R161) Девелопер черный 2 шт.;005R90095;5R90095
http://rashodnika.net/9_1_1_42.html;XEROX (5R162) Девелопер черный;005R90119;5R90119
http://rashodnika.net/9_1_1_43.html;XEROX (5R177) Девелопер черный;005R90152;5R90152
http://rashodnika.net/9_1_1_44.html;XEROX (5R179) Девелопер черный 2шт.;005R90154;5R90154
http://rashodnika.net/9_1_1_45.html;XEROX (5R140) Девелопер черный;005R90157;5R90157
http://rashodnika.net/XX005R90162.html;XEROX (5R206) Девелопер красный;005R90162;5R90162
http://rashodnika.net/9_1_1_47.html;XEROX Девелопер синий;005R90163;
http://rashodnika.net/XX005R90164.html;XEROX Девелопер зеленый;005R90164;
http://rashodnika.net/XX005R90165.html;XEROX Девелопер коричневый;005R90165;
http://rashodnika.net/9_1_1_50.html;XEROX (5R195) Девелопер черный;005R90166;5R90166
http://rashodnika.net/9_1_1_51.html;XEROX (5R196) Девелопер красный;005R90167;5R90167
http://rashodnika.net/9_1_1_52.html;XEROX (5R198) Девелопер зеленый;005R90168;5R90168
http://rashodnika.net/9_1_1_53.html;XEROX (5R199) Девелопер коричневый;005R90169;5R90169
http://rashodnika.net/9_1_1_54.html;XEROX Девелопер синий;005R90170;5R90170
http://rashodnika.net/XX005R90175.html;XEROX Девелопер черный;005R90175;5R90175
http://rashodnika.net/XX005R90176.html;XEROX Девелопер голубой;005R90176;5R90176
http://rashodnika.net/XX005R90177.html;XEROX Девелопер желтый;005R90177;5R90177
http://rashodnika.net/XX005R90178.html;XEROX Девелопер пурпурный;005R90178;5R90178
http://rashodnika.net/9_1_1_25.html;XEROX (5R310) Девелопер черный ;005R90179;5R90179
http://rashodnika.net/XX005R90180.html;XEROX (5R311) Девелопер черный;005R90180;5R90180
http://rashodnika.net/9_1_1_59.html;XEROX Девелопер черный;005R90188;5R90188
http://rashodnika.net/9_1_1_60.html;XEROX Девелопер голубой;005R90189;5R90189
http://rashodnika.net/9_1_1_61.html;XEROX Девелопер желтый;005R90190;5R90190
http://rashodnika.net/9_1_1_62.html;XEROX Девелопер пурпурный;005R90191;5R90191
http://rashodnika.net/9_1_1_63.html;XEROX Девелопер-картридж желтый;005R90195;5R90195
http://rashodnika.net/9_1_1_64.html;XEROX Девелопер-картридж пурпурный;005R90196;
http://rashodnika.net/9_1_1_65.html;XEROX Девелопер-картридж голубой;005R90197;
http://rashodnika.net/9_1_1_67.html;XEROX Девелопер-картридж черный;005R90204;
http://rashodnika.net/9_1_1_68.html;XEROX Девелопер-картридж голубой;005R90205;
http://rashodnika.net/9_1_1_69.html;XEROX Девелопер-картридж пурпурный;005R90206;
http://rashodnika.net/9_1_1_70.html;XEROX Девелопер-картридж желтый;005R90207;
http://rashodnika.net/9_1_1_71.html;XEROX Девелопер-картридж черный;005R90209;
http://rashodnika.net/9_1_1_72.html;XEROX Девелопер черный;005R90210;
http://rashodnika.net/9_1_1_73.html;XEROX Девелопер желтый;005R90211;
http://rashodnika.net/9_1_1_74.html;XEROX Девелопер пурпурный;005R90212;
http://rashodnika.net/9_1_1_75.html;XEROX Девелопер голубой;005R90213;
http://rashodnika.net/9_1_1_76.html;XEROX Девелопер черный;005R90217;
http://rashodnika.net/XX005R90218.html;XEROX Девелопер голубой;005R90218;
http://rashodnika.net/XX005R90219.html;XEROX Девелопер пурпурный;005R90219;
http://rashodnika.net/XX005R90220.html;XEROX Девелопер желтый;005R90220;
http://rashodnika.net/9_1_1_80.html;XEROX Девелопер черный;005R90226;
http://rashodnika.net/9_1_1_81.html;XEROX Девелопер цветной (3 цвета);005R90227;
http://rashodnika.net/9_1_1_82.html;XEROX Девелопер черный;005R90241;
http://rashodnika.net/9_1_1_83.html;XEROX Девелопер голубой;005R90242;
http://rashodnika.net/9_1_1_84.html;XEROX Девелопер пурпурный;005R90243;
http://rashodnika.net/9_1_1_85.html;XEROX Девелопер желтый;005R90244;
http://rashodnika.net/9_1_1_86.html;XEROX Девелопер черный;005R90245;
http://rashodnika.net/9_1_1_87.html;XEROX Девелопер черный;005R90246;
http://rashodnika.net/XX005R90247.html;XEROX (5R630) Девелопер голубой;005R90247;
http://rashodnika.net/XX005R90248.html;XEROX (5R631) Девелопер пурпурный;005R90248;
http://rashodnika.net/XX005R90249.html;XEROX (5R632) Девелопер желтый;005R90249;
http://rashodnika.net/9_1_1_95.html;XEROX Тонер-картридж коричневый;006R00360;
http://rashodnika.net/9_1_1_96.html;XEROX Тонер-картридж красный;006R00361;
http://rashodnika.net/9_1_1_97.html;XEROX Тонер-картридж синий;006R00362;
http://rashodnika.net/9_1_1_98.html;XEROX Тонер-картридж зеленый;006R00363;
http://rashodnika.net/9_1_1_102.html;XEROX Тонер-картридж черный;006R00713;6R00713
http://rashodnika.net/XX006R00819.html;XEROX MICR Тонер черный. 3 шт.;006R00819;
http://rashodnika.net/9_1_1_108.html;XEROX (6R890) Тонер-картридж черный;006R00881;006R00890
http://rashodnika.net/9_1_1_112.html;XEROX Тонер-картридж черный;006R01004;
http://rashodnika.net/9_1_1_113.html;XEROX Тонер-картридж черный;006R01009;
http://rashodnika.net/9_1_1_114.html;XEROX Тонер-картридж голубой;006R01010;
http://rashodnika.net/9_1_1_115.html;XEROX Тонер-картридж пурпурный;006R01011;
http://rashodnika.net/9_1_1_116.html;XEROX Тонер-картридж желтый;006R01012;
http://rashodnika.net/9_1_1_117.html;XEROX Тонер-картридж черный;006R01020;
http://rashodnika.net/9_1_1_118.html;XEROX Тонер черный (2 шт.);006R01044;
http://rashodnika.net/9_1_1_119.html;XEROX Тонер-картридж черный (2 шт.);006R01046;
http://rashodnika.net/XX006R01048.html;XEROX Тонер черный;006R01048;
http://rashodnika.net/XX006R01050.html;XEROX Тонер-картридж голубой 2шт.;006R01050;
http://rashodnika.net/XX006R01051.html;XEROX Тонер-картридж пурпурный 2шт.;006R01051;
http://rashodnika.net/XX006R01052.html;XEROX Тонер-картридж желтый 2шт.;006R01052;
http://rashodnika.net/9_1_1_120.html;XEROX Тонер-картридж черный;006R01122;
http://rashodnika.net/9_1_1_121.html;XEROX Тонер-картридж голубой;006R01123;
http://rashodnika.net/9_1_1_122.html;XEROX Тонер-картридж пурпурный;006R01124;
http://rashodnika.net/9_1_1_123.html;XEROX Тонер-картридж желтый;006R01125;
http://rashodnika.net/9_1_1_124.html;XEROX Тонер-картридж черный;006R01141;
http://rashodnika.net/9_1_1_127.html;XEROX Тонер-картридж черный;006R01153;
http://rashodnika.net/9_1_1_128.html;XEROX Тонер-картридж голубой;006R01154;
http://rashodnika.net/9_1_1_129.html;XEROX Тонер-картридж пурпурный;006R01155;
http://rashodnika.net/9_1_1_130.html;XEROX Тонер-картридж желтый;006R01156;
http://rashodnika.net/XX006R01160.html;XEROX Тонер-картридж черный;006R01160;
http://rashodnika.net/9_1_1_131.html;XEROX (6R1280) Тонер-картридж черный;006R01175;
http://rashodnika.net/9_1_1_132.html;XEROX (6R1281) Тонер-картридж голубой;006R01176;
http://rashodnika.net/9_1_1_133.html;XEROX (6R1282) Тонер-картридж пурпурный;006R01177;
http://rashodnika.net/9_1_1_134.html;XEROX (6R1283) Тонер-картридж желтый;006R01178;
http://rashodnika.net/9_1_1_135.html;XEROX Тонер-картридж черный;006R01179;
http://rashodnika.net/9_1_1_136.html;XEROX Тонер-картридж черный;006R01182;
http://rashodnika.net/9_1_1_137.html;XEROX Тонер-картридж черный;006R01185;
http://rashodnika.net/XX006R01194.html;XEROX Тонер-картридж черный MICR;006R01194;
http://rashodnika.net/XX006R01235.html;XEROX Тонер-картридж черный. Двойная упаковка.;006R01235;
http://rashodnika.net/9_1_1_142.html;XEROX Тонер-картридж черный;006R01237;
http://rashodnika.net/9_1_1_143.html;XEROX Тонер-картридж черный;006R01238;
http://rashodnika.net/9_1_1_144.html;XEROX Тонер-картридж черный;006R01240;
http://rashodnika.net/9_1_1_145.html;XEROX Тонер-картридж голубой;006R01241;
http://rashodnika.net/9_1_1_146.html;XEROX Тонер-картридж пурпурный;006R01242;
http://rashodnika.net/9_1_1_147.html;XEROX Тонер-картридж желтый;006R01243;
http://rashodnika.net/9_1_1_148.html;XEROX Тонер-картридж черный;006R01251;
http://rashodnika.net/9_1_1_149.html;XEROX Тонер-картридж голубой;006R01252;
http://rashodnika.net/9_1_1_150.html;XEROX Тонер-картридж пурпурный;006R01253;
http://rashodnika.net/9_1_1_151.html;XEROX Тонер-картридж желтый;006R01254;
http://rashodnika.net/9_1_1_154.html;XEROX Тонер-картридж желтый;006R01271;
http://rashodnika.net/9_1_1_153.html;XEROX Тонер-картридж пурпурный;006R01272;
http://rashodnika.net/9_1_1_152.html;XEROX Тонер-картридж голубой;006R01273;
http://rashodnika.net/9_1_1_155.html;XEROX Тонер-картридж черный;006R01276;
http://rashodnika.net/9_1_1_156.html;XEROX Тонер-картридж черный;006R01278;
http://rashodnika.net/XX006R01297.html;XEROX Тонер-картридж черный.;006R01297;
http://rashodnika.net/XX006R01298.html;XEROX Тонер-картридж черный. Двойная упаковка.;006R01298;
http://rashodnika.net/9_1_1_157.html;XEROX Тонер-картридж черный;006R01300;
http://rashodnika.net/9_1_1_158.html;XEROX Тонер-картридж голубой;006R01301;
http://rashodnika.net/9_1_1_159.html;XEROX Тонер-картридж пурпурный;006R01302;
http://rashodnika.net/9_1_1_160.html;XEROX Тонер-картридж желтый;006R01303;
http://rashodnika.net/9_1_1_161.html;XEROX (006R01270) Тонер-картридж черный;006R01319;
http://rashodnika.net/9_1_1_162.html;XEROX Тонер-картридж черный;006R01358;
http://rashodnika.net/9_1_1_163.html;XEROX Тонер-картридж голубой;006R01359;
http://rashodnika.net/9_1_1_164.html;XEROX Тонер-картридж пурпурный;006R01360;
http://rashodnika.net/9_1_1_165.html;XEROX Тонер-картридж желтый;006R01361;
http://rashodnika.net/9_1_1_166.html;XEROX Тонер-картридж черный;006R01374;
http://rashodnika.net/9_1_1_167.html;XEROX Тонер-картридж черный;006R01379;
http://rashodnika.net/9_1_1_168.html;XEROX Тонер-картридж голубой;006R01380;
http://rashodnika.net/9_1_1_169.html;XEROX Тонер-картридж пурпурный;006R01381;
http://rashodnika.net/9_1_1_170.html;XEROX Тонер-картридж желтый;006R01382;
http://rashodnika.net/9_1_1_171.html;XEROX Тонер-картридж черный;006R01399;
http://rashodnika.net/9_1_1_172.html;XEROX Тонер-картридж желтый;006R01400;
http://rashodnika.net/9_1_1_173.html;XEROX Тонер-картридж пурпурный;006R01401;
http://rashodnika.net/9_1_1_174.html;XEROX Тонер-картридж голубой;006R01402;
http://rashodnika.net/XX006R01403.html;XEROX Тонер-картридж черный;006R01403;
http://rashodnika.net/XX006R01404.html;XEROX Тонер-картридж голубой;006R01404;
http://rashodnika.net/XX006R01405.html;XEROX Тонер-картридж пурпурный;006R01405;
http://rashodnika.net/XX006R01406.html;XEROX Тонер-картридж желтый;006R01406;
http://rashodnika.net/XX006R01445.html;XEROX Тонер черный (4 тубы);006R01445;
http://rashodnika.net/9_1_1_138.html;XEROX Тонер-картридж черный (2шт.);006R01449;
http://rashodnika.net/9_1_1_139.html;XEROX Тонер-картридж желтый (2 шт.);006R01450;
http://rashodnika.net/9_1_1_140.html;XEROX Тонер-картридж пурпурный (2 шт.);006R01451;
http://rashodnika.net/9_1_1_141.html;XEROX Тонер-картридж голубой (2 шт.);006R01452;
http://rashodnika.net/XX006R01461.html;XEROX Тонер-картридж черный;006R01461;
http://rashodnika.net/XX006R01462.html;XEROX Тонер-картридж желтый;006R01462;
http://rashodnika.net/XX006R01463.html;XEROX Тонер-картридж пурпурный;006R01463;
http://rashodnika.net/XX006R01464.html;XEROX Тонер-картридж голубой;006R01464;
http://rashodnika.net/XX006R01480.html;XEROX Тонер-картридж черный;006R01480;
http://rashodnika.net/XX006R01481.html;XEROX Тонер-картридж голубой;006R01481;
http://rashodnika.net/XX006R01482.html;XEROX Тонер-картридж пурпурный;006R01482;
http://rashodnika.net/XX006R01483.html;XEROX Тонер-картридж желтый;006R01483;
http://rashodnika.net/XX006R01484.html;XEROX Тонер-картридж прозрачный;006R01484;
http://rashodnika.net/XX006R01517.html;XEROX Тонер-картридж черный;006R01517;
http://rashodnika.net/XX006R01518.html;XEROX Тонер-картридж желтый;006R01518;
http://rashodnika.net/XX006R01519.html;XEROX Тонер-картридж пурпурный;006R01519;
http://rashodnika.net/XX006R01520.html;XEROX Тонер-картридж голубой;006R01520;
http://rashodnika.net/XX006R01529.html;XEROX Тонер-картридж черный;006R01529;
http://rashodnika.net/XX006R01530.html;XEROX Тонер-картридж желтый;006R01530;
http://rashodnika.net/XX006R01531.html;XEROX Тонер-картридж пурпурный;006R01531;
http://rashodnika.net/XX006R01532.html;XEROX Тонер-картридж голубой;006R01532;
http://rashodnika.net/XX006R01551.html;XEROX Тонер-картридж черный (2шт.);006R01551;
http://rashodnika.net/XX006R01552.html;XEROX Тонер-картридж черный (2 шт.);006R01552;
http://rashodnika.net/XX006R01557.html;XEROX Тонер-картридж черный;006R01557;
http://rashodnika.net/XX006R01558.html;XEROX Тонер-картридж голубой;006R01558;
http://rashodnika.net/XX006R01559.html;XEROX Тонер-картридж пурпурный;006R01559;
http://rashodnika.net/XX006R01560.html;XEROX Тонер-картридж желтый;006R01560;
http://rashodnika.net/XX006R01561.html;XEROX Тонер-картридж черный;006R01561;
http://rashodnika.net/XX006R01573.html;XEROX Тонер-картридж черный;006R01573;
http://rashodnika.net/XX006R01634.html;XEROX (6R1630) Тонер-картридж черный;006R01634;
http://rashodnika.net/XX006R01635.html;XEROX (6R1631) Тонер-картридж голубой;006R01635;
http://rashodnika.net/XX006R01636.html;XEROX (6R1632) Тонер-картридж пурпурный;006R01636;
http://rashodnika.net/XX006R01637.html;XEROX (6R1633) Тонер-картридж желтый;006R01637;
http://rashodnika.net/XX006R01646.html;XEROX Тонер-картридж черный;006R01646;
http://rashodnika.net/XX006R01647.html;XEROX Тонер-картридж голубой;006R01647;
http://rashodnika.net/XX006R01648.html;XEROX Тонер-картридж пурпурный;006R01648;
http://rashodnika.net/XX006R01649.html;XEROX Тонер-картридж желтый;006R01649;
http://rashodnika.net/xerox-006r01659.html;XEROX Тонер-картридж черный;006R01659;
http://rashodnika.net/xerox-006r01660.html;XEROX Тонер-картридж голубой;006R01660;
http://rashodnika.net/xerox-006r01661.html;XEROX Тонер-картридж пурпурный;006R01661;
http://rashodnika.net/xerox-006r01662.html;XEROX Тонер-картридж желтый;006R01662;
http://rashodnika.net/XX006R01663.html;XEROX Тонер-картридж черный;006R01663;
http://rashodnika.net/Xerox-006R01668.html;XEROX Тонер-картридж черный;006R01668;
http://rashodnika.net/xerox-006R01683.html;XEROX Тонер-картридж черный. Двойная упаковка.(100K);006R01683;
http://rashodnika.net/xerox-006r01693.html;XEROX Тонер-картридж черный;006R01693;
http://rashodnika.net/xerox-006r01694.html;XEROX Тонер-картридж голубой;006R01694;
http://rashodnika.net/xerox-006r01695.html;XEROX Тонер-картридж пурпурный;006R01695;
http://rashodnika.net/xerox-006r01696.html;XEROX Тонер-картридж желтый;006R01696;
http://rashodnika.net/xerox-006R01701-black.html;XEROX Тонер-картридж черный (26K);006R01701;
http://rashodnika.net/xerox-006R01702-cyan.html;XEROX Тонер-картридж голубой (15K);006R01702;
http://rashodnika.net/xerox-006R01703-magenta.html;XEROX Тонер-картридж пурпурный (15K);006R01703;
http://rashodnika.net/xerox-006R01704-yellow.html;XEROX Тонер-картридж желтый (15K);006R01704;
http://rashodnika.net/xerox-006R01731.html;XEROX Тонер-картридж черный ;006R01731;
http://rashodnika.net/9_1_1_175.html;XEROX Тонер-картридж черный;006R60387;
http://rashodnika.net/XX006R90070.html;XEROX Тонер черный;006R90070;
http://rashodnika.net/xerox-006r90076.html;XEROX Тонер черный;006R90076;6R90076
http://rashodnika.net/9_1_1_176.html;XEROX Тонер черный 3шт.;006R90094;
http://rashodnika.net/9_1_1_177.html;XEROX Тонер черный 2шт.;006R90099;
http://rashodnika.net/9_1_1_92.html;XEROX (6R206) Тонер черный. 3 шт.;006R90100;6R90100
http://rashodnika.net/9_1_1_179.html;XEROX Тонер-картридж черный;006R90127;
http://rashodnika.net/9_1_1_180.html;XEROX Тонер черный;006R90129;6R90129
http://rashodnika.net/9_1_1_181.html;XEROX Тонер черный 3 шт.;006R90130;
http://rashodnika.net/9_1_1_182.html;XEROX Тонер черный 3 шт.;006R90147;6R90147
http://rashodnika.net/XX006R90157.html;XEROX Тонер черный 2шт.;006R90157;6R90157
http://rashodnika.net/XX006R90159.html;XEROX (6R258) Тонер черный 2шт.;006R90159;
http://rashodnika.net/9_1_1_184.html;XEROX Тонер-картридж черный;006R90161;
http://rashodnika.net/9_1_1_185.html;XEROX Тонер черный;006R90162;
http://rashodnika.net/9_1_1_186.html;XEROX Тонер черный;006R90166;
http://rashodnika.net/9_1_1_187.html;XEROX Тонер-картридж черный;006R90168;
http://rashodnika.net/9_1_1_188.html;XEROX Тонер черный;006R90169;
http://rashodnika.net/9_1_1_189.html;XEROX Тонер-картридж черный;006R90170;
http://rashodnika.net/XX006R00379.html;XEROX (6R379) Тонер-картридж черный. 2 шт.;006R90177;
http://rashodnika.net/9_1_1_190.html;XEROX Тонер черный;006R90182;
http://rashodnika.net/9_1_1_191.html;XEROX Тонер красный;006R90183;
